Recency,Frequency,Monetary,R_Score,F_Score,M_Score,RFM_Score,Segment,Cluster,DBSCAN_Cluster
326,12,77556.46,2,5,5,255,At Risk,0,-1
2,8,4921.53,5,4,5,545,Loyal Customers,0,0
75,5,2019.4,3,4,4,344,Regular Customers,0,0
19,4,4428.69,5,3,5,535,Potential Loyalist,0,0
310,1,334.4,2,1,2,212,At Risk,1,0
375,1,300.93,2,1,2,212,At Risk,1,0
36,10,2849.84,4,5,4,454,Loyal Customers,0,0
204,2,406.76,2,2,2,222,At Risk,0,0
232,1,1079.4,2,1,3,213,At Risk,0,0
214,2,947.61,2,2,3,223,At Risk,0,0
23,6,6371.73,4,4,5,445,Loyal Customers,0,0
33,3,18287.66,4,3,5,435,Potential Loyalist,0,0
2,5,3887.07,5,4,5,545,Loyal Customers,0,0
58,10,8873.39,4,5,5,455,Loyal Customers,0,0
52,8,4252.89,4,4,5,445,Loyal Customers,0,0
287,4,511.25,2,3,2,232,At Risk,1,0
3,11,5356.23,5,5,5,555,Champions,0,0
110,2,552.0,3,2,2,322,Regular Customers,0,0
8,4,1313.1,5,3,4,534,Potential Loyalist,0,0
291,2,641.38,2,2,3,223,At Risk,1,0
634,1,500.24,1,1,2,112,At Risk,1,0
4,1,168.9,5,1,1,511,Potential Loyalist,0,0
628,1,917.6999999999999,1,1,3,113,At Risk,1,0
413,3,1791.15,1,3,4,134,At Risk,1,0
51,7,4316.56,4,4,5,445,Loyal Customers,0,0
45,5,4067.38,4,4,5,445,Loyal Customers,0,0
72,3,1298.04,3,3,4,334,Regular Customers,0,0
311,3,1127.65,2,3,3,233,At Risk,1,0
25,4,2989.2200000000003,4,3,5,435,Potential Loyalist,0,0
11,2,457.5,5,2,2,522,Potential Loyalist,0,0
390,2,503.15,2,2,2,222,At Risk,1,0
315,4,3426.32,2,3,5,235,At Risk,1,0
130,2,5416.32,3,2,5,325,Regular Customers,0,0
82,4,1620.22,3,3,4,334,Regular Customers,0,0
22,11,9676.300000000001,4,5,5,455,Loyal Customers,0,0
5,5,1845.31,5,4,4,544,Loyal Customers,0,0
185,5,1850.56,3,4,4,344,Regular Customers,0,0
29,2,585.27,4,2,2,422,Potential Loyalist,0,0
379,1,1938.4,2,1,4,214,At Risk,1,0
338,2,401.9,2,2,2,222,At Risk,1,0
415,1,143.94,1,1,1,111,At Risk,1,0
16,8,3901.11,5,4,5,545,Loyal Customers,0,0
403,3,1433.33,2,3,4,234,At Risk,1,0
80,1,549.84,3,1,2,312,Regular Customers,0,0
22,6,2724.84,4,4,4,444,Loyal Customers,0,0
591,1,234.75000000000003,1,1,1,111,At Risk,1,0
72,6,2399.4500000000003,3,4,4,344,Regular Customers,0,0
64,2,1272.48,3,2,4,324,Regular Customers,0,0
19,15,4721.17,5,5,5,555,Champions,0,0
674,1,931.43,1,1,3,113,At Risk,1,0
36,2,2409.9,4,2,4,424,Potential Loyalist,0,0
46,1,1635.6599999999999,4,1,4,414,Potential Loyalist,0,0
119,7,1962.3,3,4,4,344,Regular Customers,0,0
414,1,205.25,1,1,1,111,At Risk,1,0
303,1,84.3,2,1,1,211,At Risk,1,0
323,6,1256.9,2,4,4,244,At Risk,1,0
50,2,1019.36,4,2,3,423,Potential Loyalist,0,0
682,1,63.24,1,1,1,111,At Risk,1,0
149,1,1710.39,3,1,4,314,Regular Customers,0,0
22,5,6390.36,4,4,5,445,Loyal Customers,0,0
50,5,1708.1200000000001,4,4,4,444,Loyal Customers,0,0
33,8,4340.7699999999995,4,4,5,445,Loyal Customers,0,0
79,7,23419.29,3,4,5,345,Regular Customers,0,0
309,3,1013.71,2,3,3,233,At Risk,1,0
410,1,346.9,2,1,2,212,At Risk,1,0
75,6,2596.93,3,4,4,344,Regular Customers,0,0
67,4,999.45,3,3,3,333,Regular Customers,0,0
217,6,952.41,2,4,3,243,At Risk,0,0
24,28,144458.37,4,5,5,455,Loyal Customers,3,-1
657,1,202.56,1,1,1,111,At Risk,1,0
3,20,6797.41,5,5,5,555,Champions,0,0
113,4,2021.2,3,3,4,334,Regular Customers,0,0
386,2,503.01,2,2,2,222,At Risk,1,0
64,1,600.39,3,1,2,312,Regular Customers,0,0
16,6,1098.6,5,4,3,543,Loyal Customers,0,0
96,17,5231.8,3,5,5,355,Regular Customers,0,0
1,10,2622.39,5,5,4,554,Loyal Customers,0,0
163,4,3340.03,3,3,5,335,Regular Customers,0,0
78,2,1741.41,3,2,4,324,Regular Customers,0,0
195,2,1345.21,2,2,4,224,At Risk,0,0
22,3,825.8,4,3,3,433,Potential Loyalist,0,0
26,9,7956.46,4,5,5,455,Loyal Customers,0,0
9,8,6204.41,5,4,5,545,Loyal Customers,0,0
43,1,256.4,4,1,1,411,Potential Loyalist,0,0
36,27,10432.22,4,5,5,455,Loyal Customers,0,0
43,5,5059.32,4,4,5,445,Loyal Customers,0,0
1,10,16794.14,5,5,5,555,Champions,0,0
85,3,1103.43,3,3,3,333,Regular Customers,0,0
80,6,13925.93,3,4,5,345,Regular Customers,0,0
100,1,509.01,3,1,2,312,Regular Customers,0,0
2,39,12683.4,5,5,5,555,Champions,0,0
14,2,2906.85,5,2,4,524,Potential Loyalist,0,0
683,2,1142.88,1,2,3,123,At Risk,1,0
462,2,859.2,1,2,3,123,At Risk,1,0
367,1,173.55,2,1,1,211,At Risk,1,0
3,1,172.06,5,1,1,511,Potential Loyalist,0,0
732,1,485.31,1,1,2,112,At Risk,1,0
21,5,5005.46,4,4,5,445,Loyal Customers,0,0
22,2,434.98,4,2,2,422,Potential Loyalist,0,0
58,1,1002.3100000000001,4,1,3,413,Potential Loyalist,0,0
243,1,476.49,2,1,2,212,At Risk,0,0
44,1,449.45,4,1,2,412,Potential Loyalist,0,0
22,6,4835.89,4,4,5,445,Loyal Customers,0,0
156,5,688.2,3,4,3,343,Regular Customers,0,0
11,8,12669.88,5,4,5,545,Loyal Customers,0,0
17,2,430.57,5,2,2,522,Potential Loyalist,0,0
134,1,707.09,3,1,3,313,Regular Customers,0,0
56,5,16679.78,4,4,5,445,Loyal Customers,0,0
73,10,5879.95,3,5,5,355,Regular Customers,0,0
44,3,3181.04,4,3,5,435,Potential Loyalist,0,0
66,8,2995.91,3,4,5,345,Regular Customers,0,0
71,4,1777.49,3,3,4,334,Regular Customers,0,0
605,1,454.36,1,1,2,112,At Risk,1,0
456,1,326.65,1,1,2,112,At Risk,1,0
94,2,826.88,3,2,3,323,Regular Customers,0,0
19,2,1189.59,5,2,3,523,Potential Loyalist,0,0
53,4,1344.78,4,3,4,434,Potential Loyalist,0,0
10,8,1212.05,5,4,3,543,Loyal Customers,0,0
17,2,742.1899999999999,5,2,3,523,Potential Loyalist,0,0
682,1,56.73,1,1,1,111,At Risk,1,0
423,1,132.8,1,1,1,111,At Risk,1,0
188,5,3670.74,3,4,5,345,Regular Customers,0,0
523,2,3070.54,1,2,5,125,At Risk,1,0
690,1,211.95,1,1,1,111,At Risk,1,0
2,79,39918.19,5,5,5,555,Champions,3,-1
32,19,16249.289999999999,4,5,5,455,Loyal Customers,0,0
29,5,3928.0499999999997,4,4,5,445,Loyal Customers,0,0
17,31,12372.75,5,5,5,555,Champions,0,0
54,2,1149.64,4,2,3,423,Potential Loyalist,0,0
16,23,14083.91,5,5,5,555,Champions,0,0
23,9,20276.37,4,5,5,455,Loyal Customers,0,0
4,1,680.99,5,1,3,513,Potential Loyalist,0,0
11,1,527.2,5,1,2,512,Potential Loyalist,0,0
28,7,5464.85,4,4,5,445,Loyal Customers,0,0
23,15,12185.51,4,5,5,455,Loyal Customers,0,0
576,29,23691.4,1,5,5,155,At Risk,1,-1
17,19,5097.18,5,5,5,555,Champions,0,0
33,12,6354.1,4,5,5,455,Loyal Customers,0,0
529,1,708.1,1,1,3,113,At Risk,1,0
432,1,1037.28,1,1,3,113,At Risk,1,0
731,1,285.29999999999995,1,1,1,111,At Risk,1,0
10,3,1298.66,5,3,4,534,Potential Loyalist,0,0
336,1,334.93,2,1,2,212,At Risk,1,0
5,21,9823.64,5,5,5,555,Champions,0,0
39,1,460.40000000000003,4,1,2,412,Potential Loyalist,0,0
63,3,715.21,3,3,3,333,Regular Customers,0,0
166,2,433.74,3,2,2,322,Regular Customers,0,0
16,9,1815.27,5,5,4,554,Loyal Customers,0,0
641,1,357.4,1,1,2,112,At Risk,1,0
620,2,45.34,1,2,1,121,At Risk,1,0
82,3,6248.5,3,3,5,335,Regular Customers,0,0
21,3,403.70000000000005,4,3,2,432,Potential Loyalist,0,0
560,1,393.72,1,1,2,112,At Risk,1,0
23,19,5955.21,4,5,5,455,Loyal Customers,0,0
337,1,2169.39,2,1,4,214,At Risk,1,0
96,5,3723.87,3,4,5,345,Regular Customers,0,0
584,1,1126.0,1,1,3,113,At Risk,1,0
18,4,779.05,5,3,3,533,Potential Loyalist,0,0
409,1,955.2,2,1,3,213,At Risk,1,0
233,1,73.5,2,1,1,211,At Risk,0,0
134,4,1844.06,3,3,4,334,Regular Customers,0,0
26,2,397.88,4,2,2,422,Potential Loyalist,0,0
284,1,176.5,2,1,1,211,At Risk,1,0
143,9,5178.02,3,5,5,355,Regular Customers,0,0
429,1,3084.02,1,1,5,115,At Risk,1,0
66,2,132.18,3,2,1,321,Regular Customers,0,0
113,1,612.29,3,1,3,313,Regular Customers,0,0
267,2,1597.76,2,2,4,224,At Risk,1,0
353,1,383.7,2,1,2,212,At Risk,1,0
78,4,2648.62,3,3,4,334,Regular Customers,0,0
28,5,2481.6,4,4,4,444,Loyal Customers,0,0
1,5,2056.89,5,4,4,544,Loyal Customers,0,0
64,2,716.54,3,2,3,323,Regular Customers,0,0
79,5,2634.26,3,4,4,344,Regular Customers,0,0
143,1,599.68,3,1,2,312,Regular Customers,0,0
39,2,192.72,4,2,1,421,Potential Loyalist,0,0
19,23,4352.35,5,5,5,555,Champions,0,0
9,17,11126.11,5,5,5,555,Champions,0,0
498,3,973.73,1,3,3,133,At Risk,1,0
1,3,1316.66,5,3,4,534,Potential Loyalist,0,0
82,5,735.51,3,4,3,343,Regular Customers,0,0
9,6,1933.48,5,4,4,544,Loyal Customers,0,0
528,1,316.48,1,1,2,112,At Risk,1,0
60,9,3759.26,3,5,5,355,Regular Customers,0,0
15,2,1933.2,5,2,4,524,Potential Loyalist,0,0
30,1,349.83000000000004,4,1,2,412,Potential Loyalist,0,0
628,2,1367.89,1,2,4,124,At Risk,1,0
131,1,1089.18,3,1,3,313,Regular Customers,0,0
92,2,716.35,3,2,3,323,Regular Customers,0,0
43,3,12601.830000000002,4,3,5,435,Potential Loyalist,0,0
409,1,732.94,2,1,3,213,At Risk,1,0
29,2,640.45,4,2,3,423,Potential Loyalist,0,0
22,7,11214.75,4,4,5,445,Loyal Customers,0,0
20,33,22254.49,4,5,5,455,Loyal Customers,0,0
30,3,981.18,4,3,3,433,Potential Loyalist,0,0
484,2,481.88,1,2,2,122,At Risk,1,0
448,1,980.25,1,1,3,113,At Risk,1,0
36,1,372.7,4,1,2,412,Potential Loyalist,0,0
75,2,1000.39,3,2,3,323,Regular Customers,0,0
47,2,1161.5,4,2,3,423,Potential Loyalist,0,0
198,3,383.58,2,3,2,232,At Risk,0,0
166,1,95.19999999999999,3,1,1,311,Regular Customers,0,0
576,6,1575.68,1,4,4,144,At Risk,1,0
79,1,964.83,3,1,3,313,Regular Customers,0,0
358,1,168.0,2,1,1,211,At Risk,1,0
39,2,437.82,4,2,2,422,Potential Loyalist,0,0
8,12,4608.75,5,5,5,555,Champions,0,0
449,1,468.5,1,1,2,112,At Risk,1,0
682,1,129.23,1,1,1,111,At Risk,1,0
50,2,599.56,4,2,2,422,Potential Loyalist,0,0
16,8,18096.14,5,4,5,545,Loyal Customers,0,0
8,1,269.96,5,1,1,511,Potential Loyalist,0,0
311,2,561.71,2,2,2,222,At Risk,1,0
5,3,2134.01,5,3,4,534,Potential Loyalist,0,0
303,1,238.85,2,1,1,211,At Risk,1,0
8,9,4966.92,5,5,5,555,Champions,0,0
409,1,249.24,2,1,1,211,At Risk,1,0
261,1,456.9,2,1,2,212,At Risk,1,0
289,1,145.92,2,1,1,211,At Risk,1,0
86,1,351.65,3,1,2,312,Regular Customers,0,0
23,15,11767.48,4,5,5,455,Loyal Customers,0,0
645,1,70.0,1,1,1,111,At Risk,1,0
2,32,4124.69,5,5,5,555,Champions,0,0
682,1,77.52,1,1,1,111,At Risk,1,0
40,2,519.61,4,2,2,422,Potential Loyalist,0,0
9,2,1020.42,5,2,3,523,Potential Loyalist,0,0
227,5,717.41,2,4,3,243,At Risk,0,0
316,1,218.45,2,1,1,211,At Risk,1,0
457,2,622.8199999999999,1,2,3,123,At Risk,1,0
36,8,2142.72,4,4,4,444,Loyal Customers,0,0
35,8,1617.1,4,4,4,444,Loyal Customers,0,0
21,4,4642.45,4,3,5,435,Potential Loyalist,0,0
78,1,440.42,3,1,2,312,Regular Customers,0,0
247,2,1052.9,2,2,3,223,At Risk,0,0
40,1,197.71,4,1,1,411,Potential Loyalist,0,0
239,4,1980.4,2,3,4,234,At Risk,0,0
3,27,13591.58,5,5,5,555,Champions,0,0
4,9,2338.15,5,5,4,554,Loyal Customers,0,0
234,2,2040.1,2,2,4,224,At Risk,0,0
17,4,2062.67,5,3,4,534,Potential Loyalist,0,0
8,1,144.0,5,1,1,511,Potential Loyalist,0,0
39,4,958.78,4,3,3,433,Potential Loyalist,0,0
29,8,4695.66,4,4,5,445,Loyal Customers,0,0
211,2,9864.26,2,2,5,225,At Risk,0,0
317,3,1338.95,2,3,4,234,At Risk,1,0
92,5,2582.66,3,4,4,344,Regular Customers,0,0
109,3,418.09999999999997,3,3,2,332,Regular Customers,0,0
38,15,5090.110000000001,4,5,5,455,Loyal Customers,0,0
505,1,299.02,1,1,2,112,At Risk,1,0
51,2,618.27,4,2,3,423,Potential Loyalist,0,0
19,4,3811.22,5,3,5,535,Potential Loyalist,0,0
10,11,4534.09,5,5,5,555,Champions,0,0
29,13,2296.72,4,5,4,454,Loyal Customers,0,0
29,21,4967.42,4,5,5,455,Loyal Customers,0,0
190,6,681.26,2,4,3,243,At Risk,0,0
59,1,153.12,4,1,1,411,Potential Loyalist,0,0
22,1,739.1999999999999,4,1,3,413,Potential Loyalist,0,0
79,2,254.18,3,2,1,321,Regular Customers,0,0
376,4,1232.95,2,3,4,234,At Risk,1,0
682,1,21.0,1,1,1,111,At Risk,1,0
60,1,1579.51,3,1,4,314,Regular Customers,0,0
405,1,415.79,2,1,2,212,At Risk,1,0
78,9,3435.86,3,5,5,355,Regular Customers,0,0
23,5,2099.54,4,4,4,444,Loyal Customers,0,0
52,1,1193.32,4,1,3,413,Potential Loyalist,0,0
74,1,704.0400000000001,3,1,3,313,Regular Customers,0,0
57,10,6817.37,4,5,5,455,Loyal Customers,0,0
278,1,315.6,2,1,2,212,At Risk,1,0
2,8,5740.98,5,4,5,545,Loyal Customers,0,0
95,3,1131.1,3,3,3,333,Regular Customers,0,0
29,1,352.98,4,1,2,412,Potential Loyalist,0,0
22,1,177.31,4,1,1,411,Potential Loyalist,0,0
16,10,3781.38,5,5,5,555,Champions,0,0
15,3,1339.41,5,3,4,534,Potential Loyalist,0,0
2,35,24311.2,5,5,5,555,Champions,0,0
232,1,180.1,2,1,1,211,At Risk,0,0
276,7,3747.84,2,4,5,245,At Risk,1,0
106,2,641.13,3,2,3,323,Regular Customers,0,0
212,4,5164.88,2,3,5,235,At Risk,0,0
23,9,6620.48,4,5,5,455,Loyal Customers,0,0
11,7,4478.53,5,4,5,545,Loyal Customers,0,0
4,3,786.46,5,3,3,533,Potential Loyalist,0,0
386,2,1558.22,2,2,4,224,At Risk,1,0
10,2,1270.88,5,2,4,524,Potential Loyalist,0,0
57,6,3481.57,4,4,5,445,Loyal Customers,0,0
521,2,804.88,1,2,3,123,At Risk,1,0
59,7,5678.16,4,4,5,445,Loyal Customers,0,0
536,2,490.0,1,2,2,122,At Risk,1,0
90,4,2930.41,3,3,5,335,Regular Customers,0,0
739,1,141.0,1,1,1,111,At Risk,1,0
67,12,8283.81,3,5,5,355,Regular Customers,0,0
33,2,921.49,4,2,3,423,Potential Loyalist,0,0
239,3,1312.37,2,3,4,234,At Risk,0,0
24,3,1174.58,4,3,3,433,Potential Loyalist,0,0
115,1,185.9,3,1,1,311,Regular Customers,0,0
25,3,1013.26,4,3,3,433,Potential Loyalist,0,0
128,12,8304.82,3,5,5,355,Regular Customers,0,0
130,4,1918.49,3,3,4,334,Regular Customers,0,0
34,8,3539.3,4,4,5,445,Loyal Customers,0,0
5,2,1346.97,5,2,4,524,Potential Loyalist,0,0
22,36,16955.55,4,5,5,455,Loyal Customers,0,0
155,4,1112.0,3,3,3,333,Regular Customers,0,0
107,8,2294.65,3,4,4,344,Regular Customers,0,0
3,1,314.44,5,1,2,512,Potential Loyalist,0,0
335,4,377.75,2,3,2,232,At Risk,1,0
331,2,1017.03,2,2,3,223,At Risk,1,0
149,3,4160.83,3,3,5,335,Regular Customers,0,0
11,5,601.98,5,4,2,542,Loyal Customers,0,0
424,1,261.35,1,1,1,111,At Risk,1,0
17,8,6407.83,5,4,5,545,Loyal Customers,0,0
11,4,1643.18,5,3,4,534,Potential Loyalist,0,0
19,1,686.05,5,1,3,513,Potential Loyalist,0,0
30,1,91.68,4,1,1,411,Potential Loyalist,0,0
11,1,245.1,5,1,1,511,Potential Loyalist,0,0
436,1,162.0,1,1,1,111,At Risk,1,0
1,20,6726.54,5,5,5,555,Champions,0,0
625,2,239.4,1,2,1,121,At Risk,1,0
8,11,6070.04,5,5,5,555,Champions,0,0
325,3,313.6,2,3,2,232,At Risk,1,0
394,1,1248.42,2,1,4,214,At Risk,1,0
58,1,620.13,4,1,3,413,Potential Loyalist,0,0
12,10,11383.03,5,5,5,555,Champions,0,0
151,3,2744.0299999999997,3,3,4,334,Regular Customers,0,0
10,7,3760.29,5,4,5,545,Loyal Customers,0,0
606,1,2622.481,1,1,4,114,At Risk,1,0
330,2,437.05,2,2,2,222,At Risk,1,0
5,3,1230.02,5,3,4,534,Potential Loyalist,0,0
39,4,1970.6,4,3,4,434,Potential Loyalist,0,0
554,2,957.25,1,2,3,123,At Risk,1,0
25,11,2843.09,4,5,4,454,Loyal Customers,0,0
555,2,395.1,1,2,2,122,At Risk,1,0
42,21,34281.18,4,5,5,455,Loyal Customers,0,0
59,4,1113.02,4,3,3,433,Potential Loyalist,0,0
1,4,880.81,5,3,3,533,Potential Loyalist,0,0
15,45,29834.76,5,5,5,555,Champions,0,0
4,52,22950.22,5,5,5,555,Champions,0,0
4,21,11633.7,5,5,5,555,Champions,0,0
8,7,2283.63,5,4,4,544,Loyal Customers,0,0
28,6,2863.08,4,4,4,444,Loyal Customers,0,0
372,1,89.14,2,1,1,211,At Risk,1,0
481,2,2138.91,1,2,4,124,At Risk,1,0
114,1,4873.8099999999995,3,1,5,315,Regular Customers,0,0
26,2,1247.61,4,2,4,424,Potential Loyalist,0,0
206,1,389.01,2,1,2,212,At Risk,0,0
28,7,1170.4,4,4,3,443,Loyal Customers,0,0
637,1,110.95,1,1,1,111,At Risk,1,0
127,7,1703.02,3,4,4,344,Regular Customers,0,0
70,3,1843.35,3,3,4,334,Regular Customers,0,0
7,7,1407.1200000000001,5,4,4,544,Loyal Customers,0,0
435,2,851.91,1,2,3,123,At Risk,1,0
29,3,957.59,4,3,3,433,Potential Loyalist,0,0
590,1,339.75,1,1,2,112,At Risk,1,0
418,1,638.11,1,1,3,113,At Risk,1,0
8,4,4939.99,5,3,5,535,Potential Loyalist,0,0
80,6,2446.41,3,4,4,344,Regular Customers,0,0
20,1,219.0,4,1,1,411,Potential Loyalist,0,0
71,4,1006.53,3,3,3,333,Regular Customers,0,0
7,8,2340.84,5,4,4,544,Loyal Customers,0,0
15,14,11762.1,5,5,5,555,Champions,0,0
292,1,603.42,2,1,2,212,At Risk,1,0
30,18,5117.66,4,5,5,455,Loyal Customers,0,0
15,34,30291.76,5,5,5,555,Champions,0,0
97,3,1149.02,3,3,3,333,Regular Customers,0,0
612,2,1339.05,1,2,4,124,At Risk,1,0
29,21,6723.03,4,5,5,455,Loyal Customers,0,0
1,1,848.55,5,1,3,513,Potential Loyalist,0,0
9,12,14093.71,5,5,5,555,Champions,0,0
106,1,343.36,3,1,2,312,Regular Customers,0,0
4,2,1053.49,5,2,3,523,Potential Loyalist,0,0
151,3,1308.91,3,3,4,334,Regular Customers,0,0
71,1,238.25,3,1,1,311,Regular Customers,0,0
5,2,644.95,5,2,3,523,Potential Loyalist,0,0
3,30,7787.28,5,5,5,555,Champions,0,0
32,8,4013.08,4,4,5,445,Loyal Customers,0,0
85,4,997.63,3,3,3,333,Regular Customers,0,0
4,5,725.07,5,4,3,543,Loyal Customers,0,0
5,7,2317.52,5,4,4,544,Loyal Customers,0,0
371,4,2266.76,2,3,4,234,At Risk,1,0
28,11,4014.6,4,5,5,455,Loyal Customers,0,0
11,10,5679.53,5,5,5,555,Champions,0,0
71,5,1070.17,3,4,3,343,Regular Customers,0,0
114,1,453.01,3,1,2,312,Regular Customers,0,0
522,1,829.25,1,1,3,113,At Risk,1,0
24,17,25775.71,4,5,5,455,Loyal Customers,0,0
180,1,236.26000000000002,3,1,1,311,Regular Customers,0,0
234,4,2424.87,2,3,4,234,At Risk,0,0
353,3,639.65,2,3,3,233,At Risk,1,0
315,2,779.5699999999999,2,2,3,223,At Risk,1,0
333,1,234.0,2,1,1,211,At Risk,1,0
499,2,3710.5,1,2,5,125,At Risk,1,0
372,1,155.35,2,1,1,211,At Risk,1,0
78,4,2726.73,3,3,4,334,Regular Customers,0,0
64,1,427.6,3,1,2,312,Regular Customers,0,0
529,2,406.07,1,2,2,122,At Risk,1,0
626,1,1201.52,1,1,3,113,At Risk,1,0
134,2,540.13,3,2,2,322,Regular Customers,0,0
52,11,25317.06,4,5,5,455,Loyal Customers,0,0
487,3,925.41,1,3,3,133,At Risk,1,0
541,1,254.55,1,1,1,111,At Risk,1,0
2,26,8898.48,5,5,5,555,Champions,0,0
1,336,53539.64,5,5,5,555,Champions,3,-1
4,9,6897.36,5,5,5,555,Champions,0,0
129,1,275.88,3,1,1,311,Regular Customers,0,0
445,1,268.27,1,1,1,111,At Risk,1,0
81,1,4366.78,3,1,5,315,Regular Customers,0,0
23,6,21429.39,4,4,5,445,Loyal Customers,0,0
236,3,3010.74,2,3,5,235,At Risk,0,0
281,11,5236.259999999999,2,5,5,255,At Risk,0,0
87,1,112.07999999999998,3,1,1,311,Regular Customers,0,0
16,13,7834.650000000001,5,5,5,555,Champions,0,0
117,7,9903.24,3,4,5,345,Regular Customers,0,0
52,8,5020.74,4,4,5,445,Loyal Customers,0,0
456,1,347.8,1,1,2,112,At Risk,1,0
458,2,782.95,1,2,3,123,At Risk,1,0
8,2,1898.52,5,2,4,524,Potential Loyalist,0,0
138,2,494.08,3,2,2,322,Regular Customers,0,0
317,1,1693.88,2,1,4,214,At Risk,1,0
472,6,1404.58,1,4,4,144,At Risk,1,0
4,9,8918.99,5,5,5,555,Champions,0,0
376,1,949.82,2,1,3,213,At Risk,1,0
451,1,168.69000000000003,1,1,1,111,At Risk,1,0
239,1,1143.6,2,1,3,213,At Risk,0,0
211,2,3246.45,2,2,5,225,At Risk,0,0
486,1,282.3,1,1,1,111,At Risk,1,0
60,1,892.47,3,1,3,313,Regular Customers,0,0
564,1,124.25,1,1,1,111,At Risk,1,0
536,1,98.7,1,1,1,111,At Risk,1,0
17,7,1686.12,5,4,4,544,Loyal Customers,0,0
668,1,55.5,1,1,1,111,At Risk,1,0
458,1,519.45,1,1,2,112,At Risk,1,0
20,9,1775.68,4,5,4,454,Loyal Customers,0,0
38,14,6474.11,4,5,5,455,Loyal Customers,0,0
599,1,337.4,1,1,2,112,At Risk,1,0
64,2,826.74,3,2,3,323,Regular Customers,0,0
5,11,4618.24,5,5,5,555,Champions,0,0
2,6,2225.91,5,4,4,544,Loyal Customers,0,0
9,3,1763.15,5,3,4,534,Potential Loyalist,0,0
364,3,1100.4,2,3,3,233,At Risk,1,0
610,1,728.5,1,1,3,113,At Risk,1,0
10,4,862.18,5,3,3,533,Potential Loyalist,0,0
463,4,444.9,1,3,2,132,At Risk,1,0
65,3,273.35,3,3,1,331,Regular Customers,0,0
192,2,591.85,2,2,2,222,At Risk,0,0
374,6,863.51,2,4,3,243,At Risk,1,0
257,2,827.01,2,2,3,223,At Risk,1,0
335,3,885.53,2,3,3,233,At Risk,1,0
53,2,860.41,4,2,3,423,Potential Loyalist,0,0
19,1,430.48,5,1,2,512,Potential Loyalist,0,0
628,1,381.0,1,1,2,112,At Risk,1,0
366,2,552.08,2,2,2,222,At Risk,1,0
10,4,8510.93,5,3,5,535,Potential Loyalist,0,0
529,1,219.35,1,1,1,111,At Risk,1,0
470,3,584.25,1,3,2,132,At Risk,1,0
501,1,1071.82,1,1,3,113,At Risk,1,0
187,7,2416.42,3,4,4,344,Regular Customers,0,0
393,1,1092.81,2,1,3,213,At Risk,1,0
466,2,325.37,1,2,2,122,At Risk,1,0
382,4,1434.95,2,3,4,234,At Risk,1,0
435,4,2878.96,1,3,4,134,At Risk,1,0
383,1,330.35,2,1,2,212,At Risk,1,0
37,5,776.7,4,4,3,443,Loyal Customers,0,0
178,3,1755.94,3,3,4,334,Regular Customers,0,0
535,2,534.99,1,2,2,122,At Risk,1,0
261,5,1033.9,2,4,3,243,At Risk,0,0
45,1,229.64000000000001,4,1,1,411,Potential Loyalist,0,0
502,3,1687.8,1,3,4,134,At Risk,1,0
102,1,125.92,3,1,1,311,Regular Customers,0,0
148,2,1063.46,3,2,3,323,Regular Customers,0,0
96,2,572.2,3,2,2,322,Regular Customers,0,0
281,3,690.98,2,3,3,233,At Risk,1,0
262,1,1542.08,2,1,4,214,At Risk,1,0
458,1,540.52,1,1,2,112,At Risk,1,0
3,11,2689.52,5,5,4,554,Loyal Customers,0,0
214,2,220.8,2,2,1,221,At Risk,0,0
71,2,948.88,3,2,3,323,Regular Customers,0,0
75,18,6501.5,3,5,5,355,Regular Customers,0,0
60,1,397.12,3,1,2,312,Regular Customers,0,0
521,2,518.63,1,2,2,122,At Risk,1,0
3,12,2800.75,5,5,4,554,Loyal Customers,0,0
6,3,430.15000000000003,5,3,2,532,Potential Loyalist,0,0
3,6,1018.71,5,4,3,543,Loyal Customers,0,0
337,3,385.3,2,3,2,232,At Risk,1,0
38,6,6814.64,4,4,5,445,Loyal Customers,0,0
262,3,451.11,2,3,2,232,At Risk,1,0
32,2,383.03,4,2,2,422,Potential Loyalist,0,0
145,1,417.38,3,1,2,312,Regular Customers,0,0
283,1,312.38,2,1,2,212,At Risk,1,0
428,41,5996.83,1,5,5,155,At Risk,1,-1
59,15,6559.7300000000005,4,5,5,455,Loyal Customers,0,0
173,2,662.66,3,2,3,323,Regular Customers,0,0
34,10,2975.91,4,5,5,455,Loyal Customers,0,0
3,26,9669.12,5,5,5,555,Champions,0,0
144,7,4041.97,3,4,5,345,Regular Customers,0,0
5,40,6958.2,5,5,5,555,Champions,0,0
70,4,1917.99,3,3,4,334,Regular Customers,0,0
66,30,6583.36,3,5,5,355,Regular Customers,0,0
29,4,648.6,4,3,3,433,Potential Loyalist,0,0
267,4,354.09,2,3,2,232,At Risk,1,0
682,1,15.58,1,1,1,111,At Risk,1,0
22,2,1609.0,4,2,4,424,Potential Loyalist,0,0
676,1,208.0,1,1,1,111,At Risk,1,0
31,6,3042.47,4,4,5,445,Loyal Customers,0,0
446,1,330.0,1,1,2,112,At Risk,1,0
97,2,280.76,3,2,1,321,Regular Customers,0,0
295,1,311.55,2,1,2,212,At Risk,1,0
135,11,3907.5,3,5,5,355,Regular Customers,0,0
79,7,2970.9700000000003,3,4,5,345,Regular Customers,0,0
373,4,612.84,2,3,3,233,At Risk,1,0
8,6,2170.78,5,4,4,544,Loyal Customers,0,0
211,6,3688.0,2,4,5,245,At Risk,0,0
383,1,147.27,2,1,1,211,At Risk,1,0
459,1,575.1,1,1,2,112,At Risk,1,0
693,1,54.22,1,1,1,111,At Risk,1,0
620,1,68.25,1,1,1,111,At Risk,1,0
426,2,984.62,1,2,3,123,At Risk,1,0
52,6,2792.5499999999997,4,4,4,444,Loyal Customers,0,0
138,2,299.57,3,2,2,322,Regular Customers,0,0
26,4,3323.47,4,3,5,435,Potential Loyalist,0,0
283,3,1227.35,2,3,4,234,At Risk,1,0
26,13,7829.26,4,5,5,455,Loyal Customers,0,0
186,8,2043.76,3,4,4,344,Regular Customers,0,0
682,1,337.66999999999996,1,1,2,112,At Risk,1,0
375,3,1676.95,2,3,4,234,At Risk,1,0
84,3,744.02,3,3,3,333,Regular Customers,0,0
327,12,3283.96,2,5,5,255,At Risk,1,0
282,3,2027.3,2,3,4,234,At Risk,1,0
385,2,948.42,2,2,3,223,At Risk,1,0
143,5,1356.99,3,4,4,344,Regular Customers,0,0
58,4,4081.79,4,3,5,435,Potential Loyalist,0,0
4,20,2942.14,5,5,5,555,Champions,0,0
236,2,854.99,2,2,3,223,At Risk,0,0
45,3,573.22,4,3,2,432,Potential Loyalist,0,0
382,2,640.13,2,2,3,223,At Risk,1,0
276,1,298.0,2,1,2,212,At Risk,1,0
9,2,1463.04,5,2,4,524,Potential Loyalist,0,0
25,4,703.47,4,3,3,433,Potential Loyalist,0,0
88,1,309.05,3,1,2,312,Regular Customers,0,0
63,3,1175.22,3,3,3,333,Regular Customers,0,0
68,2,1378.4,3,2,4,324,Regular Customers,0,0
384,1,222.4,2,1,1,211,At Risk,1,0
214,2,354.12,2,2,2,222,At Risk,0,0
381,4,385.46000000000004,2,3,2,232,At Risk,1,0
24,2,706.02,4,2,3,423,Potential Loyalist,0,0
186,11,840.5,3,5,3,353,Regular Customers,0,0
397,1,263.38,2,1,1,211,At Risk,1,0
31,1,176.55,4,1,1,411,Potential Loyalist,0,0
575,1,157.35,1,1,1,111,At Risk,1,0
42,2,372.8,4,2,2,422,Potential Loyalist,0,0
205,4,514.25,2,3,2,232,At Risk,0,0
464,2,296.21000000000004,1,2,2,122,At Risk,1,0
414,1,366.4,1,1,2,112,At Risk,1,0
422,1,340.33,1,1,2,112,At Risk,1,0
9,28,17654.54,5,5,5,555,Champions,0,0
265,1,138.68,2,1,1,211,At Risk,1,0
429,1,833.53,1,1,3,113,At Risk,1,0
18,2,496.06,5,2,2,522,Potential Loyalist,0,0
577,2,1018.42,1,2,3,123,At Risk,1,0
12,5,2919.81,5,4,5,545,Loyal Customers,0,0
396,2,508.91,2,2,2,222,At Risk,1,0
176,5,1776.0,3,4,4,344,Regular Customers,0,0
40,8,3103.19,4,4,5,445,Loyal Customers,0,0
23,13,5796.52,4,5,5,455,Loyal Customers,0,0
552,1,1651.72,1,1,4,114,At Risk,1,0
3,5,1662.3,5,4,4,544,Loyal Customers,0,0
5,13,6283.24,5,5,5,555,Champions,0,0
401,1,223.98,2,1,1,211,At Risk,1,0
149,4,975.1,3,3,3,333,Regular Customers,0,0
139,7,4479.73,3,4,5,345,Regular Customers,0,0
128,6,4359.2,3,4,5,345,Regular Customers,0,0
626,1,10953.5,1,1,5,115,At Risk,1,0
8,6,1335.19,5,4,4,544,Loyal Customers,0,0
17,4,486.64,5,3,2,532,Potential Loyalist,0,0
9,74,35233.24,5,5,5,555,Champions,3,-1
161,1,405.38,3,1,2,312,Regular Customers,0,0
64,3,770.42,3,3,3,333,Regular Customers,0,0
88,12,2469.4,3,5,4,354,Regular Customers,0,0
5,3,729.3299999999999,5,3,3,533,Potential Loyalist,0,0
411,4,1523.97,1,3,4,134,At Risk,1,0
395,1,197.31,2,1,1,211,At Risk,1,0
35,12,4304.89,4,5,5,455,Loyal Customers,0,0
312,1,117.85,2,1,1,211,At Risk,1,0
78,2,415.8,3,2,2,322,Regular Customers,0,0
22,57,92347.34,4,5,5,455,Loyal Customers,3,-1
539,8,1698.56,1,4,4,144,At Risk,1,0
24,8,1636.6299999999999,4,4,4,444,Loyal Customers,0,0
737,1,181.65,1,1,1,111,At Risk,1,0
2,15,4243.86,5,5,5,555,Champions,0,0
17,4,1063.9,5,3,3,533,Potential Loyalist,0,0
15,9,3097.61,5,5,5,555,Champions,0,0
26,1,114.14,4,1,1,411,Potential Loyalist,0,0
64,20,25264.8,3,5,5,355,Regular Customers,0,0
55,2,899.69,4,2,3,423,Potential Loyalist,0,0
724,1,377.49,1,1,2,112,At Risk,1,0
131,3,675.6,3,3,3,333,Regular Customers,0,0
558,2,496.5,1,2,2,122,At Risk,1,0
36,2,604.51,4,2,2,422,Potential Loyalist,0,0
288,2,900.11,2,2,3,223,At Risk,1,0
437,1,324.45,1,1,2,112,At Risk,1,0
144,6,1603.99,3,4,4,344,Regular Customers,0,0
16,9,2317.43,5,5,4,554,Loyal Customers,0,0
31,22,15526.7,4,5,5,455,Loyal Customers,0,0
2,3,1843.0,5,3,4,534,Potential Loyalist,0,0
9,15,3213.7200000000003,5,5,5,555,Champions,0,0
6,4,1387.79,5,3,4,534,Potential Loyalist,0,0
10,2,828.8100000000001,5,2,3,523,Potential Loyalist,0,0
639,1,162.45,1,1,1,111,At Risk,1,0
1,11,4757.16,5,5,5,555,Champions,0,0
306,4,521.89,2,3,2,232,At Risk,1,0
10,13,8706.97,5,5,5,555,Champions,0,0
400,2,467.34,2,2,2,222,At Risk,1,0
484,1,150.95,1,1,1,111,At Risk,1,0
414,4,1322.07,1,3,4,134,At Risk,1,0
379,1,211.99,2,1,1,211,At Risk,1,0
7,2,266.39,5,2,1,521,Potential Loyalist,0,0
8,12,3235.79,5,5,5,555,Champions,0,0
437,1,132.24,1,1,1,111,At Risk,1,0
89,1,769.8100000000001,3,1,3,313,Regular Customers,0,0
10,1,160.18,5,1,1,511,Potential Loyalist,0,0
358,3,2938.52,2,3,5,235,At Risk,1,0
112,1,135.95,3,1,1,311,Regular Customers,0,0
603,1,122.45,1,1,1,111,At Risk,1,0
7,10,1453.6,5,5,4,554,Loyal Customers,0,0
4,116,15704.6,5,5,5,555,Champions,3,-1
414,4,1161.2,1,3,3,133,At Risk,1,0
414,1,385.55,1,1,2,112,At Risk,1,0
198,2,408.95,2,2,2,222,At Risk,0,0
437,6,2100.09,1,4,4,144,At Risk,1,0
212,8,3156.38,2,4,5,245,At Risk,0,0
156,4,513.88,3,3,2,332,Regular Customers,0,0
385,5,2502.82,2,4,4,244,At Risk,1,0
729,1,517.7,1,1,2,112,At Risk,1,0
158,21,16245.78,3,5,5,355,Regular Customers,0,0
30,2,372.21999999999997,4,2,2,422,Potential Loyalist,0,0
243,8,2744.81,2,4,4,244,At Risk,0,0
598,1,490.08000000000004,1,1,2,112,At Risk,1,0
19,1,97.5,5,1,1,511,Potential Loyalist,0,0
1,2,1239.38,5,2,4,524,Potential Loyalist,0,0
429,10,2729.84,1,5,4,154,At Risk,1,0
74,5,1312.21,3,4,4,344,Regular Customers,0,0
292,1,505.82,2,1,2,212,At Risk,1,0
3,33,13551.75,5,5,5,555,Champions,0,0
31,7,955.5,4,4,3,443,Loyal Customers,0,0
23,3,764.82,4,3,3,433,Potential Loyalist,0,0
725,1,93.35000000000001,1,1,1,111,At Risk,1,0
23,8,1259.6299999999999,4,4,4,444,Loyal Customers,0,0
4,3,974.4200000000001,5,3,3,533,Potential Loyalist,0,0
85,1,211.32,3,1,1,311,Regular Customers,0,0
376,1,355.5,2,1,2,212,At Risk,1,0
22,8,2110.91,4,4,4,444,Loyal Customers,0,0
493,3,920.08,1,3,3,133,At Risk,1,0
196,3,455.88,2,3,2,232,At Risk,0,0
107,4,1032.5,3,3,3,333,Regular Customers,0,0
4,33,24042.65,5,5,5,555,Champions,0,0
318,3,414.13,2,3,2,232,At Risk,1,0
106,3,149.05,3,3,1,331,Regular Customers,0,0
12,36,11650.85,5,5,5,555,Champions,0,0
174,4,999.68,3,3,3,333,Regular Customers,0,0
56,1,81.57,4,1,1,411,Potential Loyalist,0,0
580,1,175.25,1,1,1,111,At Risk,1,0
323,3,612.13,2,3,3,233,At Risk,1,0
673,1,234.0,1,1,1,111,At Risk,1,0
374,2,330.12,2,2,2,222,At Risk,1,0
372,1,50.550000000000004,2,1,1,211,At Risk,1,0
9,11,2957.83,5,5,5,555,Champions,0,0
1,29,11097.43,5,5,5,555,Champions,0,0
11,11,5381.08,5,5,5,555,Champions,0,0
53,11,6579.78,4,5,5,455,Loyal Customers,0,0
73,3,789.89,3,3,3,333,Regular Customers,0,0
7,1,204.0,5,1,1,511,Potential Loyalist,0,0
16,35,9763.16,5,5,5,555,Champions,0,0
379,6,1229.95,2,4,4,244,At Risk,1,0
563,2,618.96,1,2,3,123,At Risk,1,0
4,17,4887.24,5,5,5,555,Champions,0,0
430,1,65.3,1,1,1,111,At Risk,1,0
64,3,1449.03,3,3,4,334,Regular Customers,0,0
471,2,555.87,1,2,2,122,At Risk,1,0
732,1,323.39,1,1,2,112,At Risk,1,0
1,9,1733.08,5,5,4,554,Loyal Customers,0,0
114,19,17239.2,3,5,5,355,Regular Customers,0,0
23,2,661.3199999999999,4,2,3,423,Potential Loyalist,0,0
31,5,1927.3,4,4,4,444,Loyal Customers,0,0
11,2,752.4399999999999,5,2,3,523,Potential Loyalist,0,0
407,5,3292.84,2,4,5,245,At Risk,1,0
52,9,2815.96,4,5,4,454,Loyal Customers,0,0
357,2,220.55,2,2,1,221,At Risk,1,0
55,3,756.82,4,3,3,433,Potential Loyalist,0,0
74,3,1364.2,3,3,4,334,Regular Customers,0,0
685,1,307.1,1,1,2,112,At Risk,1,0
138,12,3914.9500000000003,3,5,5,355,Regular Customers,0,0
80,3,908.46,3,3,3,333,Regular Customers,0,0
584,4,1010.73,1,3,3,133,At Risk,1,0
9,2,676.99,5,2,3,523,Potential Loyalist,0,0
451,4,799.13,1,3,3,133,At Risk,1,0
598,3,1488.59,1,3,4,134,At Risk,1,0
273,1,516.42,2,1,2,212,At Risk,1,0
291,11,4848.05,2,5,5,255,At Risk,1,0
99,3,808.92,3,3,3,333,Regular Customers,0,0
31,3,949.25,4,3,3,433,Potential Loyalist,0,0
32,24,8428.53,4,5,5,455,Loyal Customers,0,0
14,9,4049.13,5,5,5,555,Champions,0,0
64,4,1408.24,3,3,4,334,Regular Customers,0,0
15,35,11986.52,5,5,5,555,Champions,0,0
579,2,155.8,1,2,1,121,At Risk,1,0
212,7,3119.33,2,4,5,245,At Risk,0,0
622,1,127.65,1,1,1,111,At Risk,1,0
78,4,2321.11,3,3,4,334,Regular Customers,0,0
551,1,209.48,1,1,1,111,At Risk,1,0
530,3,709.59,1,3,3,133,At Risk,1,0
25,3,271.40000000000003,4,3,1,431,Potential Loyalist,0,0
250,10,2291.77,2,5,4,254,At Risk,0,0
254,1,307.53,2,1,2,212,At Risk,1,0
72,1,248.61,3,1,1,311,Regular Customers,0,0
191,1,346.98,2,1,2,212,At Risk,0,0
481,1,188.4,1,1,1,111,At Risk,1,0
13,6,1666.8400000000001,5,4,4,544,Loyal Customers,0,0
373,5,1055.05,2,4,3,243,At Risk,1,0
24,2,470.8,4,2,2,422,Potential Loyalist,0,0
82,3,508.51,3,3,2,332,Regular Customers,0,0
10,2,344.0,5,2,2,522,Potential Loyalist,0,0
1,38,9284.45,5,5,5,555,Champions,0,0
192,4,751.7,2,3,3,233,At Risk,0,0
612,1,129.22,1,1,1,111,At Risk,1,0
267,1,177.15,2,1,1,211,At Risk,1,0
411,2,418.08,1,2,2,122,At Risk,1,0
511,4,1378.74,1,3,4,134,At Risk,1,0
130,1,919.61,3,1,3,313,Regular Customers,0,0
458,1,135.4,1,1,1,111,At Risk,1,0
1,11,2740.65,5,5,4,554,Loyal Customers,0,0
3,57,29018.06,5,5,5,555,Champions,0,0
4,6,419.18,5,4,2,542,Loyal Customers,0,0
179,4,280.73,3,3,1,331,Regular Customers,0,0
12,28,56838.37,5,5,5,555,Champions,0,-1
126,21,7335.75,3,5,5,355,Regular Customers,0,0
4,3,395.43,5,3,2,532,Potential Loyalist,0,0
492,1,122.39999999999999,1,1,1,111,At Risk,1,0
158,8,2433.28,3,4,4,344,Regular Customers,0,0
383,1,439.33000000000004,2,1,2,212,At Risk,1,0
726,1,313.64,1,1,2,112,At Risk,1,0
417,1,236.11,1,1,1,111,At Risk,1,0
3,203,113416.91,5,5,5,555,Champions,3,-1
9,24,13091.74,5,5,5,555,Champions,0,0
28,3,2321.82,4,3,4,434,Potential Loyalist,0,0
71,12,2140.28,3,5,4,354,Regular Customers,0,0
276,55,54144.25,2,5,5,255,At Risk,3,-1
21,13,2209.44,4,5,4,454,Loyal Customers,0,0
71,1,74.39999999999999,3,1,1,311,Regular Customers,0,0
394,1,419.70000000000005,2,1,2,212,At Risk,1,0
33,28,13324.1,4,5,5,455,Loyal Customers,0,0
1,28,28882.44,5,5,5,555,Champions,0,0
99,1,207.35999999999999,3,1,1,311,Regular Customers,0,0
234,4,695.4,2,3,3,233,At Risk,0,0
1,37,11380.1,5,5,5,555,Champions,0,0
40,3,709.64,4,3,3,433,Potential Loyalist,0,0
3,9,1709.1,5,5,4,554,Loyal Customers,0,0
436,1,72.0,1,1,1,111,At Risk,1,0
133,2,603.46,3,2,2,322,Regular Customers,0,0
44,9,5253.07,4,5,5,455,Loyal Customers,0,0
373,2,748.46,2,2,3,223,At Risk,1,0
60,3,1134.03,3,3,3,333,Regular Customers,0,0
31,12,2957.4700000000003,4,5,5,455,Loyal Customers,0,0
719,1,321.88000000000005,1,1,2,112,At Risk,1,0
541,1,20.6,1,1,1,111,At Risk,1,0
1,37,18230.07,5,5,5,555,Champions,0,0
731,1,234.38,1,1,1,111,At Risk,1,0
12,10,5494.7,5,5,5,555,Champions,0,0
138,1,501.14,3,1,2,312,Regular Customers,0,0
22,18,2255.66,4,5,4,454,Loyal Customers,0,0
20,9,2415.41,4,5,4,454,Loyal Customers,0,0
669,1,134.9,1,1,1,111,At Risk,1,0
239,1,30.599999999999998,2,1,1,211,At Risk,0,0
269,1,283.73,2,1,1,211,At Risk,1,0
94,2,922.39,3,2,3,323,Regular Customers,0,0
473,2,506.75,1,2,2,122,At Risk,1,0
90,4,4641.66,3,3,5,335,Regular Customers,0,0
524,1,148.62,1,1,1,111,At Risk,1,0
5,13,3774.81,5,5,5,555,Champions,0,0
78,1,259.17,3,1,1,311,Regular Customers,0,0
631,1,263.5,1,1,1,111,At Risk,1,0
452,2,233.25,1,2,1,121,At Risk,1,0
94,1,64.0,3,1,1,311,Regular Customers,0,0
23,7,3313.77,4,4,5,445,Loyal Customers,0,0
262,1,77.3,2,1,1,211,At Risk,1,0
274,3,200.45000000000002,2,3,1,231,At Risk,1,0
86,6,2475.23,3,4,4,344,Regular Customers,0,0
197,2,3371.45,2,2,5,225,At Risk,0,0
56,13,6274.56,4,5,5,455,Loyal Customers,0,0
11,16,7586.94,5,5,5,555,Champions,0,0
22,7,1274.01,4,4,4,444,Loyal Customers,0,0
16,8,8202.98,5,4,5,545,Loyal Customers,0,0
108,5,1054.92,3,4,3,343,Regular Customers,0,0
85,17,7656.08,3,5,5,355,Regular Customers,0,0
19,1,307.09,5,1,2,512,Potential Loyalist,0,0
585,1,405.1,1,1,2,112,At Risk,1,0
333,2,135.35,2,2,1,221,At Risk,1,0
40,7,1128.52,4,4,3,443,Loyal Customers,0,0
26,1,228.91,4,1,1,411,Potential Loyalist,0,0
10,4,712.8000000000001,5,3,3,533,Potential Loyalist,0,0
29,26,8497.82,4,5,5,455,Loyal Customers,0,0
14,4,1676.06,5,3,4,534,Potential Loyalist,0,0
484,3,449.96999999999997,1,3,2,132,At Risk,1,0
296,3,2465.21,2,3,4,234,At Risk,1,0
417,7,2146.38,1,4,4,144,At Risk,1,0
6,1,486.22,5,1,2,512,Potential Loyalist,0,0
399,3,1624.84,2,3,4,234,At Risk,1,0
33,6,1370.48,4,4,4,444,Loyal Customers,0,0
385,3,1586.54,2,3,4,234,At Risk,1,0
49,9,5687.36,4,5,5,455,Loyal Customers,0,0
95,5,1508.18,3,4,4,344,Regular Customers,0,0
9,4,1429.35,5,3,4,534,Potential Loyalist,0,0
22,1,91.8,4,1,1,411,Potential Loyalist,0,0
313,2,472.13,2,2,2,222,At Risk,1,0
122,16,9275.49,3,5,5,355,Regular Customers,0,0
610,1,17.65,1,1,1,111,At Risk,1,0
569,2,372.2,1,2,2,122,At Risk,1,0
46,3,1451.16,4,3,4,434,Potential Loyalist,0,0
283,2,875.93,2,2,3,223,At Risk,1,0
19,5,1125.15,5,4,3,543,Loyal Customers,0,0
36,5,1840.73,4,4,4,444,Loyal Customers,0,0
64,3,840.08,3,3,3,333,Regular Customers,0,0
27,1,108.81,4,1,1,411,Potential Loyalist,0,0
22,3,468.41,4,3,2,432,Potential Loyalist,0,0
400,1,69.6,2,1,1,211,At Risk,1,0
4,11,2399.82,5,5,4,554,Loyal Customers,0,0
16,12,7995.36,5,5,5,555,Champions,0,0
582,2,831.45,1,2,3,123,At Risk,1,0
46,1,481.49,4,1,2,412,Potential Loyalist,0,0
65,2,512.2,3,2,2,322,Regular Customers,0,0
26,21,14059.19,4,5,5,455,Loyal Customers,0,0
619,1,572.3100000000001,1,1,2,112,At Risk,1,0
607,1,86.10000000000001,1,1,1,111,At Risk,1,0
381,1,359.69,2,1,2,212,At Risk,1,0
45,1,121.18,4,1,1,411,Potential Loyalist,0,0
8,15,7036.18,5,5,5,555,Champions,0,0
15,10,1668.95,5,5,4,554,Loyal Customers,0,0
268,1,71.4,2,1,1,211,At Risk,1,0
40,3,1575.89,4,3,4,434,Potential Loyalist,0,0
337,4,341.36,2,3,2,232,At Risk,1,0
11,1,114.60000000000001,5,1,1,511,Potential Loyalist,0,0
19,2,260.68,5,2,1,521,Potential Loyalist,0,0
544,3,570.66,1,3,2,132,At Risk,1,0
658,1,164.69,1,1,1,111,At Risk,1,0
95,6,2558.58,3,4,4,344,Regular Customers,0,0
61,1,112.08,3,1,1,311,Regular Customers,0,0
136,2,472.78,3,2,2,322,Regular Customers,0,0
414,1,136.73,1,1,1,111,At Risk,1,0
11,7,3068.84,5,4,5,545,Loyal Customers,0,0
610,1,373.01000000000005,1,1,2,112,At Risk,1,0
10,8,4974.2300000000005,5,4,5,545,Loyal Customers,0,0
4,67,15964.210000000001,5,5,5,555,Champions,0,0
19,4,870.09,5,3,3,533,Potential Loyalist,0,0
502,4,1233.06,1,3,4,134,At Risk,1,0
394,7,1580.3,2,4,4,244,At Risk,1,0
10,10,2648.25,5,5,4,554,Loyal Customers,0,0
731,1,966.6600000000001,1,1,3,113,At Risk,1,0
443,1,2803.2,1,1,4,114,At Risk,1,0
400,13,8308.19,2,5,5,255,At Risk,1,0
15,4,535.86,5,3,2,532,Potential Loyalist,0,0
59,9,1976.3,4,5,4,454,Loyal Customers,0,0
30,13,8509.51,4,5,5,455,Loyal Customers,0,0
94,1,353.48,3,1,2,312,Regular Customers,0,0
10,10,2618.77,5,5,4,554,Loyal Customers,0,0
20,3,786.83,4,3,3,433,Potential Loyalist,0,0
57,11,3851.52,4,5,5,455,Loyal Customers,0,0
418,7,3264.23,1,4,5,145,At Risk,1,0
402,1,81.6,2,1,1,211,At Risk,1,0
268,1,333.74,2,1,2,212,At Risk,1,0
122,4,666.48,3,3,3,333,Regular Customers,0,0
127,1,62.63999999999999,3,1,1,311,Regular Customers,0,0
618,1,76.23,1,1,1,111,At Risk,1,0
78,5,1336.0900000000001,3,4,4,344,Regular Customers,0,0
240,2,847.41,2,2,3,223,At Risk,0,0
577,1,88.5,1,1,1,111,At Risk,1,0
200,6,969.1200000000001,2,4,3,243,At Risk,0,0
60,2,2155.95,3,2,4,324,Regular Customers,0,0
3,16,16260.07,5,5,5,555,Champions,0,0
273,2,312.46,2,2,2,222,At Risk,1,0
202,1,257.7,2,1,1,211,At Risk,0,0
81,1,358.0,3,1,2,312,Regular Customers,0,0
226,1,160.95,2,1,1,211,At Risk,0,0
4,30,6120.01,5,5,5,555,Champions,0,0
13,7,1328.35,5,4,4,544,Loyal Customers,0,0
74,4,1176.46,3,3,3,333,Regular Customers,0,0
673,2,346.5,1,2,2,122,At Risk,1,0
212,1,1031.07,2,1,3,213,At Risk,0,0
25,2,744.85,4,2,3,423,Potential Loyalist,0,0
388,1,643.0,2,1,3,213,At Risk,1,0
17,6,1006.63,5,4,3,543,Loyal Customers,0,0
262,5,1594.69,2,4,4,244,At Risk,0,0
96,8,1475.79,3,4,4,344,Regular Customers,0,0
412,1,112.53,1,1,1,111,At Risk,1,0
112,7,699.4,3,4,3,343,Regular Customers,0,0
203,5,1220.38,2,4,3,243,At Risk,0,0
93,1,121.74000000000001,3,1,1,311,Regular Customers,0,0
51,2,989.22,4,2,3,423,Potential Loyalist,0,0
18,11,3351.75,5,5,5,555,Champions,0,0
18,4,501.12,5,3,2,532,Potential Loyalist,0,0
125,2,465.68,3,2,2,322,Regular Customers,0,0
92,9,1608.93,3,5,4,354,Regular Customers,0,0
461,2,253.09,1,2,1,121,At Risk,1,0
402,1,252.68,2,1,1,211,At Risk,1,0
394,2,399.3,2,2,2,222,At Risk,1,0
157,4,2951.11,3,3,5,335,Regular Customers,0,0
376,1,51.410000000000004,2,1,1,211,At Risk,1,0
9,3,678.76,5,3,3,533,Potential Loyalist,0,0
436,1,149.75,1,1,1,111,At Risk,1,0
12,5,1009.43,5,4,3,543,Loyal Customers,0,0
62,9,1402.54,3,5,4,354,Regular Customers,0,0
61,1,557.62,3,1,2,312,Regular Customers,0,0
269,2,944.1,2,2,3,223,At Risk,1,0
263,3,573.45,2,3,2,232,At Risk,1,0
1,39,8676.2,5,5,5,555,Champions,0,0
443,1,722.5600000000001,1,1,3,113,At Risk,1,0
53,5,2092.66,4,4,4,444,Loyal Customers,0,0
11,19,6135.04,5,5,5,555,Champions,0,0
3,36,9429.81,5,5,5,555,Champions,0,0
18,11,3174.75,5,5,5,555,Champions,0,0
1,28,8537.32,5,5,5,555,Champions,0,0
366,1,590.0,2,1,2,212,At Risk,1,0
37,1,211.49,4,1,1,411,Potential Loyalist,0,0
31,2,276.56,4,2,1,421,Potential Loyalist,0,0
113,1,138.98,3,1,1,311,Regular Customers,0,0
409,1,360.85,2,1,2,212,At Risk,1,0
384,2,238.86,2,2,1,221,At Risk,1,0
64,5,1891.91,3,4,4,344,Regular Customers,0,0
16,7,523.3,5,4,2,542,Loyal Customers,0,0
41,4,1435.85,4,3,4,434,Potential Loyalist,0,0
78,1,137.75,3,1,1,311,Regular Customers,0,0
122,7,2293.33,3,4,4,344,Regular Customers,0,0
439,1,350.85,1,1,2,112,At Risk,1,0
18,4,1313.19,5,3,4,534,Potential Loyalist,0,0
60,4,373.36,3,3,2,332,Regular Customers,0,0
331,1,201.19,2,1,1,211,At Risk,1,0
23,6,3364.59,4,4,5,445,Loyal Customers,0,0
600,1,734.91,1,1,3,113,At Risk,1,0
603,3,781.59,1,3,3,133,At Risk,1,0
443,5,927.61,1,4,3,143,At Risk,1,0
724,1,307.95,1,1,2,112,At Risk,1,0
438,1,208.63,1,1,1,111,At Risk,1,0
156,11,3270.79,3,5,5,355,Regular Customers,0,0
39,5,994.51,4,4,3,443,Loyal Customers,0,0
392,6,1192.94,2,4,3,243,At Risk,1,0
190,3,1689.53,2,3,4,234,At Risk,0,0
360,4,1101.97,2,3,3,233,At Risk,1,0
137,6,792.51,3,4,3,343,Regular Customers,0,0
8,7,4368.62,5,4,5,545,Loyal Customers,0,0
1,1,360.0,5,1,2,512,Potential Loyalist,0,0
268,3,1218.7,2,3,3,233,At Risk,1,0
169,3,1285.51,3,3,4,334,Regular Customers,0,0
104,4,618.09,3,3,3,333,Regular Customers,0,0
155,2,159.2,3,2,1,321,Regular Customers,0,0
400,1,61.72,2,1,1,211,At Risk,1,0
351,4,1217.99,2,3,3,233,At Risk,1,0
4,16,3616.41,5,5,5,555,Champions,0,0
430,1,53.65,1,1,1,111,At Risk,1,0
120,3,273.34,3,3,1,331,Regular Customers,0,0
23,4,1670.3700000000001,4,3,4,434,Potential Loyalist,0,0
7,6,1706.3700000000001,5,4,4,544,Loyal Customers,0,0
28,5,1541.2,4,4,4,444,Loyal Customers,0,0
4,2,598.57,5,2,2,522,Potential Loyalist,0,0
451,1,124.75,1,1,1,111,At Risk,1,0
22,12,3445.32,4,5,5,455,Loyal Customers,0,0
2,3,775.94,5,3,3,533,Potential Loyalist,0,0
689,1,310.26,1,1,2,112,At Risk,1,0
37,10,12940.82,4,5,5,455,Loyal Customers,0,0
66,19,6486.091,3,5,5,355,Regular Customers,0,0
1,3,640.76,5,3,3,533,Potential Loyalist,0,0
5,58,21323.22,5,5,5,555,Champions,0,0
78,6,2211.6,3,4,4,344,Regular Customers,0,0
72,2,567.36,3,2,2,322,Regular Customers,0,0
17,1,199.48000000000002,5,1,1,511,Potential Loyalist,0,0
3,5,787.85,5,4,3,543,Loyal Customers,0,0
36,18,10513.47,4,5,5,455,Loyal Customers,0,0
82,1,675.3,3,1,3,313,Regular Customers,0,0
432,1,281.76,1,1,1,111,At Risk,1,0
39,20,9134.48,4,5,5,455,Loyal Customers,0,0
316,1,1308.48,2,1,4,214,At Risk,1,0
32,8,4808.77,4,4,5,445,Loyal Customers,0,0
93,6,2796.1,3,4,4,344,Regular Customers,0,0
402,1,262.4,2,1,1,211,At Risk,1,0
14,1,350.9,5,1,2,512,Potential Loyalist,0,0
411,3,1015.74,1,3,3,133,At Risk,1,0
82,5,6201.8,3,4,5,345,Regular Customers,0,0
77,1,795.12,3,1,3,313,Regular Customers,0,0
546,1,1575.26,1,1,4,114,At Risk,1,0
158,4,2445.62,3,3,4,334,Regular Customers,0,0
201,1,860.12,2,1,3,213,At Risk,0,0
45,12,22100.56,4,5,5,455,Loyal Customers,0,0
261,1,775.85,2,1,3,213,At Risk,1,0
178,1,353.43,3,1,2,312,Regular Customers,0,0
68,3,2511.69,3,3,4,334,Regular Customers,0,0
288,1,389.5,2,1,2,212,At Risk,1,0
463,6,299.4,1,4,2,142,At Risk,1,0
70,1,341.36,3,1,2,312,Regular Customers,0,0
64,1,233.76,3,1,1,311,Regular Customers,0,0
11,1,247.32,5,1,1,511,Potential Loyalist,0,0
16,2,979.12,5,2,3,523,Potential Loyalist,0,0
66,1,373.94,3,1,2,312,Regular Customers,0,0
60,1,397.97999999999996,3,1,2,312,Regular Customers,0,0
71,1,743.53,3,1,3,313,Regular Customers,0,0
122,1,674.7,3,1,3,313,Regular Customers,0,0
80,1,768.24,3,1,3,313,Regular Customers,0,0
257,5,3805.5099999999998,2,4,5,245,At Risk,0,0
269,1,439.03,2,1,2,212,At Risk,1,0
64,2,1043.31,3,2,3,323,Regular Customers,0,0
432,4,1553.65,1,3,4,134,At Risk,1,0
472,2,1450.5,1,2,4,124,At Risk,1,0
9,7,5394.07,5,4,5,545,Loyal Customers,0,0
18,3,1723.86,5,3,4,534,Potential Loyalist,0,0
71,1,134.95999999999998,3,1,1,311,Regular Customers,0,0
34,2,2225.37,4,2,4,424,Potential Loyalist,0,0
50,1,56.160000000000004,4,1,1,411,Potential Loyalist,0,0
432,1,510.20000000000005,1,1,2,112,At Risk,1,0
257,4,1121.5,2,3,3,233,At Risk,0,0
366,1,308.28000000000003,2,1,2,212,At Risk,1,0
372,1,754.87,2,1,3,213,At Risk,1,0
505,2,2297.66,1,2,4,124,At Risk,1,0
90,1,378.64,3,1,2,312,Regular Customers,0,0
61,6,7587.1900000000005,3,4,5,345,Regular Customers,0,0
415,2,422.8,1,2,2,122,At Risk,1,0
89,2,1792.23,3,2,4,324,Regular Customers,0,0
99,3,1019.76,3,3,3,333,Regular Customers,0,0
397,2,1552.88,2,2,4,224,At Risk,1,0
26,3,572.56,4,3,2,432,Potential Loyalist,0,0
433,1,62.4,1,1,1,111,At Risk,1,0
32,12,8224.37,4,5,5,455,Loyal Customers,0,0
281,5,1387.58,2,4,4,244,At Risk,1,0
544,1,305.28000000000003,1,1,2,112,At Risk,1,0
31,11,6680.83,4,5,5,455,Loyal Customers,0,0
330,1,534.57,2,1,2,212,At Risk,1,0
414,2,835.46,1,2,3,123,At Risk,1,0
417,1,186.94,1,1,1,111,At Risk,1,0
131,3,1185.65,3,3,3,333,Regular Customers,0,0
11,3,797.96,5,3,3,533,Potential Loyalist,0,0
75,1,544.08,3,1,2,312,Regular Customers,0,0
204,1,59.8,2,1,1,211,At Risk,0,0
677,1,91.14,1,1,1,111,At Risk,1,0
584,4,1131.45,1,3,3,133,At Risk,1,0
2,19,6621.7,5,5,5,555,Champions,0,0
185,3,1180.23,3,3,3,333,Regular Customers,0,0
29,2,1360.99,4,2,4,424,Potential Loyalist,0,0
73,10,3191.87,3,5,5,355,Regular Customers,0,0
192,2,670.34,2,2,3,223,At Risk,0,0
464,3,275.4,1,3,1,131,At Risk,1,0
583,1,310.83,1,1,2,112,At Risk,1,0
127,4,1226.8500000000001,3,3,4,334,Regular Customers,0,0
18,3,229.5,5,3,1,531,Potential Loyalist,0,0
1,2,252.49,5,2,1,521,Potential Loyalist,0,0
74,6,1213.811,3,4,3,343,Regular Customers,0,0
427,2,568.92,1,2,2,122,At Risk,1,0
579,3,2244.7,1,3,4,134,At Risk,1,0
2,106,50174.782,5,5,5,555,Champions,3,-1
24,9,2201.96,4,5,4,454,Loyal Customers,0,0
107,1,213.55,3,1,1,311,Regular Customers,0,0
620,1,487.34999999999997,1,1,2,112,At Risk,1,0
640,6,429.44,1,4,2,142,At Risk,1,0
134,6,2494.14,3,4,4,344,Regular Customers,0,0
473,4,784.17,1,3,3,133,At Risk,1,0
44,3,940.8000000000001,4,3,3,433,Potential Loyalist,0,0
5,6,1669.49,5,4,4,544,Loyal Customers,0,0
12,31,11559.66,5,5,5,555,Champions,0,0
64,1,221.06,3,1,1,311,Regular Customers,0,0
150,2,159.85,3,2,1,321,Regular Customers,0,0
40,8,4058.75,4,4,5,445,Loyal Customers,0,0
64,1,2626.3,3,1,4,314,Regular Customers,0,0
429,1,217.03,1,1,1,111,At Risk,1,0
450,1,572.77,1,1,2,112,At Risk,1,0
108,5,3390.4300000000003,3,4,5,345,Regular Customers,0,0
1,22,8167.38,5,5,5,555,Champions,0,0
19,6,1006.53,5,4,3,543,Loyal Customers,0,0
10,3,478.54,5,3,2,532,Potential Loyalist,0,0
11,4,1006.8,5,3,3,533,Potential Loyalist,0,0
19,2,679.45,5,2,3,523,Potential Loyalist,0,0
67,8,3316.24,3,4,5,345,Regular Customers,0,0
571,2,439.1,1,2,2,122,At Risk,1,0
501,4,658.3199999999999,1,3,3,133,At Risk,1,0
74,5,1666.8600000000001,3,4,4,344,Regular Customers,0,0
5,9,4447.33,5,5,5,555,Champions,0,0
2,1,196.89,5,1,1,511,Potential Loyalist,0,0
14,7,3408.06,5,4,5,545,Loyal Customers,0,0
547,1,46.5,1,1,1,111,At Risk,1,0
255,3,986.61,2,3,3,233,At Risk,0,0
423,7,1295.25,1,4,4,144,At Risk,1,0
92,2,720.9,3,2,3,323,Regular Customers,0,0
667,3,419.87,1,3,2,132,At Risk,1,0
449,6,1273.16,1,4,4,144,At Risk,1,0
374,2,619.08,2,2,3,223,At Risk,1,0
626,1,241.89999999999998,1,1,1,111,At Risk,1,0
430,11,3881.89,1,5,5,155,At Risk,1,0
23,3,1129.14,4,3,3,433,Potential Loyalist,0,0
17,13,8745.93,5,5,5,555,Champions,0,0
24,1,291.88,4,1,2,412,Potential Loyalist,0,0
27,13,4120.04,4,5,5,455,Loyal Customers,0,0
26,11,7090.06,4,5,5,455,Loyal Customers,0,0
259,3,729.8,2,3,3,233,At Risk,1,0
166,3,781.6899999999999,3,3,3,333,Regular Customers,0,0
641,1,219.87,1,1,1,111,At Risk,1,0
25,6,2212.9900000000002,4,4,4,444,Loyal Customers,0,0
18,6,1766.72,5,4,4,544,Loyal Customers,0,0
689,2,148.22,1,2,1,121,At Risk,1,0
7,16,11959.27,5,5,5,555,Champions,0,0
625,2,1160.4099999999999,1,2,3,123,At Risk,1,0
29,2,183.44,4,2,1,421,Potential Loyalist,0,0
39,6,4160.0,4,4,5,445,Loyal Customers,0,0
253,5,1153.85,2,4,3,243,At Risk,0,0
58,6,3097.64,4,4,5,445,Loyal Customers,0,0
446,2,931.12,1,2,3,123,At Risk,1,0
184,5,1013.35,3,4,3,343,Regular Customers,0,0
11,2,1071.91,5,2,3,523,Potential Loyalist,0,0
2,72,12793.28,5,5,5,555,Champions,3,-1
653,1,82.4,1,1,1,111,At Risk,1,0
99,2,165.0,3,2,1,321,Regular Customers,0,0
1,4,2501.84,5,3,4,534,Potential Loyalist,0,0
464,2,592.24,1,2,2,122,At Risk,1,0
61,8,2657.7599999999998,3,4,4,344,Regular Customers,0,0
236,3,646.59,2,3,3,233,At Risk,0,0
191,4,1431.78,2,3,4,234,At Risk,0,0
179,5,2061.4700000000003,3,4,4,344,Regular Customers,0,0
38,11,2819.17,4,5,4,454,Loyal Customers,0,0
469,5,2215.78,1,4,4,144,At Risk,1,0
201,4,851.37,2,3,3,233,At Risk,0,0
417,2,627.82,1,2,3,123,At Risk,1,0
46,11,3830.84,4,5,5,455,Loyal Customers,0,0
232,2,336.09,2,2,2,222,At Risk,0,0
66,1,140.34,3,1,1,311,Regular Customers,0,0
241,3,790.72,2,3,3,233,At Risk,0,0
233,11,3019.2200000000003,2,5,5,255,At Risk,0,0
78,3,1122.41,3,3,3,333,Regular Customers,0,0
58,5,846.87,4,4,3,443,Loyal Customers,0,0
17,23,14205.96,5,5,5,555,Champions,0,0
105,4,449.52,3,3,2,332,Regular Customers,0,0
654,1,154.25,1,1,1,111,At Risk,1,0
52,27,4467.66,4,5,5,455,Loyal Customers,0,0
136,3,1269.84,3,3,4,334,Regular Customers,0,0
275,2,618.63,2,2,3,223,At Risk,1,0
312,1,316.26000000000005,2,1,2,212,At Risk,1,0
8,10,4863.31,5,5,5,555,Champions,0,0
11,2,653.33,5,2,3,523,Potential Loyalist,0,0
283,6,1166.83,2,4,3,243,At Risk,1,0
730,1,327.38,1,1,2,112,At Risk,1,0
18,5,1159.11,5,4,3,543,Loyal Customers,0,0
23,4,1466.3,4,3,4,434,Potential Loyalist,0,0
288,3,2885.11,2,3,4,234,At Risk,1,0
17,5,780.5,5,4,3,543,Loyal Customers,0,0
71,6,1859.24,3,4,4,344,Regular Customers,0,0
64,1,295.93,3,1,2,312,Regular Customers,0,0
73,4,4393.63,3,3,5,335,Regular Customers,0,0
316,5,1338.08,2,4,4,244,At Risk,1,0
3,4,2479.16,5,3,4,534,Potential Loyalist,0,0
244,2,287.05,2,2,2,222,At Risk,0,0
9,8,1114.72,5,4,3,543,Loyal Customers,0,0
1,11,4558.29,5,5,5,555,Champions,0,0
677,1,282.76,1,1,1,111,At Risk,1,0
261,4,713.39,2,3,3,233,At Risk,0,0
127,3,824.59,3,3,3,333,Regular Customers,0,0
74,4,815.9000000000001,3,3,3,333,Regular Customers,0,0
73,6,1265.82,3,4,4,344,Regular Customers,0,0
21,4,1685.26,4,3,4,434,Potential Loyalist,0,0
60,3,2128.42,3,3,4,334,Regular Customers,0,0
86,1,627.16,3,1,3,313,Regular Customers,0,0
78,2,343.21,3,2,2,322,Regular Customers,0,0
59,11,6606.0,4,5,5,455,Loyal Customers,0,0
1,3,1071.73,5,3,3,533,Potential Loyalist,0,0
30,1,125.80000000000001,4,1,1,411,Potential Loyalist,0,0
33,6,4534.57,4,4,5,445,Loyal Customers,0,0
41,5,680.1800000000001,4,4,3,443,Loyal Customers,0,0
15,2,628.78,5,2,3,523,Potential Loyalist,0,0
738,2,1182.0,1,2,3,123,At Risk,1,0
34,12,4541.29,4,5,5,455,Loyal Customers,0,0
79,2,307.76,3,2,2,322,Regular Customers,0,0
634,1,402.97999999999996,1,1,2,112,At Risk,1,0
205,6,1433.07,2,4,4,244,At Risk,0,0
34,1,210.31,4,1,1,411,Potential Loyalist,0,0
183,3,269.09,3,3,1,331,Regular Customers,0,0
2,35,7720.9,5,5,5,555,Champions,0,0
403,1,89.5,2,1,1,211,At Risk,1,0
1,7,3444.39,5,4,5,545,Loyal Customers,0,0
426,2,717.85,1,2,3,123,At Risk,1,0
43,12,3103.13,4,5,5,455,Loyal Customers,0,0
86,7,1569.3600000000001,3,4,4,344,Regular Customers,0,0
467,3,632.39,1,3,3,133,At Risk,1,0
427,2,785.25,1,2,3,123,At Risk,1,0
377,17,3959.4900000000002,2,5,5,255,At Risk,1,0
634,2,1439.6100000000001,1,2,4,124,At Risk,1,0
40,6,790.2,4,4,3,443,Loyal Customers,0,0
391,2,364.93,2,2,2,222,At Risk,1,0
12,5,1086.24,5,4,3,543,Loyal Customers,0,0
408,1,167.08,2,1,1,211,At Risk,1,0
96,3,901.44,3,3,3,333,Regular Customers,0,0
26,8,1005.8,4,4,3,443,Loyal Customers,0,0
383,1,342.55,2,1,2,212,At Risk,1,0
319,2,244.2,2,2,1,221,At Risk,1,0
66,22,6948.92,3,5,5,355,Regular Customers,0,0
675,1,499.6,1,1,2,112,At Risk,1,0
380,7,1629.35,2,4,4,244,At Risk,1,0
74,13,8891.84,3,5,5,355,Regular Customers,0,0
429,2,200.82,1,2,1,121,At Risk,1,0
28,13,3032.26,4,5,5,455,Loyal Customers,0,0
6,4,594.52,5,3,2,532,Potential Loyalist,0,0
513,2,990.0,1,2,3,123,At Risk,1,0
7,1,171.42000000000002,5,1,1,511,Potential Loyalist,0,0
216,11,1803.4,2,5,4,254,At Risk,0,0
82,8,4838.18,3,4,5,345,Regular Customers,0,0
84,2,777.53,3,2,3,323,Regular Customers,0,0
144,37,16498.97,3,5,5,355,Regular Customers,0,0
19,3,414.8,5,3,2,532,Potential Loyalist,0,0
41,5,1688.6,4,4,4,444,Loyal Customers,0,0
428,4,1079.29,1,3,3,133,At Risk,1,0
173,1,187.05,3,1,1,311,Regular Customers,0,0
17,4,726.54,5,3,3,533,Potential Loyalist,0,0
243,1,239.49,2,1,1,211,At Risk,0,0
13,26,4537.26,5,5,5,555,Champions,0,0
206,1,1384.25,2,1,4,214,At Risk,0,0
50,6,904.52,4,4,3,443,Loyal Customers,0,0
411,1,404.45,1,1,2,112,At Risk,1,0
23,5,732.0699999999999,4,4,3,443,Loyal Customers,0,0
10,28,11202.59,5,5,5,555,Champions,0,0
25,11,3489.28,4,5,5,455,Loyal Customers,0,0
409,1,147.66,2,1,1,211,At Risk,1,0
15,5,1374.34,5,4,4,544,Loyal Customers,0,0
406,1,107.75,2,1,1,211,At Risk,1,0
309,2,280.53000000000003,2,2,1,221,At Risk,1,0
390,2,241.68,2,2,1,221,At Risk,1,0
156,2,1445.031,3,2,4,324,Regular Customers,0,0
307,3,385.7,2,3,2,232,At Risk,1,0
531,3,684.54,1,3,3,133,At Risk,1,0
541,1,127.28,1,1,1,111,At Risk,1,0
64,4,1673.5,3,3,4,334,Regular Customers,0,0
16,9,2478.95,5,5,4,554,Loyal Customers,0,0
15,6,1120.74,5,4,3,543,Loyal Customers,0,0
11,18,6336.04,5,5,5,555,Champions,0,0
65,7,2093.94,3,4,4,344,Regular Customers,0,0
36,4,247.95999999999998,4,3,1,431,Potential Loyalist,0,0
108,14,5493.29,3,5,5,355,Regular Customers,0,0
53,2,533.32,4,2,2,422,Potential Loyalist,0,0
517,3,784.48,1,3,3,133,At Risk,1,0
6,2,664.11,5,2,3,523,Potential Loyalist,0,0
400,2,396.71,2,2,2,222,At Risk,1,0
47,5,761.96,4,4,3,443,Loyal Customers,0,0
1,33,9811.04,5,5,5,555,Champions,0,0
312,2,518.42,2,2,2,222,At Risk,1,0
45,4,1159.99,4,3,3,433,Potential Loyalist,0,0
65,4,1025.17,3,3,3,333,Regular Customers,0,0
26,1,164.34,4,1,1,411,Potential Loyalist,0,0
659,1,717.62,1,1,3,113,At Risk,1,0
387,2,522.67,2,2,2,222,At Risk,1,0
29,3,276.75,4,3,1,431,Potential Loyalist,0,0
40,2,1075.81,4,2,3,423,Potential Loyalist,0,0
541,1,232.05,1,1,1,111,At Risk,1,0
593,1,167.35,1,1,1,111,At Risk,1,0
12,14,2103.71,5,5,4,554,Loyal Customers,0,0
89,10,3297.9300000000003,3,5,5,355,Regular Customers,0,0
633,1,818.29,1,1,3,113,At Risk,1,0
453,5,1039.8500000000001,1,4,3,143,At Risk,1,0
24,6,2332.74,4,4,4,444,Loyal Customers,0,0
319,8,6272.53,2,4,5,245,At Risk,1,0
568,2,283.85,1,2,1,121,At Risk,1,0
40,8,1278.75,4,4,4,444,Loyal Customers,0,0
174,1,177.34,3,1,1,311,Regular Customers,0,0
545,2,224.94,1,2,1,121,At Risk,1,0
528,1,112.34,1,1,1,111,At Risk,1,0
117,1,213.85,3,1,1,311,Regular Customers,0,0
696,1,658.95,1,1,3,113,At Risk,1,0
31,10,2533.06,4,5,4,454,Loyal Customers,0,0
388,1,462.08,2,1,2,212,At Risk,1,0
597,1,301.26,1,1,2,112,At Risk,1,0
253,2,707.04,2,2,3,223,At Risk,0,0
59,7,2245.9,4,4,4,444,Loyal Customers,0,0
676,1,310.14,1,1,2,112,At Risk,1,0
23,19,13370.86,4,5,5,455,Loyal Customers,0,0
5,7,2031.78,5,4,4,544,Loyal Customers,0,0
100,11,3070.42,3,5,5,355,Regular Customers,0,0
25,8,3645.81,4,4,5,445,Loyal Customers,0,0
33,16,5033.77,4,5,5,455,Loyal Customers,0,0
68,4,2999.16,3,3,5,335,Regular Customers,0,0
37,5,949.12,4,4,3,443,Loyal Customers,0,0
52,3,804.3,4,3,3,433,Potential Loyalist,0,0
16,1,122.64,5,1,1,511,Potential Loyalist,0,0
74,2,1346.27,3,2,4,324,Regular Customers,0,0
611,1,405.0,1,1,2,112,At Risk,1,0
641,5,1016.47,1,4,3,143,At Risk,1,0
216,4,472.2,2,3,2,232,At Risk,0,0
31,10,2156.77,4,5,4,454,Loyal Customers,0,0
16,4,2624.26,5,3,4,534,Potential Loyalist,0,0
120,1,252.1,3,1,1,311,Regular Customers,0,0
400,2,326.25,2,2,2,222,At Risk,1,0
10,8,3041.68,5,4,5,545,Loyal Customers,0,0
400,8,1764.02,2,4,4,244,At Risk,1,0
257,6,1453.68,2,4,4,244,At Risk,0,0
17,10,3288.0,5,5,5,555,Champions,0,0
35,3,226.85,4,3,1,431,Potential Loyalist,0,0
46,5,2262.05,4,4,4,444,Loyal Customers,0,0
488,1,152.2,1,1,1,111,At Risk,1,0
43,11,6308.0,4,5,5,455,Loyal Customers,0,0
114,6,2280.51,3,4,4,344,Regular Customers,0,0
165,4,1078.85,3,3,3,333,Regular Customers,0,0
11,2,382.14,5,2,2,522,Potential Loyalist,0,0
10,9,6025.5,5,5,5,555,Champions,0,0
206,12,4884.68,2,5,5,255,At Risk,0,0
400,1,306.64,2,1,2,212,At Risk,1,0
603,1,325.24,1,1,2,112,At Risk,1,0
86,11,2233.61,3,5,4,354,Regular Customers,0,0
179,5,2047.51,3,4,4,344,Regular Customers,0,0
386,3,1711.6599999999999,2,3,4,234,At Risk,1,0
60,5,127.89999999999999,3,4,1,341,Regular Customers,0,0
149,1,299.05,3,1,2,312,Regular Customers,0,0
3,35,12948.48,5,5,5,555,Champions,0,0
51,3,413.55,4,3,2,432,Potential Loyalist,0,0
75,1,349.7,3,1,2,312,Regular Customers,0,0
395,1,172.6,2,1,1,211,At Risk,1,0
301,3,419.92,2,3,2,232,At Risk,1,0
19,2,387.44,5,2,2,522,Potential Loyalist,0,0
433,1,240.68,1,1,1,111,At Risk,1,0
151,2,486.82000000000005,3,2,2,322,Regular Customers,0,0
539,2,243.9,1,2,1,121,At Risk,1,0
405,2,551.24,2,2,2,222,At Risk,1,0
152,1,232.6,3,1,1,311,Regular Customers,0,0
494,3,281.26,1,3,1,131,At Risk,1,0
1,12,11419.67,5,5,5,555,Champions,0,0
18,4,827.83,5,3,3,533,Potential Loyalist,0,0
187,1,59.5,3,1,1,311,Regular Customers,0,0
458,1,258.6,1,1,1,111,At Risk,1,0
286,4,594.88,2,3,2,232,At Risk,1,0
3,7,3119.44,5,4,5,545,Loyal Customers,0,0
183,3,409.04,3,3,2,332,Regular Customers,0,0
438,1,11880.84,1,1,5,115,At Risk,1,0
635,1,375.5,1,1,2,112,At Risk,1,0
63,2,1259.5,3,2,4,324,Regular Customers,0,0
59,1,172.25,4,1,1,411,Potential Loyalist,0,0
396,1,212.78,2,1,1,211,At Risk,1,0
25,5,3114.4,4,4,5,445,Loyal Customers,0,0
374,9,2011.82,2,5,4,254,At Risk,1,0
4,143,195640.69,5,5,5,555,Champions,3,-1
31,16,2770.73,4,5,4,454,Loyal Customers,0,0
422,3,2020.4,1,3,4,134,At Risk,1,0
39,1,151.29999999999998,4,1,1,411,Potential Loyalist,0,0
597,2,451.73,1,2,2,122,At Risk,1,0
155,2,764.15,3,2,3,323,Regular Customers,0,0
26,13,2596.9700000000003,4,5,4,454,Loyal Customers,0,0
447,1,161.0,1,1,1,111,At Risk,1,0
446,1,135.18,1,1,1,111,At Risk,1,0
318,2,425.56,2,2,2,222,At Risk,1,0
5,9,2308.06,5,5,4,554,Loyal Customers,0,0
8,7,1717.19,5,4,4,544,Loyal Customers,0,0
303,2,631.17,2,2,3,223,At Risk,1,0
267,5,3365.86,2,4,5,245,At Risk,0,0
271,1,285.33,2,1,1,211,At Risk,1,0
4,18,7571.35,5,5,5,555,Champions,0,0
32,3,509.52,4,3,2,432,Potential Loyalist,0,0
219,9,1792.26,2,5,4,254,At Risk,0,0
247,2,766.42,2,2,3,223,At Risk,0,0
408,3,740.76,2,3,3,233,At Risk,1,0
465,1,161.35,1,1,1,111,At Risk,1,0
281,17,8153.04,2,5,5,255,At Risk,0,0
269,1,138.28,2,1,1,211,At Risk,1,0
32,8,1763.3,4,4,4,444,Loyal Customers,0,0
246,2,306.55,2,2,2,222,At Risk,0,0
15,11,2783.08,5,5,4,554,Loyal Customers,0,0
117,4,799.9,3,3,3,333,Regular Customers,0,0
36,2,741.54,4,2,3,423,Potential Loyalist,0,0
132,10,5635.41,3,5,5,355,Regular Customers,0,0
217,6,1194.08,2,4,3,243,At Risk,0,0
637,1,213.01,1,1,1,111,At Risk,1,0
50,8,1980.56,4,4,4,444,Loyal Customers,0,0
39,2,1079.6599999999999,4,2,3,423,Potential Loyalist,0,0
29,8,1074.15,4,4,3,443,Loyal Customers,0,0
37,16,2855.17,4,5,4,454,Loyal Customers,0,0
436,3,724.73,1,3,3,133,At Risk,1,0
136,2,752.6,3,2,3,323,Regular Customers,0,0
219,2,610.59,2,2,3,223,At Risk,0,0
28,1,491.86,4,1,2,412,Potential Loyalist,0,0
411,2,487.03000000000003,1,2,2,122,At Risk,1,0
509,4,6695.6900000000005,1,3,5,135,At Risk,1,0
25,13,9762.77,4,5,5,455,Loyal Customers,0,0
5,7,2752.47,5,4,4,544,Loyal Customers,0,0
200,1,339.59999999999997,2,1,2,212,At Risk,0,0
396,1,434.78000000000003,2,1,2,212,At Risk,1,0
18,2,292.2,5,2,2,522,Potential Loyalist,0,0
241,5,1582.77,2,4,4,244,At Risk,0,0
72,3,668.4300000000001,3,3,3,333,Regular Customers,0,0
17,12,3107.87,5,5,5,555,Champions,0,0
3,7,1341.6,5,4,4,544,Loyal Customers,0,0
95,2,1080.52,3,2,3,323,Regular Customers,0,0
162,2,777.36,3,2,3,323,Regular Customers,0,0
414,1,176.69,1,1,1,111,At Risk,1,0
374,2,169.79999999999998,2,2,1,221,At Risk,1,0
96,9,2064.35,3,5,4,354,Regular Customers,0,0
54,11,3602.1800000000003,4,5,5,455,Loyal Customers,0,0
288,1,296.25,2,1,2,212,At Risk,1,0
124,7,1579.8300000000002,3,4,4,344,Regular Customers,0,0
288,4,2094.57,2,3,4,234,At Risk,1,0
152,3,447.05,3,3,2,332,Regular Customers,0,0
4,9,2108.06,5,5,4,554,Loyal Customers,0,0
2,23,8655.95,5,5,5,555,Champions,0,0
675,1,195.55,1,1,1,111,At Risk,1,0
12,15,8698.13,5,5,5,555,Champions,0,0
33,2,659.4100000000001,4,2,3,423,Potential Loyalist,0,0
54,5,1363.6399999999999,4,4,4,444,Loyal Customers,0,0
50,6,1952.17,4,4,4,444,Loyal Customers,0,0
219,5,2472.48,2,4,4,244,At Risk,0,0
63,3,5217.4400000000005,3,3,5,335,Regular Customers,0,0
71,6,2919.62,3,4,5,345,Regular Customers,0,0
653,1,352.821,1,1,2,112,At Risk,1,0
495,1,190.35,1,1,1,111,At Risk,1,0
2,73,33903.57,5,5,5,555,Champions,3,-1
727,2,875.97,1,2,3,123,At Risk,1,0
2,20,5478.12,5,5,5,555,Champions,0,0
422,4,785.37,1,3,3,133,At Risk,1,0
64,9,5728.82,3,5,5,355,Regular Customers,0,0
34,8,3100.02,4,4,5,445,Loyal Customers,0,0
397,2,301.54,2,2,2,222,At Risk,1,0
82,1,345.0,3,1,2,312,Regular Customers,0,0
591,1,1049.66,1,1,3,113,At Risk,1,0
428,2,623.98,1,2,3,123,At Risk,1,0
1,61,49638.26,5,5,5,555,Champions,3,-1
103,4,1124.49,3,3,3,333,Regular Customers,0,0
516,1,161.13,1,1,1,111,At Risk,1,0
7,3,732.07,5,3,3,533,Potential Loyalist,0,0
251,3,778.83,2,3,3,233,At Risk,0,0
13,13,1786.08,5,5,4,554,Loyal Customers,0,0
488,4,1542.09,1,3,4,134,At Risk,1,0
10,14,2910.23,5,5,5,555,Champions,0,0
429,4,542.49,1,3,2,132,At Risk,1,0
367,6,3127.99,2,4,5,245,At Risk,1,0
76,6,1222.5,3,4,4,344,Regular Customers,0,0
505,1,3.75,1,1,1,111,At Risk,1,0
388,1,239.45999999999998,2,1,1,211,At Risk,1,0
4,1,348.8,5,1,2,512,Potential Loyalist,0,0
128,2,1516.0,3,2,4,324,Regular Customers,0,0
66,3,383.95,3,3,2,332,Regular Customers,0,0
647,1,96.0,1,1,1,111,At Risk,1,0
547,1,126.03,1,1,1,111,At Risk,1,0
388,4,836.3,2,3,3,233,At Risk,1,0
499,1,289.7,1,1,2,112,At Risk,1,0
437,3,1179.45,1,3,3,133,At Risk,1,0
1,110,75428.87,5,5,5,555,Champions,3,-1
117,9,2803.57,3,5,4,354,Regular Customers,0,0
310,3,1679.56,2,3,4,234,At Risk,1,0
67,1,324.8,3,1,2,312,Regular Customers,0,0
139,19,26259.11,3,5,5,355,Regular Customers,0,0
255,3,1338.91,2,3,4,234,At Risk,0,0
31,9,3161.12,4,5,5,455,Loyal Customers,0,0
52,2,924.6,4,2,3,423,Potential Loyalist,0,0
64,1,256.38,3,1,1,311,Regular Customers,0,0
367,3,422.2,2,3,2,232,At Risk,1,0
6,5,1747.66,5,4,4,544,Loyal Customers,0,0
305,3,679.7,2,3,3,233,At Risk,1,0
29,3,1499.01,4,3,4,434,Potential Loyalist,0,0
184,3,814.5,3,3,3,333,Regular Customers,0,0
42,3,539.0,4,3,2,432,Potential Loyalist,0,0
40,8,2765.47,4,4,4,444,Loyal Customers,0,0
92,3,2257.32,3,3,4,334,Regular Customers,0,0
22,8,7475.74,4,4,5,445,Loyal Customers,0,0
24,2,571.6700000000001,4,2,2,422,Potential Loyalist,0,0
29,2,382.98,4,2,2,422,Potential Loyalist,0,0
430,1,61.28,1,1,1,111,At Risk,1,0
302,6,2642.35,2,4,4,244,At Risk,1,0
418,3,652.75,1,3,3,133,At Risk,1,0
145,6,1379.08,3,4,4,344,Regular Customers,0,0
6,2,632.0,5,2,3,523,Potential Loyalist,0,0
19,7,3403.4500000000003,5,4,5,545,Loyal Customers,0,0
33,12,3314.76,4,5,5,455,Loyal Customers,0,0
622,2,255.59,1,2,1,121,At Risk,1,0
176,1,189.5,3,1,1,311,Regular Customers,0,0
58,3,409.8,4,3,2,432,Potential Loyalist,0,0
22,1,209.49,4,1,1,411,Potential Loyalist,0,0
421,1,102.0,1,1,1,111,At Risk,1,0
582,1,156.85000000000002,1,1,1,111,At Risk,1,0
16,18,6585.54,5,5,5,555,Champions,0,0
19,2,609.89,5,2,3,523,Potential Loyalist,0,0
159,2,700.41,3,2,3,323,Regular Customers,0,0
577,2,324.19,1,2,2,122,At Risk,1,0
25,7,1095.27,4,4,3,443,Loyal Customers,0,0
399,2,620.37,2,2,3,223,At Risk,1,0
212,2,266.59000000000003,2,2,1,221,At Risk,0,0
6,10,1690.07,5,5,4,554,Loyal Customers,0,0
486,1,139.95000000000002,1,1,1,111,At Risk,1,0
416,1,651.4,1,1,3,113,At Risk,1,0
253,1,85.0,2,1,1,211,At Risk,1,0
59,18,5319.34,4,5,5,455,Loyal Customers,0,0
381,1,319.75,2,1,2,212,At Risk,1,0
11,1,361.62,5,1,2,512,Potential Loyalist,0,0
65,1,312.98,3,1,2,312,Regular Customers,0,0
25,4,1307.79,4,3,4,434,Potential Loyalist,0,0
720,1,310.72,1,1,2,112,At Risk,1,0
92,8,3015.0,3,4,5,345,Regular Customers,0,0
52,5,3469.3,4,4,5,445,Loyal Customers,0,0
129,1,1595.48,3,1,4,314,Regular Customers,0,0
96,8,4606.46,3,4,5,345,Regular Customers,0,0
611,1,187.35000000000002,1,1,1,111,At Risk,1,0
57,1,1090.14,4,1,3,413,Potential Loyalist,0,0
9,39,11944.56,5,5,5,555,Champions,0,0
501,4,1310.3400000000001,1,3,4,134,At Risk,1,0
169,11,1142.03,3,5,3,353,Regular Customers,0,0
393,6,1001.01,2,4,3,243,At Risk,1,0
57,1,216.17,4,1,1,411,Potential Loyalist,0,0
326,2,515.86,2,2,2,222,At Risk,1,0
1,5,1245.9,5,4,4,544,Loyal Customers,0,0
429,2,273.26,1,2,1,121,At Risk,1,0
18,9,2556.09,5,5,4,554,Loyal Customers,0,0
248,4,1239.55,2,3,4,234,At Risk,0,0
387,1,662.4000000000001,2,1,3,213,At Risk,1,0
58,4,501.56,4,3,2,432,Potential Loyalist,0,0
74,1,145.67000000000002,3,1,1,311,Regular Customers,0,0
31,3,1005.09,4,3,3,433,Potential Loyalist,0,0
7,2,3192.54,5,2,5,525,Potential Loyalist,0,0
123,10,7996.87,3,5,5,355,Regular Customers,0,0
2,15,5712.08,5,5,5,555,Champions,0,0
23,17,7885.85,4,5,5,455,Loyal Customers,0,0
527,3,919.57,1,3,3,133,At Risk,1,0
120,8,1038.92,3,4,3,343,Regular Customers,0,0
358,7,2049.15,2,4,4,244,At Risk,1,0
54,14,4814.37,4,5,5,455,Loyal Customers,0,0
64,1,122.7,3,1,1,311,Regular Customers,0,0
86,3,449.68,3,3,2,332,Regular Customers,0,0
55,4,2416.9,4,3,4,434,Potential Loyalist,0,0
646,1,395.5,1,1,2,112,At Risk,1,0
21,17,4293.86,4,5,5,455,Loyal Customers,0,0
4,43,45179.1,5,5,5,555,Champions,0,0
3,5,1191.13,5,4,3,543,Loyal Customers,0,0
11,15,6560.02,5,5,5,555,Champions,0,0
7,10,1825.03,5,5,4,554,Loyal Customers,0,0
189,2,506.8,3,2,2,322,Regular Customers,0,0
71,1,243.56,3,1,1,311,Regular Customers,0,0
204,1,349.55,2,1,2,212,At Risk,0,0
120,7,2001.59,3,4,4,344,Regular Customers,0,0
93,6,1991.23,3,4,4,344,Regular Customers,0,0
1,14,2927.38,5,5,5,555,Champions,0,0
378,3,859.21,2,3,3,233,At Risk,1,0
27,6,1267.6499999999999,4,4,4,444,Loyal Customers,0,0
298,1,821.1,2,1,3,213,At Risk,1,0
24,3,564.62,4,3,2,432,Potential Loyalist,0,0
28,6,4008.52,4,4,5,445,Loyal Customers,0,0
626,1,388.55,1,1,2,112,At Risk,1,0
50,3,1160.72,4,3,3,433,Potential Loyalist,0,0
326,2,686.4,2,2,3,223,At Risk,1,0
16,2,388.52,5,2,2,522,Potential Loyalist,0,0
183,6,1610.59,3,4,4,344,Regular Customers,0,0
72,15,5676.34,3,5,5,355,Regular Customers,0,0
632,5,34095.26,1,4,5,145,At Risk,1,-1
400,1,165.45000000000002,2,1,1,211,At Risk,1,0
37,2,332.64,4,2,2,422,Potential Loyalist,0,0
733,1,312.65,1,1,2,112,At Risk,1,0
409,1,42.0,2,1,1,211,At Risk,1,0
692,1,136.8,1,1,1,111,At Risk,1,0
80,4,2369.55,3,3,4,334,Regular Customers,0,0
423,2,282.85,1,2,1,121,At Risk,1,0
57,20,4234.99,4,5,5,455,Loyal Customers,0,0
424,1,124.95,1,1,1,111,At Risk,1,0
507,1,42.22,1,1,1,111,At Risk,1,0
12,2,626.45,5,2,3,523,Potential Loyalist,0,0
394,1,70.80000000000001,2,1,1,211,At Risk,1,0
464,4,1275.81,1,3,4,134,At Risk,1,0
50,2,272.04,4,2,1,421,Potential Loyalist,0,0
50,2,1212.8400000000001,4,2,3,423,Potential Loyalist,0,0
59,4,1360.68,4,3,4,434,Potential Loyalist,0,0
432,4,1774.68,1,3,4,134,At Risk,1,0
402,4,730.7,2,3,3,233,At Risk,1,0
352,3,865.2,2,3,3,233,At Risk,1,0
54,1,351.13,4,1,2,412,Potential Loyalist,0,0
2,6,1838.8500000000001,5,4,4,544,Loyal Customers,0,0
93,4,678.25,3,3,3,333,Regular Customers,0,0
23,1,223.85000000000002,4,1,1,411,Potential Loyalist,0,0
75,2,708.26,3,2,3,323,Regular Customers,0,0
11,4,464.57,5,3,2,532,Potential Loyalist,0,0
169,11,3494.1,3,5,5,355,Regular Customers,0,0
58,2,337.34,4,2,2,422,Potential Loyalist,0,0
96,11,5257.38,3,5,5,355,Regular Customers,0,0
295,1,307.4,2,1,2,212,At Risk,1,0
109,2,608.7900000000001,3,2,2,322,Regular Customers,0,0
264,1,922.1,2,1,3,213,At Risk,1,0
597,3,6116.92,1,3,5,135,At Risk,1,0
180,3,939.66,3,3,3,333,Regular Customers,0,0
169,2,880.13,3,2,3,323,Regular Customers,0,0
35,1,71.66,4,1,1,411,Potential Loyalist,0,0
23,7,1560.96,4,4,4,444,Loyal Customers,0,0
17,4,839.14,5,3,3,533,Potential Loyalist,0,0
22,15,10027.18,4,5,5,455,Loyal Customers,0,0
535,1,320.0,1,1,2,112,At Risk,1,0
578,1,246.54,1,1,1,111,At Risk,1,0
653,1,200.43,1,1,1,111,At Risk,1,0
395,2,854.15,2,2,3,223,At Risk,1,0
79,6,1876.23,3,4,4,344,Regular Customers,0,0
65,1,90.6,3,1,1,311,Regular Customers,0,0
361,4,548.76,2,3,2,232,At Risk,1,0
3,6,2427.32,5,4,4,544,Loyal Customers,0,0
11,4,745.06,5,3,3,533,Potential Loyalist,0,0
176,3,674.45,3,3,3,333,Regular Customers,0,0
218,14,12823.521,2,5,5,255,At Risk,0,0
7,12,6640.68,5,5,5,555,Champions,0,0
2,2,439.92,5,2,2,522,Potential Loyalist,0,0
154,3,544.0699999999999,3,3,2,332,Regular Customers,0,0
5,5,1019.27,5,4,3,543,Loyal Customers,0,0
418,3,458.25,1,3,2,132,At Risk,1,0
380,8,4709.2300000000005,2,4,5,245,At Risk,1,0
79,6,1064.77,3,4,3,343,Regular Customers,0,0
21,2,230.22,4,2,1,421,Potential Loyalist,0,0
392,1,538.4,2,1,2,212,At Risk,1,0
22,3,362.8,4,3,2,432,Potential Loyalist,0,0
308,17,2860.57,2,5,4,254,At Risk,1,0
387,2,438.9,2,2,2,222,At Risk,1,0
477,3,996.61,1,3,3,133,At Risk,1,0
435,1,384.26,1,1,2,112,At Risk,1,0
146,2,166.3,3,2,1,321,Regular Customers,0,0
423,1,123.66,1,1,1,111,At Risk,1,0
7,35,12973.460000000001,5,5,5,555,Champions,0,0
386,2,846.55,2,2,3,223,At Risk,1,0
19,14,4667.57,5,5,5,555,Champions,0,0
71,2,190.25,3,2,1,321,Regular Customers,0,0
287,1,264.7,2,1,1,211,At Risk,1,0
49,2,677.72,4,2,3,423,Potential Loyalist,0,0
31,12,5256.4,4,5,5,455,Loyal Customers,0,0
207,4,1192.36,2,3,3,233,At Risk,0,0
411,1,519.8100000000001,1,1,2,112,At Risk,1,0
15,2,196.79000000000002,5,2,1,521,Potential Loyalist,0,0
73,7,3379.93,3,4,5,345,Regular Customers,0,0
60,5,768.82,3,4,3,343,Regular Customers,0,0
416,1,331.14,1,1,2,112,At Risk,1,0
39,9,3954.29,4,5,5,455,Loyal Customers,0,0
30,21,6753.89,4,5,5,455,Loyal Customers,0,0
27,12,1893.8,4,5,4,454,Loyal Customers,0,0
4,22,10020.86,5,5,5,555,Champions,0,0
17,1,320.46,5,1,2,512,Potential Loyalist,0,0
380,2,682.54,2,2,3,223,At Risk,1,0
20,8,4757.8,4,4,5,445,Loyal Customers,0,0
66,5,2026.06,3,4,4,344,Regular Customers,0,0
213,1,311.3,2,1,2,212,At Risk,0,0
12,6,852.88,5,4,3,543,Loyal Customers,0,0
30,3,219.5,4,3,1,431,Potential Loyalist,0,0
43,19,6775.71,4,5,5,455,Loyal Customers,0,0
4,6,2274.14,5,4,4,544,Loyal Customers,0,0
15,14,3902.01,5,5,5,555,Champions,0,0
386,2,895.76,2,2,3,223,At Risk,1,0
519,3,376.46,1,3,2,132,At Risk,1,0
447,3,566.7,1,3,2,132,At Risk,1,0
10,29,9502.26,5,5,5,555,Champions,0,0
211,5,2046.3400000000001,2,4,4,244,At Risk,0,0
46,9,4228.85,4,5,5,455,Loyal Customers,0,0
134,2,529.73,3,2,2,322,Regular Customers,0,0
733,1,209.41,1,1,1,111,At Risk,1,0
43,11,6258.45,4,5,5,455,Loyal Customers,0,0
10,5,2874.72,5,4,4,544,Loyal Customers,0,0
116,7,2196.67,3,4,4,344,Regular Customers,0,0
513,1,79.48,1,1,1,111,At Risk,1,0
432,1,509.04,1,1,2,112,At Risk,1,0
198,3,1099.91,2,3,3,233,At Risk,0,0
565,2,445.15,1,2,2,122,At Risk,1,0
480,2,457.82,1,2,2,122,At Risk,1,0
278,1,328.8,2,1,2,212,At Risk,1,0
110,5,1084.57,3,4,3,343,Regular Customers,0,0
77,3,1948.21,3,3,4,334,Regular Customers,0,0
53,1,917.34,4,1,3,413,Potential Loyalist,0,0
162,11,11403.41,3,5,5,355,Regular Customers,0,0
571,1,229.75,1,1,1,111,At Risk,1,0
645,1,367.15000000000003,1,1,2,112,At Risk,1,0
47,3,1421.61,4,3,4,434,Potential Loyalist,0,0
17,4,1249.01,5,3,4,534,Potential Loyalist,0,0
155,7,1716.58,3,4,4,344,Regular Customers,0,0
225,2,792.15,2,2,3,223,At Risk,0,0
7,2,584.07,5,2,2,522,Potential Loyalist,0,0
122,3,645.74,3,3,3,333,Regular Customers,0,0
465,8,4057.9,1,4,5,145,At Risk,1,0
471,2,713.11,1,2,3,123,At Risk,1,0
61,1,104.82,3,1,1,311,Regular Customers,0,0
550,3,10396.5,1,3,5,135,At Risk,1,0
63,2,467.66,3,2,2,322,Regular Customers,0,0
18,20,7521.8,5,5,5,555,Champions,0,0
7,44,39019.51,5,5,5,555,Champions,0,0
2,16,4546.41,5,5,5,555,Champions,0,0
555,1,109.44,1,1,1,111,At Risk,1,0
22,3,648.89,4,3,3,433,Potential Loyalist,0,0
29,9,2794.75,4,5,4,454,Loyal Customers,0,0
285,1,626.65,2,1,3,213,At Risk,1,0
176,6,836.95,3,4,3,343,Regular Customers,0,0
78,5,3069.88,3,4,5,345,Regular Customers,0,0
33,2,267.28000000000003,4,2,1,421,Potential Loyalist,0,0
41,35,12523.81,4,5,5,455,Loyal Customers,0,0
266,1,141.41,2,1,1,211,At Risk,1,0
725,1,431.98,1,1,2,112,At Risk,1,0
491,2,302.6,1,2,2,122,At Risk,1,0
27,10,3077.7,4,5,5,455,Loyal Customers,0,0
109,16,10986.63,3,5,5,355,Regular Customers,0,0
284,1,154.99,2,1,1,211,At Risk,1,0
9,14,3968.11,5,5,5,555,Champions,0,0
305,3,748.69,2,3,3,233,At Risk,1,0
17,13,13023.4,5,5,5,555,Champions,0,0
32,2,746.36,4,2,3,423,Potential Loyalist,0,0
1,37,21770.98,5,5,5,555,Champions,0,0
20,2,466.66,4,2,2,422,Potential Loyalist,0,0
124,4,572.3,3,3,2,332,Regular Customers,0,0
65,1,92.46,3,1,1,311,Regular Customers,0,0
106,3,1520.96,3,3,4,334,Regular Customers,0,0
1,23,8152.71,5,5,5,555,Champions,0,0
24,22,8346.66,4,5,5,455,Loyal Customers,0,0
463,2,469.19,1,2,2,122,At Risk,1,0
267,1,183.6,2,1,1,211,At Risk,1,0
5,30,8898.24,5,5,5,555,Champions,0,0
507,3,917.4300000000001,1,3,3,133,At Risk,1,0
10,24,25585.65,5,5,5,555,Champions,0,0
438,9,22710.2,1,5,5,155,At Risk,1,-1
29,15,3260.24,4,5,5,455,Loyal Customers,0,0
389,3,891.02,2,3,3,233,At Risk,1,0
267,1,152.55,2,1,1,211,At Risk,1,0
64,2,374.7,3,2,2,322,Regular Customers,0,0
320,4,1516.72,2,3,4,234,At Risk,1,0
515,2,225.81,1,2,1,121,At Risk,1,0
685,1,321.6,1,1,2,112,At Risk,1,0
4,8,1437.57,5,4,4,544,Loyal Customers,0,0
667,1,390.85,1,1,2,112,At Risk,1,0
32,1,151.04,4,1,1,411,Potential Loyalist,0,0
623,1,219.39999999999998,1,1,1,111,At Risk,1,0
5,6,1734.87,5,4,4,544,Loyal Customers,0,0
129,1,118.67,3,1,1,311,Regular Customers,0,0
41,6,615.0799999999999,4,4,3,443,Loyal Customers,0,0
102,9,1553.47,3,5,4,354,Regular Customers,0,0
125,2,618.73,3,2,3,323,Regular Customers,0,0
33,5,1115.68,4,4,3,443,Loyal Customers,0,0
302,10,4867.57,2,5,5,255,At Risk,1,0
365,2,413.36,2,2,2,222,At Risk,1,0
4,11,1082.19,5,5,3,553,Loyal Customers,0,0
512,1,150.5,1,1,1,111,At Risk,1,0
2,33,9720.67,5,5,5,555,Champions,0,0
463,1,39.95,1,1,1,111,At Risk,1,0
3,3,829.47,5,3,3,533,Potential Loyalist,0,0
10,16,64036.8,5,5,5,555,Champions,0,-1
57,1,158.75,4,1,1,411,Potential Loyalist,0,0
325,1,76.32000000000001,2,1,1,211,At Risk,1,0
654,2,9530.08,1,2,5,125,At Risk,1,0
8,24,7229.45,5,5,5,555,Champions,0,0
12,1,433.86,5,1,2,512,Potential Loyalist,0,0
440,1,311.77,1,1,2,112,At Risk,1,0
723,1,2.95,1,1,1,111,At Risk,1,0
4,17,65164.79,5,5,5,555,Champions,0,-1
481,2,422.85999999999996,1,2,2,122,At Risk,1,0
37,1,147.35,4,1,1,411,Potential Loyalist,0,0
16,20,5750.91,5,5,5,555,Champions,0,0
138,1,191.95000000000002,3,1,1,311,Regular Customers,0,0
74,13,9961.93,3,5,5,355,Regular Customers,0,0
5,5,1105.8799999999999,5,4,3,543,Loyal Customers,0,0
155,5,743.53,3,4,3,343,Regular Customers,0,0
239,5,5988.83,2,4,5,245,At Risk,0,0
737,1,214.79999999999998,1,1,1,111,At Risk,1,0
52,11,4877.3,4,5,5,455,Loyal Customers,0,0
31,4,1044.96,4,3,3,433,Potential Loyalist,0,0
73,1,144.2,3,1,1,311,Regular Customers,0,0
4,33,12987.95,5,5,5,555,Champions,0,0
14,4,692.85,5,3,3,533,Potential Loyalist,0,0
23,13,5834.59,4,5,5,455,Loyal Customers,0,0
4,16,7092.610000000001,5,5,5,555,Champions,0,0
274,7,1364.09,2,4,4,244,At Risk,1,0
502,2,622.6700000000001,1,2,3,123,At Risk,1,0
20,5,1382.74,4,4,4,444,Loyal Customers,0,0
144,1,90.0,3,1,1,311,Regular Customers,0,0
429,1,458.45,1,1,2,112,At Risk,1,0
376,2,183.37,2,2,1,221,At Risk,1,0
4,4,2780.15,5,3,4,534,Potential Loyalist,0,0
406,3,362.42,2,3,2,232,At Risk,1,0
733,1,436.18,1,1,2,112,At Risk,1,0
84,1,419.58000000000004,3,1,2,312,Regular Customers,0,0
11,3,2720.63,5,3,4,534,Potential Loyalist,0,0
8,4,1172.46,5,3,3,533,Potential Loyalist,0,0
123,6,1900.0800000000002,3,4,4,344,Regular Customers,0,0
61,3,924.21,3,3,3,333,Regular Customers,0,0
2,9,2591.34,5,5,4,554,Loyal Customers,0,0
319,4,1858.77,2,3,4,234,At Risk,1,0
649,1,168.22,1,1,1,111,At Risk,1,0
2,11,3586.0299999999997,5,5,5,555,Champions,0,0
130,4,911.14,3,3,3,333,Regular Customers,0,0
383,15,11123.35,2,5,5,255,At Risk,1,0
2,24,8839.67,5,5,5,555,Champions,0,0
401,5,1570.81,2,4,4,244,At Risk,1,0
696,1,332.7,1,1,2,112,At Risk,1,0
2,2,965.8800000000001,5,2,3,523,Potential Loyalist,0,0
46,4,1086.8,4,3,3,433,Potential Loyalist,0,0
4,2,935.05,5,2,3,523,Potential Loyalist,0,0
3,4,915.13,5,3,3,533,Potential Loyalist,0,0
373,2,671.34,2,2,3,223,At Risk,1,0
134,1,115.8,3,1,1,311,Regular Customers,0,0
486,1,30.599999999999998,1,1,1,111,At Risk,1,0
47,7,7600.05,4,4,5,445,Loyal Customers,0,0
9,12,9450.3,5,5,5,555,Champions,0,0
78,9,2590.2,3,5,4,354,Regular Customers,0,0
234,2,466.29,2,2,2,222,At Risk,0,0
221,1,446.62,2,1,2,212,At Risk,0,0
36,2,658.64,4,2,3,423,Potential Loyalist,0,0
673,2,679.45,1,2,3,123,At Risk,1,0
75,7,1997.3400000000001,3,4,4,344,Regular Customers,0,0
483,1,233.4,1,1,1,111,At Risk,1,0
239,8,6460.7,2,4,5,245,At Risk,0,0
266,1,118.75,2,1,1,211,At Risk,1,0
10,156,313437.62,5,5,5,555,Champions,2,-1
20,5,978.69,4,4,3,443,Loyal Customers,0,0
40,1,507.66,4,1,2,412,Potential Loyalist,0,0
20,20,7860.8,4,5,5,455,Loyal Customers,0,0
610,7,8421.47,1,4,5,145,At Risk,1,0
216,7,2996.93,2,4,5,245,At Risk,0,0
174,2,289.36,3,2,2,322,Regular Customers,0,0
87,5,2594.62,3,4,4,344,Regular Customers,0,0
71,2,1631.77,3,2,4,324,Regular Customers,0,0
276,1,120.44,2,1,1,211,At Risk,1,0
505,2,251.15,1,2,1,121,At Risk,1,0
39,8,1274.29,4,4,4,444,Loyal Customers,0,0
421,2,370.45,1,2,2,122,At Risk,1,0
431,2,621.51,1,2,3,123,At Risk,1,0
375,3,570.18,2,3,2,232,At Risk,1,0
98,2,498.79,3,2,2,322,Regular Customers,0,0
605,3,369.02,1,3,2,132,At Risk,1,0
11,6,586.0,5,4,2,542,Loyal Customers,0,0
33,1,134.46,4,1,1,411,Potential Loyalist,0,0
60,8,7678.88,3,4,5,345,Regular Customers,0,0
297,5,756.46,2,4,3,243,At Risk,1,0
86,13,2209.69,3,5,4,354,Regular Customers,0,0
9,7,1600.26,5,4,4,544,Loyal Customers,0,0
41,2,701.57,4,2,3,423,Potential Loyalist,0,0
11,33,6117.5,5,5,5,555,Champions,0,0
411,2,308.35,1,2,2,122,At Risk,1,0
444,4,678.77,1,3,3,133,At Risk,1,0
411,2,278.34000000000003,1,2,1,121,At Risk,1,0
67,1,452.89,3,1,2,312,Regular Customers,0,0
331,1,197.65,2,1,1,211,At Risk,1,0
427,5,1550.63,1,4,4,144,At Risk,1,0
474,1,123.5,1,1,1,111,At Risk,1,0
31,6,2054.36,4,4,4,444,Loyal Customers,0,0
2,16,5503.15,5,5,5,555,Champions,0,0
666,1,79.9,1,1,1,111,At Risk,1,0
2,15,4817.66,5,5,5,555,Champions,0,0
388,1,293.74,2,1,2,212,At Risk,1,0
68,3,1210.19,3,3,3,333,Regular Customers,0,0
5,36,18670.59,5,5,5,555,Champions,0,0
202,6,2615.6,2,4,4,244,At Risk,0,0
107,1,335.52,3,1,2,312,Regular Customers,0,0
411,1,390.05,1,1,2,112,At Risk,1,0
18,9,1569.73,5,5,4,554,Loyal Customers,0,0
218,4,1091.7,2,3,3,233,At Risk,0,0
617,1,379.2,1,1,2,112,At Risk,1,0
60,10,1193.54,3,5,3,353,Regular Customers,0,0
381,3,847.76,2,3,3,233,At Risk,1,0
397,1,339.34,2,1,2,212,At Risk,1,0
2,4,1024.83,5,3,3,533,Potential Loyalist,0,0
17,9,2414.2,5,5,4,554,Loyal Customers,0,0
239,3,1185.01,2,3,3,233,At Risk,0,0
688,1,157.8,1,1,1,111,At Risk,1,0
95,2,567.05,3,2,2,322,Regular Customers,0,0
11,15,4993.27,5,5,5,555,Champions,0,0
106,16,5556.570000000001,3,5,5,355,Regular Customers,0,0
53,18,4402.29,4,5,5,455,Loyal Customers,0,0
90,2,2190.14,3,2,4,324,Regular Customers,0,0
405,1,1192.2,2,1,3,213,At Risk,1,0
31,5,1004.38,4,4,3,443,Loyal Customers,0,0
12,9,3250.33,5,5,5,555,Champions,0,0
3,5,2150.04,5,4,4,544,Loyal Customers,0,0
2,23,3298.59,5,5,5,555,Champions,0,0
43,1,169.48000000000002,4,1,1,411,Potential Loyalist,0,0
4,3,633.83,5,3,3,533,Potential Loyalist,0,0
247,4,1515.0,2,3,4,234,At Risk,0,0
42,17,6517.49,4,5,5,455,Loyal Customers,0,0
177,1,683.17,3,1,3,313,Regular Customers,0,0
92,3,991.13,3,3,3,333,Regular Customers,0,0
110,9,1841.71,3,5,4,354,Regular Customers,0,0
435,4,2031.07,1,3,4,134,At Risk,1,0
29,6,2985.13,4,4,5,445,Loyal Customers,0,0
26,15,6368.71,4,5,5,455,Loyal Customers,0,0
438,3,745.5,1,3,3,133,At Risk,1,0
52,7,2594.04,4,4,4,444,Loyal Customers,0,0
436,3,979.8000000000001,1,3,3,133,At Risk,1,0
184,4,1235.6200000000001,3,3,4,334,Regular Customers,0,0
43,5,2048.07,4,4,4,444,Loyal Customers,0,0
49,7,2904.27,4,4,4,444,Loyal Customers,0,0
22,4,754.12,4,3,3,433,Potential Loyalist,0,0
75,9,4717.99,3,5,5,355,Regular Customers,0,0
81,5,1555.34,3,4,4,344,Regular Customers,0,0
373,2,471.14,2,2,2,222,At Risk,1,0
326,3,434.23,2,3,2,232,At Risk,1,0
43,21,4263.17,4,5,5,455,Loyal Customers,0,0
30,3,1247.49,4,3,4,434,Potential Loyalist,0,0
184,2,333.70000000000005,3,2,2,322,Regular Customers,0,0
235,2,280.55,2,2,1,221,At Risk,0,0
9,17,7217.75,5,5,5,555,Champions,0,0
661,1,366.41999999999996,1,1,2,112,At Risk,1,0
220,2,1693.45,2,2,4,224,At Risk,0,0
111,3,1474.06,3,3,4,334,Regular Customers,0,0
278,5,753.56,2,4,3,243,At Risk,1,0
318,3,1032.95,2,3,3,233,At Risk,1,0
411,12,5400.461,1,5,5,155,At Risk,1,0
7,3,1904.05,5,3,4,534,Potential Loyalist,0,0
2,5,2879.7000000000003,5,4,4,544,Loyal Customers,0,0
381,1,350.99,2,1,2,212,At Risk,1,0
493,2,363.40000000000003,1,2,2,122,At Risk,1,0
433,1,601.03,1,1,2,112,At Risk,1,0
546,1,1000.63,1,1,3,113,At Risk,1,0
260,5,2460.79,2,4,4,244,At Risk,0,0
64,9,5954.45,3,5,5,355,Regular Customers,0,0
9,25,32051.34,5,5,5,555,Champions,0,0
142,1,120.0,3,1,1,311,Regular Customers,0,0
471,3,824.28,1,3,3,133,At Risk,1,0
51,2,1163.45,4,2,3,423,Potential Loyalist,0,0
8,8,2618.23,5,4,4,544,Loyal Customers,0,0
423,1,322.93,1,1,2,112,At Risk,1,0
155,6,1517.3600000000001,3,4,4,344,Regular Customers,0,0
109,4,1373.35,3,3,4,334,Regular Customers,0,0
428,1,40.56,1,1,1,111,At Risk,1,0
163,3,1516.24,3,3,4,334,Regular Customers,0,0
471,1,354.85,1,1,2,112,At Risk,1,0
439,1,295.73,1,1,2,112,At Risk,1,0
332,1,492.65000000000003,2,1,2,212,At Risk,1,0
226,2,214.18,2,2,1,221,At Risk,0,0
74,4,920.81,3,3,3,333,Regular Customers,0,0
51,4,559.97,4,3,2,432,Potential Loyalist,0,0
686,1,256.6,1,1,1,111,At Risk,1,0
396,6,1189.3799999999999,2,4,3,243,At Risk,1,0
99,7,2102.68,3,4,4,344,Regular Customers,0,0
15,9,17197.61,5,5,5,555,Champions,0,0
410,1,205.83,2,1,1,211,At Risk,1,0
521,2,191.86,1,2,1,121,At Risk,1,0
197,1,134.04,2,1,1,211,At Risk,0,0
408,1,245.15,2,1,1,211,At Risk,1,0
3,25,7250.76,5,5,5,555,Champions,0,0
463,4,628.4399999999999,1,3,3,133,At Risk,1,0
31,3,1299.65,4,3,4,434,Potential Loyalist,0,0
21,8,3284.42,4,4,5,445,Loyal Customers,0,0
24,7,8479.76,4,4,5,445,Loyal Customers,0,0
8,3,176.63,5,3,1,531,Potential Loyalist,0,0
213,1,426.6,2,1,2,212,At Risk,0,0
9,6,911.26,5,4,3,543,Loyal Customers,0,0
11,8,4516.56,5,4,5,545,Loyal Customers,0,0
2,23,7904.1,5,5,5,555,Champions,0,0
8,16,9226.25,5,5,5,555,Champions,0,0
3,9,2903.01,5,5,4,554,Loyal Customers,0,0
407,1,375.34,2,1,2,212,At Risk,1,0
40,5,2362.91,4,4,4,444,Loyal Customers,0,0
421,2,456.40000000000003,1,2,2,122,At Risk,1,0
18,4,1305.33,5,3,4,534,Potential Loyalist,0,0
8,82,91194.49,5,5,5,555,Champions,3,-1
8,27,14070.25,5,5,5,555,Champions,0,0
19,1,43.2,5,1,1,511,Potential Loyalist,0,0
117,4,1992.18,3,3,4,334,Regular Customers,0,0
431,3,742.9000000000001,1,3,3,133,At Risk,1,0
407,2,277.94,2,2,1,221,At Risk,1,0
223,3,1725.01,2,3,4,234,At Risk,0,0
71,3,1858.96,3,3,4,334,Regular Customers,0,0
51,6,3151.4,4,4,5,445,Loyal Customers,0,0
89,10,4287.92,3,5,5,355,Regular Customers,0,0
549,2,1147.02,1,2,3,123,At Risk,1,0
8,11,3780.81,5,5,5,555,Champions,0,0
433,1,492.1,1,1,2,112,At Risk,1,0
243,2,516.45,2,2,2,222,At Risk,0,0
47,11,3090.29,4,5,5,455,Loyal Customers,0,0
107,2,229.8,3,2,1,321,Regular Customers,0,0
45,8,3197.82,4,4,5,445,Loyal Customers,0,0
422,5,1370.34,1,4,4,144,At Risk,1,0
65,1,508.58000000000004,3,1,2,312,Regular Customers,0,0
460,1,158.02,1,1,1,111,At Risk,1,0
424,1,494.85,1,1,2,112,At Risk,1,0
207,5,1346.75,2,4,4,244,At Risk,0,0
11,7,2218.06,5,4,4,544,Loyal Customers,0,0
429,4,474.1,1,3,2,132,At Risk,1,0
115,2,605.0600000000001,3,2,2,322,Regular Customers,0,0
410,2,701.61,2,2,3,223,At Risk,1,0
570,1,245.48000000000002,1,1,1,111,At Risk,1,0
242,3,940.98,2,3,3,233,At Risk,0,0
163,6,1894.93,3,4,4,344,Regular Customers,0,0
438,1,445.05,1,1,2,112,At Risk,1,0
17,15,9887.62,5,5,5,555,Champions,0,0
624,1,200.63,1,1,1,111,At Risk,1,0
124,2,462.65999999999997,3,2,2,322,Regular Customers,0,0
23,5,1917.41,4,4,4,444,Loyal Customers,0,0
68,1,415.2,3,1,2,312,Regular Customers,0,0
17,12,4318.48,5,5,5,555,Champions,0,0
16,2,454.86,5,2,2,522,Potential Loyalist,0,0
17,4,1614.91,5,3,4,534,Potential Loyalist,0,0
161,3,928.1,3,3,3,333,Regular Customers,0,0
243,2,620.27,2,2,3,223,At Risk,0,0
219,1,134.7,2,1,1,211,At Risk,0,0
45,18,4452.02,4,5,5,455,Loyal Customers,0,0
21,6,918.44,4,4,3,443,Loyal Customers,0,0
421,4,1079.66,1,3,3,133,At Risk,1,0
127,20,2993.05,3,5,5,355,Regular Customers,0,0
39,1,108.97999999999999,4,1,1,411,Potential Loyalist,0,0
121,5,2315.75,3,4,4,344,Regular Customers,0,0
737,1,82.6,1,1,1,111,At Risk,1,0
260,1,409.57,2,1,2,212,At Risk,1,0
10,1,133.5,5,1,1,511,Potential Loyalist,0,0
274,3,972.03,2,3,3,233,At Risk,1,0
165,1,51.0,3,1,1,311,Regular Customers,0,0
157,4,1078.96,3,3,3,333,Regular Customers,0,0
215,3,376.5,2,3,2,232,At Risk,0,0
6,2,163.62,5,2,1,521,Potential Loyalist,0,0
366,3,840.0500000000001,2,3,3,233,At Risk,1,0
80,2,701.23,3,2,3,323,Regular Customers,0,0
43,1,225.12,4,1,1,411,Potential Loyalist,0,0
389,2,400.06,2,2,2,222,At Risk,1,0
19,3,912.18,5,3,3,533,Potential Loyalist,0,0
32,4,2118.03,4,3,4,434,Potential Loyalist,0,0
579,1,214.70999999999998,1,1,1,111,At Risk,1,0
22,1,151.5,4,1,1,411,Potential Loyalist,0,0
402,2,227.47000000000003,2,2,1,221,At Risk,1,0
109,8,3717.35,3,4,5,345,Regular Customers,0,0
395,2,634.68,2,2,3,223,At Risk,1,0
525,1,136.0,1,1,1,111,At Risk,1,0
8,16,9227.82,5,5,5,555,Champions,0,0
320,1,155.0,2,1,1,211,At Risk,1,0
642,2,469.13,1,2,2,122,At Risk,1,0
451,6,1175.78,1,4,3,143,At Risk,1,0
295,1,100.5,2,1,1,211,At Risk,1,0
443,2,860.08,1,2,3,123,At Risk,1,0
358,1,76.55,2,1,1,211,At Risk,1,0
541,1,108.0,1,1,1,111,At Risk,1,0
185,3,1106.82,3,3,3,333,Regular Customers,0,0
683,1,215.46,1,1,1,111,At Risk,1,0
191,2,617.05,2,2,3,223,At Risk,0,0
622,1,131.25,1,1,1,111,At Risk,1,0
44,4,1265.16,4,3,4,434,Potential Loyalist,0,0
682,1,48.96,1,1,1,111,At Risk,1,0
52,2,625.9399999999999,4,2,3,423,Potential Loyalist,0,0
26,2,1193.6299999999999,4,2,3,423,Potential Loyalist,0,0
38,3,1247.69,4,3,4,434,Potential Loyalist,0,0
501,1,58.5,1,1,1,111,At Risk,1,0
9,3,202.11,5,3,1,531,Potential Loyalist,0,0
297,1,142.4,2,1,1,211,At Risk,1,0
33,3,1727.6,4,3,4,434,Potential Loyalist,0,0
10,16,6388.2,5,5,5,555,Champions,0,0
65,5,1898.01,3,4,4,344,Regular Customers,0,0
10,13,6150.03,5,5,5,555,Champions,0,0
577,1,135.6,1,1,1,111,At Risk,1,0
432,1,266.4,1,1,1,111,At Risk,1,0
218,1,67.95,2,1,1,211,At Risk,0,0
565,1,93.8,1,1,1,111,At Risk,1,0
2,20,7801.93,5,5,5,555,Champions,0,0
65,7,1969.38,3,4,4,344,Regular Customers,0,0
3,19,2612.96,5,5,4,554,Loyal Customers,0,0
401,2,707.79,2,2,3,223,At Risk,1,0
394,8,2108.21,2,4,4,244,At Risk,1,0
149,3,1732.47,3,3,4,334,Regular Customers,0,0
4,22,6795.9,5,5,5,555,Champions,0,0
652,1,285.6,1,1,2,112,At Risk,1,0
130,6,1880.51,3,4,4,344,Regular Customers,0,0
34,13,2724.13,4,5,4,454,Loyal Customers,0,0
387,1,195.0,2,1,1,211,At Risk,1,0
119,1,156.75,3,1,1,311,Regular Customers,0,0
107,6,2157.73,3,4,4,344,Regular Customers,0,0
11,11,4102.27,5,5,5,555,Champions,0,0
71,9,3427.29,3,5,5,355,Regular Customers,0,0
92,11,2631.9,3,5,4,354,Regular Customers,0,0
311,1,1063.0,2,1,3,213,At Risk,1,0
43,3,1426.19,4,3,4,434,Potential Loyalist,0,0
362,4,764.52,2,3,3,233,At Risk,1,0
92,8,2399.33,3,4,4,344,Regular Customers,0,0
1,23,11980.09,5,5,5,555,Champions,0,0
22,2,490.22,4,2,2,422,Potential Loyalist,0,0
388,1,524.65,2,1,2,212,At Risk,1,0
4,3,1937.25,5,3,4,534,Potential Loyalist,0,0
11,7,1254.64,5,4,4,544,Loyal Customers,0,0
99,4,1639.17,3,3,4,334,Regular Customers,0,0
57,6,2469.37,4,4,4,444,Loyal Customers,0,0
1,19,10271.52,5,5,5,555,Champions,0,0
218,3,916.6099999999999,2,3,3,233,At Risk,0,0
18,1,322.08,5,1,2,512,Potential Loyalist,0,0
435,3,661.39,1,3,3,133,At Risk,1,0
24,17,11727.94,4,5,5,455,Loyal Customers,0,0
50,4,1263.52,4,3,4,434,Potential Loyalist,0,0
7,5,1224.06,5,4,4,544,Loyal Customers,0,0
404,1,516.28,2,1,2,212,At Risk,1,0
512,3,1220.9,1,3,3,133,At Risk,1,0
303,4,2614.2,2,3,4,234,At Risk,1,0
10,6,2248.5,5,4,4,544,Loyal Customers,0,0
466,1,280.7,1,1,1,111,At Risk,1,0
22,6,1372.8,4,4,4,444,Loyal Customers,0,0
502,1,90.42,1,1,1,111,At Risk,1,0
99,2,271.70000000000005,3,2,1,321,Regular Customers,0,0
366,5,873.34,2,4,3,243,At Risk,1,0
306,1,131.9,2,1,1,211,At Risk,1,0
320,5,9443.04,2,4,5,245,At Risk,1,0
8,13,5982.03,5,5,5,555,Champions,0,0
1,11,4611.6900000000005,5,5,5,555,Champions,0,0
205,7,5367.0199999999995,2,4,5,245,At Risk,0,0
54,5,2082.97,4,4,4,444,Loyal Customers,0,0
456,1,120.44,1,1,1,111,At Risk,1,0
456,1,221.65,1,1,1,111,At Risk,1,0
1,5,1200.28,5,4,3,543,Loyal Customers,0,0
19,6,1711.73,5,4,4,544,Loyal Customers,0,0
9,2,375.35,5,2,2,522,Potential Loyalist,0,0
19,8,2230.96,5,4,4,544,Loyal Customers,0,0
181,7,1128.44,3,4,3,343,Regular Customers,0,0
60,12,3258.68,3,5,5,355,Regular Customers,0,0
11,4,658.95,5,3,3,533,Potential Loyalist,0,0
190,1,119.93,2,1,1,211,At Risk,0,0
376,5,977.3,2,4,3,243,At Risk,1,0
432,4,617.72,1,3,3,133,At Risk,1,0
5,9,3017.28,5,5,5,555,Champions,0,0
311,1,113.64,2,1,1,211,At Risk,1,0
381,1,228.07,2,1,1,211,At Risk,1,0
155,2,5375.741,3,2,5,325,Regular Customers,0,0
110,9,1093.5,3,5,3,353,Regular Customers,0,0
148,13,6676.91,3,5,5,355,Regular Customers,0,0
66,12,2242.81,3,5,4,354,Regular Customers,0,0
98,4,786.5699999999999,3,3,3,333,Regular Customers,0,0
568,2,111.0,1,2,1,121,At Risk,1,0
247,11,3925.85,2,5,5,255,At Risk,0,0
29,13,4267.15,4,5,5,455,Loyal Customers,0,0
18,12,2203.2400000000002,5,5,4,554,Loyal Customers,0,0
734,1,204.24,1,1,1,111,At Risk,1,0
416,4,2093.46,1,3,4,134,At Risk,1,0
12,3,712.04,5,3,3,533,Potential Loyalist,0,0
591,2,400.95,1,2,2,122,At Risk,1,0
104,9,2118.72,3,5,4,354,Regular Customers,0,0
74,2,234.34000000000003,3,2,1,321,Regular Customers,0,0
46,2,1258.8899999999999,4,2,4,424,Potential Loyalist,0,0
72,4,1151.15,3,3,3,333,Regular Customers,0,0
257,1,193.0,2,1,1,211,At Risk,1,0
20,7,1969.6,4,4,4,444,Loyal Customers,0,0
382,4,1276.66,2,3,4,234,At Risk,1,0
254,4,1124.71,2,3,3,233,At Risk,0,0
11,4,1299.52,5,3,4,534,Potential Loyalist,0,0
165,5,2284.69,3,4,4,344,Regular Customers,0,0
18,12,4306.72,5,5,5,555,Champions,0,0
282,2,257.1,2,2,1,221,At Risk,1,0
50,4,1070.98,4,3,3,433,Potential Loyalist,0,0
39,1,162.8,4,1,1,411,Potential Loyalist,0,0
512,2,175.5,1,2,1,121,At Risk,1,0
27,7,1266.27,4,4,4,444,Loyal Customers,0,0
68,1,1064.28,3,1,3,313,Regular Customers,0,0
207,4,1574.93,2,3,4,234,At Risk,0,0
406,2,1273.47,2,2,4,224,At Risk,1,0
175,2,340.93,3,2,2,322,Regular Customers,0,0
430,7,1921.91,1,4,4,144,At Risk,1,0
7,10,5087.86,5,5,5,555,Champions,0,0
26,3,401.46,4,3,2,432,Potential Loyalist,0,0
51,3,174.8,4,3,1,431,Potential Loyalist,0,0
312,7,2363.89,2,4,4,244,At Risk,1,0
309,2,697.0600000000001,2,2,3,223,At Risk,1,0
43,10,3900.83,4,5,5,455,Loyal Customers,0,0
26,7,2101.79,4,4,4,444,Loyal Customers,0,0
88,3,356.85,3,3,2,332,Regular Customers,0,0
184,2,251.21,3,2,1,321,Regular Customers,0,0
20,11,2429.83,4,5,4,454,Loyal Customers,0,0
3,6,3543.26,5,4,5,545,Loyal Customers,0,0
47,4,673.26,4,3,3,433,Potential Loyalist,0,0
17,19,11879.08,5,5,5,555,Champions,0,0
17,7,2960.25,5,4,5,545,Loyal Customers,0,0
24,11,3216.7400000000002,4,5,5,455,Loyal Customers,0,0
22,5,822.92,4,4,3,443,Loyal Customers,0,0
534,1,110.95,1,1,1,111,At Risk,1,0
376,3,979.85,2,3,3,233,At Risk,1,0
11,5,1314.81,5,4,4,544,Loyal Customers,0,0
188,7,1215.97,3,4,3,343,Regular Customers,0,0
101,6,788.01,3,4,3,343,Regular Customers,0,0
61,9,4380.04,3,5,5,355,Regular Customers,0,0
18,12,3724.06,5,5,5,555,Champions,0,0
516,1,151.17,1,1,1,111,At Risk,1,0
33,2,330.45,4,2,2,422,Potential Loyalist,0,0
64,1,174.37,3,1,1,311,Regular Customers,0,0
684,2,203.14,1,2,1,121,At Risk,1,0
2,2,270.6,5,2,1,521,Potential Loyalist,0,0
491,1,199.45000000000002,1,1,1,111,At Risk,1,0
24,8,1748.42,4,4,4,444,Loyal Customers,0,0
108,1,241.09,3,1,1,311,Regular Customers,0,0
32,13,2909.86,4,5,4,454,Loyal Customers,0,0
20,17,8026.54,4,5,5,455,Loyal Customers,0,0
389,1,258.65,2,1,1,211,At Risk,1,0
3,122,27246.88,5,5,5,555,Champions,3,-1
37,1,364.21999999999997,4,1,2,412,Potential Loyalist,0,0
60,3,578.61,3,3,2,332,Regular Customers,0,0
26,16,6088.87,4,5,5,455,Loyal Customers,0,0
480,1,376.34,1,1,2,112,At Risk,1,0
236,11,3845.78,2,5,5,255,At Risk,0,0
25,11,3466.37,4,5,5,455,Loyal Customers,0,0
3,26,6187.66,5,5,5,555,Champions,0,0
60,9,5973.2300000000005,3,5,5,355,Regular Customers,0,0
260,1,170.95,2,1,1,211,At Risk,1,0
58,2,641.4,4,2,3,423,Potential Loyalist,0,0
65,5,1370.8400000000001,3,4,4,344,Regular Customers,0,0
16,2,537.48,5,2,2,522,Potential Loyalist,0,0
10,11,3709.64,5,5,5,555,Champions,0,0
59,14,2491.38,4,5,4,454,Loyal Customers,0,0
186,1,103.25,3,1,1,311,Regular Customers,0,0
29,39,14587.87,4,5,5,455,Loyal Customers,0,0
24,3,2938.53,4,3,5,435,Potential Loyalist,0,0
674,1,349.25,1,1,2,112,At Risk,1,0
5,11,5184.84,5,5,5,555,Champions,0,0
4,8,3974.75,5,4,5,545,Loyal Customers,0,0
151,9,2541.29,3,5,4,354,Regular Customers,0,0
311,4,913.6,2,3,3,233,At Risk,1,0
11,4,1345.06,5,3,4,534,Potential Loyalist,0,0
18,7,878.09,5,4,3,543,Loyal Customers,0,0
152,3,507.93,3,3,2,332,Regular Customers,0,0
19,9,1818.6,5,5,4,554,Loyal Customers,0,0
10,4,2279.4900000000002,5,3,4,534,Potential Loyalist,0,0
57,6,2304.03,4,4,4,444,Loyal Customers,0,0
596,3,815.69,1,3,3,133,At Risk,1,0
85,1,788.38,3,1,3,313,Regular Customers,0,0
654,3,655.5,1,3,3,133,At Risk,1,0
390,1,75.6,2,1,1,211,At Risk,1,0
7,44,6114.03,5,5,5,555,Champions,0,0
76,3,1080.76,3,3,3,333,Regular Customers,0,0
4,26,6638.150000000001,5,5,5,555,Champions,0,0
510,2,640.54,1,2,3,123,At Risk,1,0
435,2,2605.62,1,2,4,124,At Risk,1,0
96,5,3859.2200000000003,3,4,5,345,Regular Customers,0,0
111,4,4092.0,3,3,5,335,Regular Customers,0,0
57,2,1530.3600000000001,4,2,4,424,Potential Loyalist,0,0
435,1,919.7,1,1,3,113,At Risk,1,0
1,4,597.3299999999999,5,3,2,532,Potential Loyalist,0,0
281,3,613.75,2,3,3,233,At Risk,1,0
425,1,160.0,1,1,1,111,At Risk,1,0
3,11,5526.88,5,5,5,555,Champions,0,0
180,13,2163.12,3,5,4,354,Regular Customers,0,0
733,1,143.70000000000002,1,1,1,111,At Risk,1,0
488,1,420.22,1,1,2,112,At Risk,1,0
372,1,35.400000000000006,2,1,1,211,At Risk,1,0
13,7,1364.15,5,4,4,544,Loyal Customers,0,0
3,1,168.63,5,1,1,511,Potential Loyalist,0,0
432,1,105.56,1,1,1,111,At Risk,1,0
518,1,14.850000000000001,1,1,1,111,At Risk,1,0
17,2,409.65,5,2,2,522,Potential Loyalist,0,0
41,1,114.11,4,1,1,411,Potential Loyalist,0,0
6,8,1660.29,5,4,4,544,Loyal Customers,0,0
169,8,1738.16,3,4,4,344,Regular Customers,0,0
50,5,1143.27,4,4,3,443,Loyal Customers,0,0
277,1,237.36,2,1,1,211,At Risk,1,0
19,9,1580.29,5,5,4,554,Loyal Customers,0,0
578,1,135.39,1,1,1,111,At Risk,1,0
372,1,39.75,2,1,1,211,At Risk,1,0
425,20,2993.37,1,5,5,155,At Risk,1,0
15,4,1320.21,5,3,4,534,Potential Loyalist,0,0
35,3,557.94,4,3,2,432,Potential Loyalist,0,0
22,12,3665.5299999999997,4,5,5,455,Loyal Customers,0,0
7,2,363.33,5,2,2,522,Potential Loyalist,0,0
20,8,2164.45,4,4,4,444,Loyal Customers,0,0
627,1,222.22000000000003,1,1,1,111,At Risk,1,0
11,6,2184.63,5,4,4,544,Loyal Customers,0,0
44,2,384.04,4,2,2,422,Potential Loyalist,0,0
390,2,457.89,2,2,2,222,At Risk,1,0
306,2,865.1700000000001,2,2,3,223,At Risk,1,0
11,1,213.96,5,1,1,511,Potential Loyalist,0,0
656,1,205.35999999999999,1,1,1,111,At Risk,1,0
275,1,660.0,2,1,3,213,At Risk,1,0
633,1,143.85999999999999,1,1,1,111,At Risk,1,0
374,4,921.5600000000001,2,3,3,233,At Risk,1,0
1,192,29951.37,5,5,5,555,Champions,3,-1
16,22,23763.13,5,5,5,555,Champions,0,0
4,11,3352.94,5,5,5,555,Champions,0,0
72,10,1486.2,3,5,4,354,Regular Customers,0,0
396,2,24.35,2,2,1,221,At Risk,1,0
444,2,604.3299999999999,1,2,2,122,At Risk,1,0
415,1,877.7,1,1,3,113,At Risk,1,0
680,1,76.32000000000001,1,1,1,111,At Risk,1,0
386,1,295.13,2,1,2,212,At Risk,1,0
394,5,951.76,2,4,3,243,At Risk,1,0
243,5,527.78,2,4,2,242,At Risk,0,0
403,2,190.47000000000003,2,2,1,221,At Risk,1,0
9,7,1342.32,5,4,4,544,Loyal Customers,0,0
246,2,1291.24,2,2,4,224,At Risk,0,0
206,2,412.78000000000003,2,2,2,222,At Risk,0,0
1,9,3000.57,5,5,5,555,Champions,0,0
185,1,320.58000000000004,3,1,2,312,Regular Customers,0,0
32,10,2016.98,4,5,4,454,Loyal Customers,0,0
57,6,814.07,4,4,3,443,Loyal Customers,0,0
196,11,4497.88,2,5,5,255,At Risk,0,0
24,11,5410.92,4,5,5,455,Loyal Customers,0,0
379,1,462.75,2,1,2,212,At Risk,1,0
91,5,1998.0,3,4,4,344,Regular Customers,0,0
4,2,955.26,5,2,3,523,Potential Loyalist,0,0
484,1,338.65,1,1,2,112,At Risk,1,0
51,6,2025.69,4,4,4,444,Loyal Customers,0,0
263,1,114.56,2,1,1,211,At Risk,1,0
266,1,344.90000000000003,2,1,2,212,At Risk,1,0
438,4,2124.46,1,3,4,134,At Risk,1,0
454,1,215.22,1,1,1,111,At Risk,1,0
36,2,609.85,4,2,3,423,Potential Loyalist,0,0
677,1,106.67999999999999,1,1,1,111,At Risk,1,0
51,1,443.6,4,1,2,412,Potential Loyalist,0,0
52,9,4978.96,4,5,5,455,Loyal Customers,0,0
24,10,3649.36,4,5,5,455,Loyal Customers,0,0
22,1,110.46,4,1,1,411,Potential Loyalist,0,0
59,1,96.12,4,1,1,411,Potential Loyalist,0,0
170,5,1679.89,3,4,4,344,Regular Customers,0,0
68,7,2247.72,3,4,4,344,Regular Customers,0,0
157,3,876.89,3,3,3,333,Regular Customers,0,0
2,151,528602.52,5,5,5,555,Champions,2,-1
201,2,506.04,2,2,2,222,At Risk,0,0
416,15,4466.65,1,5,5,155,At Risk,1,0
5,9,3651.19,5,5,5,555,Champions,0,0
589,1,62.5,1,1,1,111,At Risk,1,0
67,9,2025.52,3,5,4,354,Regular Customers,0,0
77,1,114.18,3,1,1,311,Regular Customers,0,0
1,12,3593.06,5,5,5,555,Champions,0,0
738,1,246.86,1,1,1,111,At Risk,1,0
8,7,3878.51,5,4,5,545,Loyal Customers,0,0
169,5,790.0,3,4,3,343,Regular Customers,0,0
18,6,1450.19,5,4,4,544,Loyal Customers,0,0
5,2,247.15,5,2,1,521,Potential Loyalist,0,0
9,9,2529.93,5,5,4,554,Loyal Customers,0,0
87,2,285.74,3,2,2,322,Regular Customers,0,0
27,1,107.95,4,1,1,411,Potential Loyalist,0,0
29,7,1376.43,4,4,4,444,Loyal Customers,0,0
430,2,490.6,1,2,2,122,At Risk,1,0
20,2,636.24,4,2,3,423,Potential Loyalist,0,0
61,7,2749.65,3,4,4,344,Regular Customers,0,0
24,1,195.25,4,1,1,411,Potential Loyalist,0,0
11,54,20395.34,5,5,5,555,Champions,0,0
445,1,111.63,1,1,1,111,At Risk,1,0
242,7,3216.78,2,4,5,245,At Risk,0,0
280,3,583.33,2,3,2,232,At Risk,1,0
549,2,1127.45,1,2,3,123,At Risk,1,0
235,4,1113.14,2,3,3,233,At Risk,0,0
3,7,3037.32,5,4,5,545,Loyal Customers,0,0
509,1,173.66,1,1,1,111,At Risk,1,0
16,2,1015.58,5,2,3,523,Potential Loyalist,0,0
31,12,8356.79,4,5,5,455,Loyal Customers,0,0
593,1,184.91,1,1,1,111,At Risk,1,0
579,1,403.39,1,1,2,112,At Risk,1,0
382,3,1289.44,2,3,4,234,At Risk,1,0
25,58,55688.5,4,5,5,455,Loyal Customers,3,-1
71,6,875.1500000000001,3,4,3,343,Regular Customers,0,0
188,6,1514.81,3,4,4,344,Regular Customers,0,0
588,1,146.56,1,1,1,111,At Risk,1,0
26,6,1430.03,4,4,4,444,Loyal Customers,0,0
576,8,4536.64,1,4,5,145,At Risk,1,0
414,5,852.53,1,4,3,143,At Risk,1,0
107,3,1402.06,3,3,4,334,Regular Customers,0,0
8,28,7190.42,5,5,5,555,Champions,0,0
209,1,112.8,2,1,1,211,At Risk,0,0
44,4,777.68,4,3,3,433,Potential Loyalist,0,0
31,5,2114.33,4,4,4,444,Loyal Customers,0,0
137,12,1715.1399999999999,3,5,4,354,Regular Customers,0,0
265,7,1165.36,2,4,3,243,At Risk,0,0
617,1,244.31,1,1,1,111,At Risk,1,0
519,3,1534.22,1,3,4,134,At Risk,1,0
4,8,2473.28,5,4,4,544,Loyal Customers,0,0
218,2,188.60999999999999,2,2,1,221,At Risk,0,0
2,5,1217.27,5,4,3,543,Loyal Customers,0,0
214,4,702.6,2,3,3,233,At Risk,0,0
32,5,3076.06,4,4,5,445,Loyal Customers,0,0
11,15,4487.11,5,5,5,555,Champions,0,0
1,29,6368.78,5,5,5,555,Champions,0,0
15,1,318.17,5,1,2,512,Potential Loyalist,0,0
11,11,1752.92,5,5,4,554,Loyal Customers,0,0
199,1,179.0,2,1,1,211,At Risk,0,0
619,1,367.54,1,1,2,112,At Risk,1,0
436,2,139.2,1,2,1,121,At Risk,1,0
3,5,1793.22,5,4,4,544,Loyal Customers,0,0
15,25,8886.33,5,5,5,555,Champions,0,0
14,13,1899.79,5,5,4,554,Loyal Customers,0,0
10,11,2839.62,5,5,4,554,Loyal Customers,0,0
29,4,1328.0700000000002,4,3,4,434,Potential Loyalist,0,0
9,21,5115.76,5,5,5,555,Champions,0,0
24,4,906.24,4,3,3,433,Potential Loyalist,0,0
25,8,1825.45,4,4,4,444,Loyal Customers,0,0
43,3,543.28,4,3,2,432,Potential Loyalist,0,0
733,1,81.3,1,1,1,111,At Risk,1,0
410,1,226.42,2,1,1,211,At Risk,1,0
2,5,1581.84,5,4,4,544,Loyal Customers,0,0
6,3,663.81,5,3,3,533,Potential Loyalist,0,0
379,1,109.07,2,1,1,211,At Risk,1,0
147,3,489.52,3,3,2,332,Regular Customers,0,0
10,11,1803.06,5,5,4,554,Loyal Customers,0,0
590,1,341.9,1,1,2,112,At Risk,1,0
25,4,1252.74,4,3,4,434,Potential Loyalist,0,0
655,1,116.5,1,1,1,111,At Risk,1,0
274,3,463.72999999999996,2,3,2,232,At Risk,1,0
413,1,190.58,1,1,1,111,At Risk,1,0
374,3,586.24,2,3,2,232,At Risk,1,0
1,8,1897.57,5,4,4,544,Loyal Customers,0,0
47,3,380.02,4,3,2,432,Potential Loyalist,0,0
8,19,5517.07,5,5,5,555,Champions,0,0
16,15,14335.15,5,5,5,555,Champions,0,0
426,4,1056.42,1,3,3,133,At Risk,1,0
4,56,12240.16,5,5,5,555,Champions,0,0
485,2,374.05,1,2,2,122,At Risk,1,0
4,4,3554.17,5,3,5,535,Potential Loyalist,0,0
43,9,1821.9,4,5,4,454,Loyal Customers,0,0
4,25,11573.62,5,5,5,555,Champions,0,0
197,11,4161.06,2,5,5,255,At Risk,0,0
12,7,1713.09,5,4,4,544,Loyal Customers,0,0
435,1,579.85,1,1,2,112,At Risk,1,0
593,1,50.48,1,1,1,111,At Risk,1,0
16,14,3660.08,5,5,5,555,Champions,0,0
113,12,2551.41,3,5,4,354,Regular Customers,0,0
406,4,593.5,2,3,2,232,At Risk,1,0
249,1,328.2,2,1,2,212,At Risk,0,0
29,10,2681.9,4,5,4,454,Loyal Customers,0,0
480,1,310.15,1,1,2,112,At Risk,1,0
736,1,112.03,1,1,1,111,At Risk,1,0
684,2,126.45,1,2,1,121,At Risk,1,0
44,1,389.64,4,1,2,412,Potential Loyalist,0,0
87,2,869.51,3,2,3,323,Regular Customers,0,0
45,6,1547.93,4,4,4,444,Loyal Customers,0,0
10,25,9972.550000000001,5,5,5,555,Champions,0,0
15,3,2653.76,5,3,4,534,Potential Loyalist,0,0
75,1,420.5,3,1,2,312,Regular Customers,0,0
145,7,2864.97,3,4,4,344,Regular Customers,0,0
5,3,1625.97,5,3,4,534,Potential Loyalist,0,0
297,1,89.2,2,1,1,211,At Risk,1,0
59,3,447.92,4,3,2,432,Potential Loyalist,0,0
264,2,417.57,2,2,2,222,At Risk,1,0
47,1,278.3,4,1,1,411,Potential Loyalist,0,0
29,3,254.11,4,3,1,431,Potential Loyalist,0,0
8,11,6375.7300000000005,5,5,5,555,Champions,0,0
474,1,382.81,1,1,2,112,At Risk,1,0
17,2,192.60000000000002,5,2,1,521,Potential Loyalist,0,0
3,17,15514.11,5,5,5,555,Champions,0,0
232,8,3637.64,2,4,5,245,At Risk,0,0
621,2,594.62,1,2,2,122,At Risk,1,0
112,1,139.26,3,1,1,311,Regular Customers,0,0
593,1,140.55,1,1,1,111,At Risk,1,0
529,1,241.45,1,1,1,111,At Risk,1,0
58,3,1011.9,4,3,3,433,Potential Loyalist,0,0
51,15,3708.3,4,5,5,455,Loyal Customers,0,0
404,1,307.56,2,1,2,212,At Risk,1,0
127,2,730.86,3,2,3,323,Regular Customers,0,0
281,3,386.15,2,3,2,232,At Risk,1,0
55,2,447.68,4,2,2,422,Potential Loyalist,0,0
320,1,200.10000000000002,2,1,1,211,At Risk,1,0
659,1,307.3,1,1,2,112,At Risk,1,0
26,3,449.93,4,3,2,432,Potential Loyalist,0,0
10,2,77.4,5,2,1,521,Potential Loyalist,0,0
550,1,90.96,1,1,1,111,At Risk,1,0
471,1,110.65,1,1,1,111,At Risk,1,0
7,3,1156.32,5,3,3,533,Potential Loyalist,0,0
29,1,197.64,4,1,1,411,Potential Loyalist,0,0
17,10,2526.62,5,5,4,554,Loyal Customers,0,0
607,1,303.63,1,1,2,112,At Risk,1,0
64,1,6.2,3,1,1,311,Regular Customers,0,0
21,2,625.9,4,2,3,423,Potential Loyalist,0,0
3,10,1953.9,5,5,4,554,Loyal Customers,0,0
166,1,131.45000000000002,3,1,1,311,Regular Customers,0,0
1,27,10169.33,5,5,5,555,Champions,0,0
507,1,300.31,1,1,2,112,At Risk,1,0
53,8,724.31,4,4,3,443,Loyal Customers,0,0
51,2,338.15,4,2,2,422,Potential Loyalist,0,0
48,17,7191.33,4,5,5,455,Loyal Customers,0,0
61,1,189.34,3,1,1,311,Regular Customers,0,0
438,2,1502.98,1,2,4,124,At Risk,1,0
162,3,845.55,3,3,3,333,Regular Customers,0,0
9,1,353.27,5,1,2,512,Potential Loyalist,0,0
15,7,1082.55,5,4,3,543,Loyal Customers,0,0
75,2,303.43,3,2,2,322,Regular Customers,0,0
391,2,504.14,2,2,2,222,At Risk,1,0
40,8,2718.6,4,4,4,444,Loyal Customers,0,0
621,2,686.76,1,2,3,123,At Risk,1,0
41,13,2354.03,4,5,4,454,Loyal Customers,0,0
387,1,170.5,2,1,1,211,At Risk,1,0
599,1,178.85,1,1,1,111,At Risk,1,0
370,4,888.91,2,3,3,233,At Risk,1,0
581,1,154.21,1,1,1,111,At Risk,1,0
37,2,778.5,4,2,3,423,Potential Loyalist,0,0
197,1,271.85,2,1,1,211,At Risk,0,0
200,7,3959.86,2,4,5,245,At Risk,0,0
74,6,1153.56,3,4,3,343,Regular Customers,0,0
64,4,456.41,3,3,2,332,Regular Customers,0,0
21,9,1274.76,4,5,4,454,Loyal Customers,0,0
367,7,1230.15,2,4,4,244,At Risk,1,0
485,1,157.70000000000002,1,1,1,111,At Risk,1,0
180,3,321.43,3,3,2,332,Regular Customers,0,0
10,10,4022.9100000000003,5,5,5,555,Champions,0,0
4,24,4735.08,5,5,5,555,Champions,0,0
582,2,385.2,1,2,2,122,At Risk,1,0
197,13,9839.460000000001,2,5,5,255,At Risk,0,0
29,7,1455.8700000000001,4,4,4,444,Loyal Customers,0,0
53,1,188.88,4,1,1,411,Potential Loyalist,0,0
680,3,1676.57,1,3,4,134,At Risk,1,0
630,1,322.69,1,1,2,112,At Risk,1,0
499,1,94.8,1,1,1,111,At Risk,1,0
18,7,2206.16,5,4,4,544,Loyal Customers,0,0
529,2,297.0,1,2,2,122,At Risk,1,0
10,3,102.44999999999999,5,3,1,531,Potential Loyalist,0,0
90,9,3460.32,3,5,5,355,Regular Customers,0,0
423,2,769.9200000000001,1,2,3,123,At Risk,1,0
418,3,915.28,1,3,3,133,At Risk,1,0
268,2,362.71,2,2,2,222,At Risk,1,0
53,14,7163.0,4,5,5,455,Loyal Customers,0,0
44,4,2824.69,4,3,4,434,Potential Loyalist,0,0
437,1,211.79999999999998,1,1,1,111,At Risk,1,0
64,10,6702.43,3,5,5,355,Regular Customers,0,0
600,1,150.0,1,1,1,111,At Risk,1,0
427,1,437.4,1,1,2,112,At Risk,1,0
149,3,1348.95,3,3,4,334,Regular Customers,0,0
405,1,310.56,2,1,2,212,At Risk,1,0
22,43,15407.61,4,5,5,455,Loyal Customers,0,0
312,7,1770.96,2,4,4,244,At Risk,1,0
23,3,829.4100000000001,4,3,3,433,Potential Loyalist,0,0
58,18,6132.43,4,5,5,455,Loyal Customers,0,0
24,5,1376.87,4,4,4,444,Loyal Customers,0,0
78,11,4303.06,3,5,5,355,Regular Customers,0,0
119,7,6520.3,3,4,5,345,Regular Customers,0,0
36,3,1290.53,4,3,4,434,Potential Loyalist,0,0
60,7,3651.851,3,4,5,345,Regular Customers,0,0
506,1,180.75,1,1,1,111,At Risk,1,0
13,5,1705.64,5,4,4,544,Loyal Customers,0,0
19,1,170.32,5,1,1,511,Potential Loyalist,0,0
52,10,1380.73,4,5,4,454,Loyal Customers,0,0
26,2,841.1999999999999,4,2,3,423,Potential Loyalist,0,0
29,1,266.76,4,1,1,411,Potential Loyalist,0,0
7,4,92.52000000000001,5,3,1,531,Potential Loyalist,0,0
11,19,20746.54,5,5,5,555,Champions,0,0
186,16,2952.06,3,5,5,355,Regular Customers,0,0
3,12,4184.01,5,5,5,555,Champions,0,0
9,6,2778.14,5,4,4,544,Loyal Customers,0,0
262,6,1838.95,2,4,4,244,At Risk,0,0
3,9,1228.17,5,5,4,554,Loyal Customers,0,0
484,3,816.6,1,3,3,133,At Risk,1,0
210,2,854.13,2,2,3,223,At Risk,0,0
535,1,116.18,1,1,1,111,At Risk,1,0
108,3,2862.4,3,3,4,334,Regular Customers,0,0
521,2,256.7,1,2,1,121,At Risk,1,0
418,2,425.85,1,2,2,122,At Risk,1,0
13,25,4076.5,5,5,5,555,Champions,0,0
685,1,185.06,1,1,1,111,At Risk,1,0
77,3,690.59,3,3,3,333,Regular Customers,0,0
20,1,255.4,4,1,1,411,Potential Loyalist,0,0
27,14,3546.65,4,5,5,455,Loyal Customers,0,0
19,6,761.59,5,4,3,543,Loyal Customers,0,0
669,1,120.6,1,1,1,111,At Risk,1,0
132,3,1598.12,3,3,4,334,Regular Customers,0,0
253,1,364.8,2,1,2,212,At Risk,1,0
79,1,1862.0,3,1,4,314,Regular Customers,0,0
207,1,369.2,2,1,2,212,At Risk,0,0
336,1,135.9,2,1,1,211,At Risk,1,0
254,3,817.25,2,3,3,233,At Risk,0,0
148,4,1106.73,3,3,3,333,Regular Customers,0,0
691,1,202.35000000000002,1,1,1,111,At Risk,1,0
10,3,1809.6100000000001,5,3,4,534,Potential Loyalist,0,0
85,3,1492.81,3,3,4,334,Regular Customers,0,0
8,38,25119.54,5,5,5,555,Champions,0,0
205,8,1826.0,2,4,4,244,At Risk,0,0
8,8,3140.54,5,4,5,545,Loyal Customers,0,0
23,14,3365.95,4,5,5,455,Loyal Customers,0,0
395,1,1331.38,2,1,4,214,At Risk,1,0
522,1,13.919999999999998,1,1,1,111,At Risk,1,0
11,12,1919.0,5,5,4,554,Loyal Customers,0,0
26,3,1035.6200000000001,4,3,3,433,Potential Loyalist,0,0
21,5,2795.33,4,4,4,444,Loyal Customers,0,0
2,4,1630.49,5,3,4,534,Potential Loyalist,0,0
158,8,1971.39,3,4,4,344,Regular Customers,0,0
445,1,68.44,1,1,1,111,At Risk,1,0
3,16,5547.72,5,5,5,555,Champions,0,0
74,2,381.9,3,2,2,322,Regular Customers,0,0
437,3,1404.68,1,3,4,134,At Risk,1,0
3,4,434.35,5,3,2,532,Potential Loyalist,0,0
1,398,291420.81,5,5,5,555,Champions,2,-1
17,6,1889.25,5,4,4,544,Loyal Customers,0,0
36,8,4073.13,4,4,5,445,Loyal Customers,0,0
91,11,1811.25,3,5,4,354,Regular Customers,0,0
71,8,3042.95,3,4,5,345,Regular Customers,0,0
597,2,1123.75,1,2,3,123,At Risk,1,0
116,9,5955.81,3,5,5,355,Regular Customers,0,0
539,1,359.35,1,1,2,112,At Risk,1,0
213,3,1607.17,2,3,4,234,At Risk,0,0
30,2,1316.07,4,2,4,424,Potential Loyalist,0,0
394,2,843.74,2,2,3,223,At Risk,1,0
51,1,749.1,4,1,3,413,Potential Loyalist,0,0
246,3,931.01,2,3,3,233,At Risk,0,0
382,2,359.4,2,2,2,222,At Risk,1,0
397,1,308.2,2,1,2,212,At Risk,1,0
628,1,223.91000000000003,1,1,1,111,At Risk,1,0
32,2,836.69,4,2,3,423,Potential Loyalist,0,0
109,6,5236.7300000000005,3,4,5,345,Regular Customers,0,0
5,5,1257.68,5,4,4,544,Loyal Customers,0,0
366,2,666.13,2,2,3,223,At Risk,1,0
444,4,1770.0,1,3,4,134,At Risk,1,0
82,5,3503.5,3,4,5,345,Regular Customers,0,0
297,2,2849.83,2,2,4,224,At Risk,1,0
34,12,12410.81,4,5,5,455,Loyal Customers,0,0
57,3,1621.88,4,3,4,434,Potential Loyalist,0,0
562,2,2322.43,1,2,4,124,At Risk,1,0
418,2,531.49,1,2,2,122,At Risk,1,0
579,1,182.1,1,1,1,111,At Risk,1,0
402,4,746.56,2,3,3,233,At Risk,1,0
663,1,107.62,1,1,1,111,At Risk,1,0
30,19,9784.67,4,5,5,455,Loyal Customers,0,0
414,1,179.4,1,1,1,111,At Risk,1,0
14,1,100.9,5,1,1,511,Potential Loyalist,0,0
72,6,1049.79,3,4,3,343,Regular Customers,0,0
23,6,1101.97,4,4,3,443,Loyal Customers,0,0
469,4,515.0,1,3,2,132,At Risk,1,0
19,1,371.2,5,1,2,512,Potential Loyalist,0,0
79,1,311.69,3,1,2,312,Regular Customers,0,0
60,32,17629.35,3,5,5,355,Regular Customers,0,0
25,4,971.32,4,3,3,433,Potential Loyalist,0,0
12,2,462.12,5,2,2,522,Potential Loyalist,0,0
733,1,163.77,1,1,1,111,At Risk,1,0
421,1,1325.0,1,1,4,114,At Risk,1,0
253,2,261.69,2,2,1,221,At Risk,0,0
147,6,941.99,3,4,3,343,Regular Customers,0,0
64,4,695.42,3,3,3,333,Regular Customers,0,0
8,2,221.27,5,2,1,521,Potential Loyalist,0,0
11,22,16410.15,5,5,5,555,Champions,0,0
271,4,366.91,2,3,2,232,At Risk,1,0
10,12,3123.57,5,5,5,555,Champions,0,0
247,1,206.21,2,1,1,211,At Risk,0,0
96,2,596.09,3,2,2,322,Regular Customers,0,0
15,6,1064.26,5,4,3,543,Loyal Customers,0,0
50,6,1982.6100000000001,4,4,4,444,Loyal Customers,0,0
30,2,501.24,4,2,2,422,Potential Loyalist,0,0
704,1,906.23,1,1,3,113,At Risk,1,0
68,12,4919.35,3,5,5,355,Regular Customers,0,0
35,3,1097.98,4,3,3,433,Potential Loyalist,0,0
128,2,145.07,3,2,1,321,Regular Customers,0,0
107,3,1314.45,3,3,4,334,Regular Customers,0,0
37,1,89.94,4,1,1,411,Potential Loyalist,0,0
57,2,472.39,4,2,2,422,Potential Loyalist,0,0
57,7,790.86,4,4,3,443,Loyal Customers,0,0
726,1,31.929999999999996,1,1,1,111,At Risk,1,0
72,10,3112.19,3,5,5,355,Regular Customers,0,0
735,1,429.66,1,1,2,112,At Risk,1,0
737,1,150.68,1,1,1,111,At Risk,1,0
246,2,372.92,2,2,2,222,At Risk,0,0
572,1,237.78,1,1,1,111,At Risk,1,0
689,1,183.20000000000002,1,1,1,111,At Risk,1,0
19,6,1260.51,5,4,4,544,Loyal Customers,0,0
198,2,292.01,2,2,2,222,At Risk,0,0
376,2,563.1,2,2,2,222,At Risk,1,0
16,8,1550.6499999999999,5,4,4,544,Loyal Customers,0,0
212,7,2038.65,2,4,4,244,At Risk,0,0
662,1,342.4,1,1,2,112,At Risk,1,0
612,2,304.17,1,2,2,122,At Risk,1,0
430,1,314.67,1,1,2,112,At Risk,1,0
442,1,210.5,1,1,1,111,At Risk,1,0
564,1,36.13,1,1,1,111,At Risk,1,0
382,5,946.72,2,4,3,243,At Risk,1,0
39,2,231.98000000000002,4,2,1,421,Potential Loyalist,0,0
481,2,442.28999999999996,1,2,2,122,At Risk,1,0
46,4,776.5999999999999,4,3,3,433,Potential Loyalist,0,0
170,4,753.18,3,3,3,333,Regular Customers,0,0
593,1,129.48000000000002,1,1,1,111,At Risk,1,0
48,1,490.52,4,1,2,412,Potential Loyalist,0,0
394,2,199.10999999999999,2,2,1,221,At Risk,1,0
116,9,4138.08,3,5,5,355,Regular Customers,0,0
473,6,1027.03,1,4,3,143,At Risk,1,0
147,1,1220.77,3,1,3,313,Regular Customers,0,0
16,56,13754.58,5,5,5,555,Champions,0,0
51,2,757.78,4,2,3,423,Potential Loyalist,0,0
159,1,156.91,3,1,1,311,Regular Customers,0,0
480,2,360.0,1,2,2,122,At Risk,1,0
12,3,1259.43,5,3,4,534,Potential Loyalist,0,0
36,1,308.94,4,1,2,412,Potential Loyalist,0,0
396,2,416.6,2,2,2,222,At Risk,1,0
54,3,646.26,4,3,3,433,Potential Loyalist,0,0
488,10,1610.82,1,5,4,154,At Risk,1,0
43,2,257.67,4,2,1,421,Potential Loyalist,0,0
501,13,2354.97,1,5,4,154,At Risk,1,0
173,5,620.89,3,4,3,343,Regular Customers,0,0
34,1,125.58,4,1,1,411,Potential Loyalist,0,0
39,3,496.21000000000004,4,3,2,432,Potential Loyalist,0,0
267,1,252.81,2,1,1,211,At Risk,1,0
379,1,198.47,2,1,1,211,At Risk,1,0
9,12,2500.59,5,5,4,554,Loyal Customers,0,0
12,5,1133.44,5,4,3,543,Loyal Customers,0,0
3,20,11578.65,5,5,5,555,Champions,0,0
10,16,3559.39,5,5,5,555,Champions,0,0
33,2,979.79,4,2,3,423,Potential Loyalist,0,0
80,5,1048.8899999999999,3,4,3,343,Regular Customers,0,0
31,10,3195.6,4,5,5,455,Loyal Customers,0,0
8,6,962.94,5,4,3,543,Loyal Customers,0,0
620,1,365.1,1,1,2,112,At Risk,1,0
72,8,1979.91,3,4,4,344,Regular Customers,0,0
4,14,3102.94,5,5,5,555,Champions,0,0
256,8,11010.05,2,4,5,245,At Risk,0,0
5,10,2557.18,5,5,4,554,Loyal Customers,0,0
16,14,8231.2,5,5,5,555,Champions,0,0
90,1,252.73000000000002,3,1,1,311,Regular Customers,0,0
72,3,429.56,3,3,2,332,Regular Customers,0,0
376,2,397.76,2,2,2,222,At Risk,1,0
59,9,1146.53,4,5,3,453,Loyal Customers,0,0
10,93,39141.48,5,5,5,555,Champions,3,-1
542,1,7.49,1,1,1,111,At Risk,1,0
170,2,289.4,3,2,2,322,Regular Customers,0,0
199,2,315.45,2,2,2,222,At Risk,0,0
31,6,2870.3199999999997,4,4,4,444,Loyal Customers,0,0
19,35,16024.15,5,5,5,555,Champions,0,0
152,2,735.66,3,2,3,323,Regular Customers,0,0
9,25,7623.79,5,5,5,555,Champions,0,0
270,1,343.62,2,1,2,212,At Risk,1,0
65,4,381.0,3,3,2,332,Regular Customers,0,0
274,1,121.17000000000002,2,1,1,211,At Risk,1,0
25,5,4087.19,4,4,5,445,Loyal Customers,0,0
23,9,3926.91,4,5,5,455,Loyal Customers,0,0
319,1,207.73000000000002,2,1,1,211,At Risk,1,0
5,3,693.95,5,3,3,533,Potential Loyalist,0,0
12,2,302.1,5,2,2,522,Potential Loyalist,0,0
475,3,549.12,1,3,2,132,At Risk,1,0
520,1,113.64999999999999,1,1,1,111,At Risk,1,0
275,5,3255.96,2,4,5,245,At Risk,1,0
25,16,3387.58,4,5,5,455,Loyal Customers,0,0
41,19,3491.2,4,5,5,455,Loyal Customers,0,0
8,4,294.25,5,3,2,532,Potential Loyalist,0,0
4,127,126389.02,5,5,5,555,Champions,3,-1
71,8,2585.62,3,4,4,344,Regular Customers,0,0
213,1,370.79999999999995,2,1,2,212,At Risk,0,0
410,4,1254.41,2,3,4,234,At Risk,1,0
38,5,3326.86,4,4,5,445,Loyal Customers,0,0
53,1,893.59,4,1,3,413,Potential Loyalist,0,0
78,5,3862.88,3,4,5,345,Regular Customers,0,0
46,4,1174.9,4,3,3,433,Potential Loyalist,0,0
179,1,1109.53,3,1,3,313,Regular Customers,0,0
373,3,737.0500000000001,2,3,3,233,At Risk,1,0
94,4,1455.56,3,3,4,334,Regular Customers,0,0
479,1,187.51999999999998,1,1,1,111,At Risk,1,0
10,8,2788.02,5,4,4,544,Loyal Customers,0,0
105,3,1553.1299999999999,3,3,4,334,Regular Customers,0,0
78,1,773.03,3,1,3,313,Regular Customers,0,0
173,3,1447.74,3,3,4,334,Regular Customers,0,0
495,2,2428.08,1,2,4,124,At Risk,1,0
7,53,17286.73,5,5,5,555,Champions,0,0
213,11,3625.4,2,5,5,255,At Risk,0,0
428,2,546.25,1,2,2,122,At Risk,1,0
22,12,1854.57,4,5,4,454,Loyal Customers,0,0
669,1,93.35000000000001,1,1,1,111,At Risk,1,0
257,1,88.2,2,1,1,211,At Risk,1,0
380,2,965.2,2,2,3,223,At Risk,1,0
730,1,347.54,1,1,2,112,At Risk,1,0
565,2,218.53,1,2,1,121,At Risk,1,0
282,1,306.94,2,1,2,212,At Risk,1,0
21,2,1160.07,4,2,3,423,Potential Loyalist,0,0
10,6,2420.84,5,4,4,544,Loyal Customers,0,0
308,1,381.32,2,1,2,212,At Risk,1,0
68,3,1046.6100000000001,3,3,3,333,Regular Customers,0,0
215,3,776.46,2,3,3,233,At Risk,0,0
18,23,13702.38,5,5,5,555,Champions,0,0
463,2,83.0,1,2,1,121,At Risk,1,0
104,10,3141.64,3,5,5,355,Regular Customers,0,0
43,1,219.39000000000001,4,1,1,411,Potential Loyalist,0,0
4,3,908.35,5,3,3,533,Potential Loyalist,0,0
182,3,39916.5,3,3,5,335,Regular Customers,0,-1
84,1,410.48,3,1,2,312,Regular Customers,0,0
334,7,2193.8999999999996,2,4,4,244,At Risk,1,0
9,6,1477.94,5,4,4,544,Loyal Customers,0,0
531,2,554.67,1,2,2,122,At Risk,1,0
31,2,703.36,4,2,3,423,Potential Loyalist,0,0
197,2,993.54,2,2,3,223,At Risk,0,0
18,9,3094.91,5,5,5,555,Champions,0,0
18,5,1422.52,5,4,4,544,Loyal Customers,0,0
311,9,824.35,2,5,3,253,At Risk,1,0
142,4,1300.25,3,3,4,334,Regular Customers,0,0
246,3,983.1,2,3,3,233,At Risk,0,0
24,6,1505.8500000000001,4,4,4,444,Loyal Customers,0,0
29,5,2442.37,4,4,4,444,Loyal Customers,0,0
611,1,209.4,1,1,1,111,At Risk,1,0
10,3,3509.43,5,3,5,535,Potential Loyalist,0,0
30,12,3400.12,4,5,5,455,Loyal Customers,0,0
18,2,531.85,5,2,2,522,Potential Loyalist,0,0
18,4,1352.75,5,3,4,534,Potential Loyalist,0,0
15,8,2485.9700000000003,5,4,4,544,Loyal Customers,0,0
134,1,244.8,3,1,1,311,Regular Customers,0,0
246,1,266.4,2,1,1,211,At Risk,0,0
134,1,358.82,3,1,2,312,Regular Customers,0,0
50,2,457.72,4,2,2,422,Potential Loyalist,0,0
114,11,4487.27,3,5,5,355,Regular Customers,0,0
7,5,4656.17,5,4,5,545,Loyal Customers,0,0
23,4,450.82,4,3,2,432,Potential Loyalist,0,0
25,24,17024.87,4,5,5,455,Loyal Customers,0,0
537,2,449.49,1,2,2,122,At Risk,1,0
66,2,711.5,3,2,3,323,Regular Customers,0,0
60,5,1783.68,3,4,4,344,Regular Customers,0,0
50,23,6860.18,4,5,5,455,Loyal Customers,0,0
170,1,330.11,3,1,2,312,Regular Customers,0,0
395,1,80.28,2,1,1,211,At Risk,1,0
18,5,977.9300000000001,5,4,3,543,Loyal Customers,0,0
128,5,1806.9,3,4,4,344,Regular Customers,0,0
15,10,1596.29,5,5,4,554,Loyal Customers,0,0
239,2,305.68,2,2,2,222,At Risk,0,0
3,4,1286.7,5,3,4,534,Potential Loyalist,0,0
521,2,823.4,1,2,3,123,At Risk,1,0
394,1,502.52,2,1,2,212,At Risk,1,0
240,2,178.96,2,2,1,221,At Risk,0,0
52,8,3243.69,4,4,5,445,Loyal Customers,0,0
458,7,1388.47,1,4,4,144,At Risk,1,0
46,6,2619.92,4,4,4,444,Loyal Customers,0,0
226,2,563.63,2,2,2,222,At Risk,0,0
8,29,12160.31,5,5,5,555,Champions,0,0
4,4,1194.73,5,3,3,533,Potential Loyalist,0,0
165,2,1327.16,3,2,4,324,Regular Customers,0,0
240,1,623.5,2,1,3,213,At Risk,0,0
11,1,301.29,5,1,2,512,Potential Loyalist,0,0
134,5,1554.6100000000001,3,4,4,344,Regular Customers,0,0
17,13,8977.94,5,5,5,555,Champions,0,0
423,2,2085.61,1,2,4,124,At Risk,1,0
10,14,5263.83,5,5,5,555,Champions,0,0
31,1,329.25,4,1,2,412,Potential Loyalist,0,0
75,3,1343.72,3,3,4,334,Regular Customers,0,0
383,1,383.96999999999997,2,1,2,212,At Risk,1,0
1,3,961.49,5,3,3,533,Potential Loyalist,0,0
4,5,2654.11,5,4,4,544,Loyal Customers,0,0
45,2,606.02,4,2,2,422,Potential Loyalist,0,0
2,34,22116.73,5,5,5,555,Champions,0,0
357,4,589.27,2,3,2,232,At Risk,1,0
388,1,119.92,2,1,1,211,At Risk,1,0
731,1,312.9,1,1,2,112,At Risk,1,0
18,2,304.47,5,2,2,522,Potential Loyalist,0,0
69,9,2028.1100000000001,3,5,4,354,Regular Customers,0,0
373,1,487.75,2,1,2,212,At Risk,1,0
468,1,167.16,1,1,1,111,At Risk,1,0
321,5,1627.62,2,4,4,244,At Risk,1,0
26,1,106.56,4,1,1,411,Potential Loyalist,0,0
382,2,569.22,2,2,2,222,At Risk,1,0
407,1,81.15,2,1,1,211,At Risk,1,0
331,1,1289.5,2,1,4,214,At Risk,1,0
9,5,1624.05,5,4,4,544,Loyal Customers,0,0
381,7,1494.6,2,4,4,244,At Risk,1,0
323,2,481.46,2,2,2,222,At Risk,1,0
72,1,224.14,3,1,1,311,Regular Customers,0,0
668,1,988.04,1,1,3,113,At Risk,1,0
426,1,948.93,1,1,3,113,At Risk,1,0
260,1,40.5,2,1,1,211,At Risk,1,0
18,13,7491.92,5,5,5,555,Champions,0,0
367,3,816.9300000000001,2,3,3,233,At Risk,1,0
66,5,1200.2,3,4,3,343,Regular Customers,0,0
154,11,2998.952,3,5,5,355,Regular Customers,0,0
548,3,639.93,1,3,3,133,At Risk,1,0
29,4,685.39,4,3,3,433,Potential Loyalist,0,0
70,1,310.62,3,1,2,312,Regular Customers,0,0
14,5,1403.2,5,4,4,544,Loyal Customers,0,0
2,16,4777.18,5,5,5,555,Champions,0,0
725,1,310.43,1,1,2,112,At Risk,1,0
1,46,17524.38,5,5,5,555,Champions,0,0
434,1,834.4399999999999,1,1,3,113,At Risk,1,0
463,3,588.05,1,3,2,132,At Risk,1,0
120,5,1666.39,3,4,4,344,Regular Customers,0,0
61,1,499.32,3,1,2,312,Regular Customers,0,0
3,28,12021.53,5,5,5,555,Champions,0,0
3,1,3861.0,5,1,5,515,Potential Loyalist,0,0
433,2,313.7,1,2,2,122,At Risk,1,0
11,6,1877.51,5,4,4,544,Loyal Customers,0,0
92,5,571.35,3,4,2,342,Regular Customers,0,0
59,10,3122.4,4,5,5,455,Loyal Customers,0,0
495,1,549.05,1,1,2,112,At Risk,1,0
87,7,1842.95,3,4,4,344,Regular Customers,0,0
420,3,6001.49,1,3,5,135,At Risk,1,0
26,15,4400.18,4,5,5,455,Loyal Customers,0,0
357,1,316.58,2,1,2,212,At Risk,1,0
85,2,653.24,3,2,3,323,Regular Customers,0,0
10,4,420.29999999999995,5,3,2,532,Potential Loyalist,0,0
416,3,683.9200000000001,1,3,3,133,At Risk,1,0
1,6,970.52,5,4,3,543,Loyal Customers,0,0
730,1,178.98000000000002,1,1,1,111,At Risk,1,0
225,3,1176.19,2,3,3,233,At Risk,0,0
60,2,894.4100000000001,3,2,3,323,Regular Customers,0,0
241,2,208.28,2,2,1,221,At Risk,0,0
319,2,328.35,2,2,2,222,At Risk,1,0
2,8,1661.44,5,4,4,544,Loyal Customers,0,0
47,7,2422.43,4,4,4,444,Loyal Customers,0,0
88,2,486.09,3,2,2,322,Regular Customers,0,0
563,1,426.24,1,1,2,112,At Risk,1,0
11,22,11468.83,5,5,5,555,Champions,0,0
176,2,685.45,3,2,3,323,Regular Customers,0,0
52,6,1778.96,4,4,4,444,Loyal Customers,0,0
366,4,2062.2000000000003,2,3,4,234,At Risk,1,0
319,11,3550.91,2,5,5,255,At Risk,1,0
226,5,1417.95,2,4,4,244,At Risk,0,0
358,5,871.36,2,4,3,243,At Risk,1,0
234,1,409.40000000000003,2,1,2,212,At Risk,0,0
311,1,154.41,2,1,1,211,At Risk,1,0
37,9,2488.4900000000002,4,5,4,454,Loyal Customers,0,0
66,6,5580.2699999999995,3,4,5,345,Regular Customers,0,0
586,1,160.5,1,1,1,111,At Risk,1,0
239,2,429.6,2,2,2,222,At Risk,0,0
621,1,250.26,1,1,1,111,At Risk,1,0
113,2,612.06,3,2,3,323,Regular Customers,0,0
401,1,59.400000000000006,2,1,1,211,At Risk,1,0
277,1,197.0,2,1,1,211,At Risk,1,0
218,16,2772.76,2,5,4,254,At Risk,0,0
299,1,321.05,2,1,2,212,At Risk,1,0
2,4,1412.32,5,3,4,534,Potential Loyalist,0,0
29,3,1071.99,4,3,3,433,Potential Loyalist,0,0
10,2,780.59,5,2,3,523,Potential Loyalist,0,0
45,12,4459.98,4,5,5,455,Loyal Customers,0,0
67,11,3050.16,3,5,5,355,Regular Customers,0,0
422,1,302.04,1,1,2,112,At Risk,1,0
74,2,927.2800000000001,3,2,3,323,Regular Customers,0,0
65,3,912.08,3,3,3,333,Regular Customers,0,0
134,8,4610.84,3,4,5,345,Regular Customers,0,0
238,3,780.4,2,3,3,233,At Risk,0,0
122,3,976.06,3,3,3,333,Regular Customers,0,0
411,3,1893.93,1,3,4,134,At Risk,1,0
32,18,9266.0,4,5,5,455,Loyal Customers,0,0
641,1,60.0,1,1,1,111,At Risk,1,0
9,21,20324.54,5,5,5,555,Champions,0,0
36,5,2103.41,4,4,4,444,Loyal Customers,0,0
16,8,2055.09,5,4,4,544,Loyal Customers,0,0
127,3,1088.35,3,3,3,333,Regular Customers,0,0
67,9,3706.02,3,5,5,355,Regular Customers,0,0
149,2,170.4,3,2,1,321,Regular Customers,0,0
283,2,685.9,2,2,3,223,At Risk,1,0
169,2,623.16,3,2,3,323,Regular Customers,0,0
513,4,1182.3799999999999,1,3,3,133,At Risk,1,0
100,25,8767.73,3,5,5,355,Regular Customers,0,0
135,4,1508.0,3,3,4,334,Regular Customers,0,0
324,3,418.82,2,3,2,232,At Risk,1,0
107,1,156.51,3,1,1,311,Regular Customers,0,0
64,2,848.4,3,2,3,323,Regular Customers,0,0
151,4,3345.64,3,3,5,335,Regular Customers,0,0
338,5,852.21,2,4,3,243,At Risk,1,0
22,5,1717.36,4,4,4,444,Loyal Customers,0,0
479,3,961.9000000000001,1,3,3,133,At Risk,1,0
24,3,1225.3600000000001,4,3,4,434,Potential Loyalist,0,0
16,21,8524.86,5,5,5,555,Champions,0,0
7,24,4528.54,5,5,5,555,Champions,0,0
57,6,2030.95,4,4,4,444,Loyal Customers,0,0
600,1,228.96,1,1,1,111,At Risk,1,0
4,2,716.57,5,2,3,523,Potential Loyalist,0,0
38,1,615.14,4,1,3,413,Potential Loyalist,0,0
66,4,619.8,3,3,3,333,Regular Customers,0,0
47,2,476.34,4,2,2,422,Potential Loyalist,0,0
562,4,496.15999999999997,1,3,2,132,At Risk,1,0
355,5,1580.54,2,4,4,244,At Risk,1,0
172,3,397.52,3,3,2,332,Regular Customers,0,0
59,16,8543.57,4,5,5,455,Loyal Customers,0,0
570,1,348.59,1,1,2,112,At Risk,1,0
390,3,148.33,2,3,1,231,At Risk,1,0
500,1,24.75,1,1,1,111,At Risk,1,0
408,1,94.92,2,1,1,211,At Risk,1,0
50,1,240.55,4,1,1,411,Potential Loyalist,0,0
22,5,856.03,4,4,3,443,Loyal Customers,0,0
43,10,3715.38,4,5,5,455,Loyal Customers,0,0
29,5,1593.09,4,4,4,444,Loyal Customers,0,0
5,26,10496.28,5,5,5,555,Champions,0,0
26,40,13517.76,4,5,5,455,Loyal Customers,0,0
201,1,178.39,2,1,1,211,At Risk,0,0
666,1,247.5,1,1,1,111,At Risk,1,0
411,1,233.35,1,1,1,111,At Risk,1,0
654,1,207.04,1,1,1,111,At Risk,1,0
51,12,10323.03,4,5,5,455,Loyal Customers,0,0
10,3,641.94,5,3,3,533,Potential Loyalist,0,0
2,23,9061.77,5,5,5,555,Champions,0,0
67,10,6156.53,3,5,5,355,Regular Customers,0,0
64,1,496.44,3,1,2,312,Regular Customers,0,0
51,17,6909.67,4,5,5,455,Loyal Customers,0,0
730,1,308.0,1,1,2,112,At Risk,1,0
290,3,1224.18,2,3,4,234,At Risk,1,0
61,9,796.4000000000001,3,5,3,353,Regular Customers,0,0
555,1,93.6,1,1,1,111,At Risk,1,0
64,9,3484.73,3,5,5,355,Regular Customers,0,0
96,1,205.3,3,1,1,311,Regular Customers,0,0
274,1,310.47,2,1,2,212,At Risk,1,0
611,4,797.96,1,3,3,133,At Risk,1,0
479,1,1634.64,1,1,4,114,At Risk,1,0
1,208,114966.42,5,5,5,555,Champions,3,-1
75,12,2930.19,3,5,5,355,Regular Customers,0,0
110,1,52.0,3,1,1,311,Regular Customers,0,0
199,3,820.4499999999999,2,3,3,233,At Risk,0,0
64,2,570.5,3,2,2,322,Regular Customers,0,0
327,1,165.0,2,1,1,211,At Risk,1,0
677,1,129.75,1,1,1,111,At Risk,1,0
4,1,312.62,5,1,2,512,Potential Loyalist,0,0
284,1,204.5,2,1,1,211,At Risk,1,0
44,1,267.13,4,1,1,411,Potential Loyalist,0,0
71,12,6709.7300000000005,3,5,5,355,Regular Customers,0,0
86,2,1390.86,3,2,4,324,Regular Customers,0,0
563,3,434.6,1,3,2,132,At Risk,1,0
701,1,140.22000000000003,1,1,1,111,At Risk,1,0
104,8,1601.46,3,4,4,344,Regular Customers,0,0
334,5,1700.52,2,4,4,244,At Risk,1,0
53,1,208.75,4,1,1,411,Potential Loyalist,0,0
408,1,107.24,2,1,1,211,At Risk,1,0
39,11,2958.83,4,5,5,455,Loyal Customers,0,0
32,2,714.96,4,2,3,423,Potential Loyalist,0,0
500,3,767.91,1,3,3,133,At Risk,1,0
366,6,4892.68,2,4,5,245,At Risk,1,0
208,1,1028.56,2,1,3,213,At Risk,0,0
157,3,350.82,3,3,2,332,Regular Customers,0,0
54,1,170.22,4,1,1,411,Potential Loyalist,0,0
402,1,240.5,2,1,1,211,At Risk,1,0
411,1,373.02,1,1,2,112,At Risk,1,0
677,1,277.93,1,1,1,111,At Risk,1,0
66,7,1821.02,3,4,4,344,Regular Customers,0,0
562,1,105.5,1,1,1,111,At Risk,1,0
81,2,2402.7200000000003,3,2,4,324,Regular Customers,0,0
130,1,406.09,3,1,2,312,Regular Customers,0,0
87,1,364.5,3,1,2,312,Regular Customers,0,0
1,3,563.94,5,3,2,532,Potential Loyalist,0,0
46,1,393.54,4,1,2,412,Potential Loyalist,0,0
333,3,596.12,2,3,2,232,At Risk,1,0
366,4,1162.0,2,3,3,233,At Risk,1,0
72,1,158.04,3,1,1,311,Regular Customers,0,0
158,2,463.90999999999997,3,2,2,322,Regular Customers,0,0
373,2,547.6,2,2,2,222,At Risk,1,0
12,10,3430.22,5,5,5,555,Champions,0,0
549,1,111.15,1,1,1,111,At Risk,1,0
255,7,2794.4700000000003,2,4,4,244,At Risk,0,0
603,3,284.4,1,3,1,131,At Risk,1,0
29,2,277.05,4,2,1,421,Potential Loyalist,0,0
31,13,3239.57,4,5,5,455,Loyal Customers,0,0
5,42,16425.86,5,5,5,555,Champions,0,0
663,8,181.35,1,4,1,141,At Risk,1,0
40,1,427.93,4,1,2,412,Potential Loyalist,0,0
362,4,689.07,2,3,3,233,At Risk,1,0
449,2,613.08,1,2,3,123,At Risk,1,0
373,2,678.11,2,2,3,223,At Risk,1,0
96,2,913.19,3,2,3,323,Regular Customers,0,0
26,13,4557.13,4,5,5,455,Loyal Customers,0,0
75,7,2389.08,3,4,4,344,Regular Customers,0,0
57,11,5081.33,4,5,5,455,Loyal Customers,0,0
21,2,722.74,4,2,3,423,Potential Loyalist,0,0
492,11,6251.26,1,5,5,155,At Risk,1,0
41,8,3739.01,4,4,5,445,Loyal Customers,0,0
662,1,59.400000000000006,1,1,1,111,At Risk,1,0
137,8,6017.06,3,4,5,345,Regular Customers,0,0
8,17,3084.54,5,5,5,555,Champions,0,0
129,2,307.32,3,2,2,322,Regular Customers,0,0
690,1,60.959999999999994,1,1,1,111,At Risk,1,0
40,3,1221.56,4,3,4,434,Potential Loyalist,0,0
383,4,1211.75,2,3,3,233,At Risk,1,0
463,2,246.5,1,2,1,121,At Risk,1,0
169,8,4877.84,3,4,5,345,Regular Customers,0,0
9,11,3248.96,5,5,5,555,Champions,0,0
214,5,1890.5700000000002,2,4,4,244,At Risk,0,0
15,12,13733.550000000001,5,5,5,555,Champions,0,0
170,4,2027.79,3,3,4,334,Regular Customers,0,0
40,3,942.08,4,3,3,433,Potential Loyalist,0,0
186,1,394.14,3,1,2,312,Regular Customers,0,0
492,1,468.65,1,1,2,112,At Risk,1,0
270,1,140.54,2,1,1,211,At Risk,1,0
172,5,2733.8,3,4,4,344,Regular Customers,0,0
396,2,1216.66,2,2,3,223,At Risk,1,0
584,1,289.87,1,1,2,112,At Risk,1,0
5,7,2911.62,5,4,5,545,Loyal Customers,0,0
16,5,891.34,5,4,3,543,Loyal Customers,0,0
10,11,5286.8,5,5,5,555,Champions,0,0
326,1,107.45,2,1,1,211,At Risk,1,0
113,2,796.38,3,2,3,323,Regular Customers,0,0
290,1,94.0,2,1,1,211,At Risk,1,0
16,2,1345.53,5,2,4,524,Potential Loyalist,0,0
1,3,815.77,5,3,3,533,Potential Loyalist,0,0
92,8,1302.3,3,4,4,344,Regular Customers,0,0
452,2,216.95000000000002,1,2,1,121,At Risk,1,0
149,6,1830.54,3,4,4,344,Regular Customers,0,0
492,2,170.88,1,2,1,121,At Risk,1,0
376,1,257.06,2,1,1,211,At Risk,1,0
189,2,659.84,3,2,3,323,Regular Customers,0,0
31,4,975.87,4,3,3,433,Potential Loyalist,0,0
34,4,1046.74,4,3,3,433,Potential Loyalist,0,0
264,1,267.18,2,1,1,211,At Risk,1,0
721,1,131.25,1,1,1,111,At Risk,1,0
84,10,4685.72,3,5,5,355,Regular Customers,0,0
26,4,1348.93,4,3,4,434,Potential Loyalist,0,0
171,1,190.53,3,1,1,311,Regular Customers,0,0
692,5,6798.72,1,4,5,145,At Risk,1,0
10,3,774.9000000000001,5,3,3,533,Potential Loyalist,0,0
313,1,559.61,2,1,2,212,At Risk,1,0
65,7,4572.82,3,4,5,345,Regular Customers,0,0
85,1,508.8,3,1,2,312,Regular Customers,0,0
425,2,449.42,1,2,2,122,At Risk,1,0
25,1,135.86,4,1,1,411,Potential Loyalist,0,0
434,6,743.0,1,4,3,143,At Risk,1,0
59,10,3805.34,4,5,5,455,Loyal Customers,0,0
323,7,1619.97,2,4,4,244,At Risk,1,0
38,3,266.89,4,3,1,431,Potential Loyalist,0,0
254,3,597.78,2,3,2,232,At Risk,0,0
400,4,1941.1200000000001,2,3,4,234,At Risk,1,0
19,9,2156.35,5,5,4,554,Loyal Customers,0,0
33,3,1430.54,4,3,4,434,Potential Loyalist,0,0
15,4,762.75,5,3,3,533,Potential Loyalist,0,0
27,2,397.35,4,2,2,422,Potential Loyalist,0,0
468,2,954.75,1,2,3,123,At Risk,1,0
503,1,153.24,1,1,1,111,At Risk,1,0
23,2,320.76,4,2,2,422,Potential Loyalist,0,0
214,2,533.3,2,2,2,222,At Risk,0,0
8,11,2567.06,5,5,4,554,Loyal Customers,0,0
22,1,149.29,4,1,1,411,Potential Loyalist,0,0
12,3,1067.75,5,3,3,533,Potential Loyalist,0,0
262,2,393.45,2,2,2,222,At Risk,1,0
131,1,156.57999999999998,3,1,1,311,Regular Customers,0,0
405,4,1269.05,2,3,4,234,At Risk,1,0
55,3,383.68,4,3,2,432,Potential Loyalist,0,0
396,3,1254.21,2,3,4,234,At Risk,1,0
249,1,594.0,2,1,2,212,At Risk,0,0
2,14,5114.23,5,5,5,555,Champions,0,0
9,2,1411.21,5,2,4,524,Potential Loyalist,0,0
264,2,284.5,2,2,1,221,At Risk,1,0
377,3,399.75,2,3,2,232,At Risk,1,0
331,5,492.88,2,4,2,242,At Risk,1,0
313,2,788.81,2,2,3,223,At Risk,1,0
26,3,974.52,4,3,3,433,Potential Loyalist,0,0
30,1,429.84,4,1,2,412,Potential Loyalist,0,0
434,2,226.86,1,2,1,121,At Risk,1,0
30,6,1785.1100000000001,4,4,4,444,Loyal Customers,0,0
2,7,1371.77,5,4,4,544,Loyal Customers,0,0
362,2,305.99,2,2,2,222,At Risk,1,0
598,1,38.25,1,1,1,111,At Risk,1,0
283,10,2091.52,2,5,4,254,At Risk,1,0
262,1,237.07,2,1,1,211,At Risk,1,0
25,2,370.43999999999994,4,2,2,422,Potential Loyalist,0,0
417,2,202.82999999999998,1,2,1,121,At Risk,1,0
354,1,214.26,2,1,1,211,At Risk,1,0
461,2,429.7,1,2,2,122,At Risk,1,0
94,4,737.05,3,3,3,333,Regular Customers,0,0
29,1,126.14,4,1,1,411,Potential Loyalist,0,0
338,1,1044.65,2,1,3,213,At Risk,1,0
20,32,12100.4,4,5,5,455,Loyal Customers,0,0
85,4,1560.46,3,3,4,334,Regular Customers,0,0
9,3,524.88,5,3,2,532,Potential Loyalist,0,0
51,3,1430.48,4,3,4,434,Potential Loyalist,0,0
50,3,874.25,4,3,3,433,Potential Loyalist,0,0
576,1,63.419999999999995,1,1,1,111,At Risk,1,0
2,3,1292.01,5,3,4,534,Potential Loyalist,0,0
113,1,371.56,3,1,2,312,Regular Customers,0,0
14,8,2046.0,5,4,4,544,Loyal Customers,0,0
596,1,150.35,1,1,1,111,At Risk,1,0
77,1,454.10999999999996,3,1,2,312,Regular Customers,0,0
380,4,2209.98,2,3,4,234,At Risk,1,0
650,1,368.4,1,1,2,112,At Risk,1,0
40,3,1983.48,4,3,4,434,Potential Loyalist,0,0
733,1,147.4,1,1,1,111,At Risk,1,0
116,5,6279.0,3,4,5,345,Regular Customers,0,0
401,1,1993.34,2,1,4,214,At Risk,1,0
16,19,14417.36,5,5,5,555,Champions,0,0
161,10,817.8199999999999,3,5,3,353,Regular Customers,0,0
1,6,4652.1,5,4,5,545,Loyal Customers,0,0
30,7,4810.92,4,4,5,445,Loyal Customers,0,0
527,1,102.0,1,1,1,111,At Risk,1,0
680,1,231.32,1,1,1,111,At Risk,1,0
93,5,431.92,3,4,2,342,Regular Customers,0,0
23,8,2419.61,4,4,4,444,Loyal Customers,0,0
430,1,210.85,1,1,1,111,At Risk,1,0
95,6,3100.09,3,4,5,345,Regular Customers,0,0
28,2,659.4599999999999,4,2,3,423,Potential Loyalist,0,0
33,9,4121.68,4,5,5,455,Loyal Customers,0,0
21,5,3702.6,4,4,5,445,Loyal Customers,0,0
379,1,246.5,2,1,1,211,At Risk,1,0
631,1,146.14000000000001,1,1,1,111,At Risk,1,0
18,9,8657.39,5,5,5,555,Champions,0,0
3,44,24972.86,5,5,5,555,Champions,0,0
724,1,158.65,1,1,1,111,At Risk,1,0
8,4,1131.56,5,3,3,533,Potential Loyalist,0,0
405,2,399.95,2,2,2,222,At Risk,1,0
16,14,13003.869999999999,5,5,5,555,Champions,0,0
363,2,257.3,2,2,1,221,At Risk,1,0
81,4,402.7,3,3,2,332,Regular Customers,0,0
53,5,3610.96,4,4,5,445,Loyal Customers,0,0
23,6,2030.33,4,4,4,444,Loyal Customers,0,0
172,1,475.86,3,1,2,312,Regular Customers,0,0
189,6,1000.27,3,4,3,343,Regular Customers,0,0
380,1,152.41,2,1,1,211,At Risk,1,0
331,1,250.0,2,1,1,211,At Risk,1,0
12,5,900.53,5,4,3,543,Loyal Customers,0,0
156,4,331.58,3,3,2,332,Regular Customers,0,0
33,35,26437.05,4,5,5,455,Loyal Customers,0,0
12,18,6392.06,5,5,5,555,Champions,0,0
387,1,171.81,2,1,1,211,At Risk,1,0
45,3,62.43,4,3,1,431,Potential Loyalist,0,0
233,1,267.03,2,1,1,211,At Risk,0,0
64,15,4189.99,3,5,5,355,Regular Customers,0,0
383,2,344.61,2,2,2,222,At Risk,1,0
2,1,343.5,5,1,2,512,Potential Loyalist,0,0
40,16,7098.24,4,5,5,455,Loyal Customers,0,0
33,2,397.99,4,2,2,422,Potential Loyalist,0,0
84,16,17259.19,3,5,5,355,Regular Customers,0,0
25,2,591.4,4,2,2,422,Potential Loyalist,0,0
2,4,890.22,5,3,3,533,Potential Loyalist,0,0
33,2,148.44,4,2,1,421,Potential Loyalist,0,0
19,23,5554.89,5,5,5,555,Champions,0,0
254,1,229.33,2,1,1,211,At Risk,1,0
23,12,4783.66,4,5,5,455,Loyal Customers,0,0
22,5,1808.68,4,4,4,444,Loyal Customers,0,0
8,2,1972.39,5,2,4,524,Potential Loyalist,0,0
25,10,3738.85,4,5,5,455,Loyal Customers,0,0
19,3,807.57,5,3,3,533,Potential Loyalist,0,0
726,1,162.25,1,1,1,111,At Risk,1,0
173,6,1044.3700000000001,3,4,3,343,Regular Customers,0,0
409,1,259.09,2,1,1,211,At Risk,1,0
163,1,110.92,3,1,1,311,Regular Customers,0,0
538,6,3358.3999999999996,1,4,5,145,At Risk,1,0
7,1,538.46,5,1,2,512,Potential Loyalist,0,0
11,2,460.68,5,2,2,522,Potential Loyalist,0,0
114,1,85.13000000000001,3,1,1,311,Regular Customers,0,0
512,3,855.71,1,3,3,133,At Risk,1,0
288,2,242.26,2,2,1,221,At Risk,1,0
9,20,7807.89,5,5,5,555,Champions,0,0
54,2,288.96999999999997,4,2,2,422,Potential Loyalist,0,0
607,2,1079.1000000000001,1,2,3,123,At Risk,1,0
7,26,10057.05,5,5,5,555,Champions,0,0
596,1,158.09,1,1,1,111,At Risk,1,0
77,8,2334.16,3,4,4,344,Regular Customers,0,0
4,12,2211.05,5,5,4,554,Loyal Customers,0,0
37,7,1679.81,4,4,4,444,Loyal Customers,0,0
217,2,252.52,2,2,1,221,At Risk,0,0
60,1,428.93,3,1,2,312,Regular Customers,0,0
278,1,217.2,2,1,1,211,At Risk,1,0
12,36,11243.91,5,5,5,555,Champions,0,0
24,1,279.77,4,1,1,411,Potential Loyalist,0,0
29,1,468.91,4,1,2,412,Potential Loyalist,0,0
639,1,202.68,1,1,1,111,At Risk,1,0
568,1,1109.4,1,1,3,113,At Risk,1,0
398,2,153.52,2,2,1,221,At Risk,1,0
12,8,1934.3899999999999,5,4,4,544,Loyal Customers,0,0
352,3,671.4300000000001,2,3,3,233,At Risk,1,0
22,7,2859.46,4,4,4,444,Loyal Customers,0,0
463,2,70.74000000000001,1,2,1,121,At Risk,1,0
50,2,173.16,4,2,1,421,Potential Loyalist,0,0
393,2,227.87,2,2,1,221,At Risk,1,0
19,1,186.01,5,1,1,511,Potential Loyalist,0,0
3,3,758.29,5,3,3,533,Potential Loyalist,0,0
104,10,3583.45,3,5,5,355,Regular Customers,0,0
7,25,8736.49,5,5,5,555,Champions,0,0
12,14,3892.35,5,5,5,555,Champions,0,0
5,10,3965.2,5,5,5,555,Champions,0,0
32,5,1188.42,4,4,3,443,Loyal Customers,0,0
178,6,1101.44,3,4,3,343,Regular Customers,0,0
620,1,30.1,1,1,1,111,At Risk,1,0
38,1,921.37,4,1,3,413,Potential Loyalist,0,0
151,5,396.03000000000003,3,4,2,342,Regular Customers,0,0
162,1,127.1,3,1,1,311,Regular Customers,0,0
69,5,1250.63,3,4,4,344,Regular Customers,0,0
377,8,1375.39,2,4,4,244,At Risk,1,0
121,38,7480.4,3,5,5,355,Regular Customers,0,0
25,3,682.9100000000001,4,3,3,433,Potential Loyalist,0,0
376,1,95.96,2,1,1,211,At Risk,1,0
24,6,1268.2,4,4,4,444,Loyal Customers,0,0
177,1,455.3,3,1,2,312,Regular Customers,0,0
593,3,1139.1,1,3,3,133,At Risk,1,0
50,7,1522.0800000000002,4,4,4,444,Loyal Customers,0,0
678,1,579.6,1,1,2,112,At Risk,1,0
256,3,478.53000000000003,2,3,2,232,At Risk,0,0
382,5,1496.6,2,4,4,244,At Risk,1,0
583,3,217.9,1,3,1,131,At Risk,1,0
47,1,388.58,4,1,2,412,Potential Loyalist,0,0
71,1,199.8,3,1,1,311,Regular Customers,0,0
16,5,1771.78,5,4,4,544,Loyal Customers,0,0
488,1,357.6,1,1,2,112,At Risk,1,0
101,9,2727.72,3,5,4,354,Regular Customers,0,0
35,2,563.37,4,2,2,422,Potential Loyalist,0,0
53,2,548.02,4,2,2,422,Potential Loyalist,0,0
27,3,1250.06,4,3,4,434,Potential Loyalist,0,0
428,4,1199.31,1,3,3,133,At Risk,1,0
11,30,14191.74,5,5,5,555,Champions,0,0
8,16,3137.96,5,5,5,555,Champions,0,0
79,2,88.48,3,2,1,321,Regular Customers,0,0
52,1,216.39,4,1,1,411,Potential Loyalist,0,0
36,9,1741.95,4,5,4,454,Loyal Customers,0,0
61,17,5230.99,3,5,5,355,Regular Customers,0,0
337,9,1708.97,2,5,4,254,At Risk,1,0
28,5,1785.98,4,4,4,444,Loyal Customers,0,0
184,1,298.48,3,1,2,312,Regular Customers,0,0
52,1,112.46000000000001,4,1,1,411,Potential Loyalist,0,0
10,26,2997.28,5,5,5,555,Champions,0,0
36,2,195.15,4,2,1,421,Potential Loyalist,0,0
610,1,433.71999999999997,1,1,2,112,At Risk,1,0
438,4,3147.36,1,3,5,135,At Risk,1,0
10,47,21373.97,5,5,5,555,Champions,0,0
438,1,317.11,1,1,2,112,At Risk,1,0
396,3,828.5500000000001,2,3,3,233,At Risk,1,0
33,4,776.851,4,3,3,433,Potential Loyalist,0,0
11,1,336.40000000000003,5,1,2,512,Potential Loyalist,0,0
57,4,1942.36,4,3,4,434,Potential Loyalist,0,0
4,4,1293.03,5,3,4,534,Potential Loyalist,0,0
43,17,7852.61,4,5,5,455,Loyal Customers,0,0
141,8,2437.05,3,4,4,344,Regular Customers,0,0
117,4,588.13,3,3,2,332,Regular Customers,0,0
104,9,3236.4,3,5,5,355,Regular Customers,0,0
75,3,1067.52,3,3,3,333,Regular Customers,0,0
457,2,566.9,1,2,2,122,At Risk,1,0
5,17,5333.08,5,5,5,555,Champions,0,0
450,4,2240.9,1,3,4,134,At Risk,1,0
45,3,1481.4,4,3,4,434,Potential Loyalist,0,0
642,1,596.67,1,1,2,112,At Risk,1,0
16,8,3285.31,5,4,5,545,Loyal Customers,0,0
509,13,4335.96,1,5,5,155,At Risk,1,0
17,2,554.65,5,2,2,522,Potential Loyalist,0,0
396,1,100.35,2,1,1,211,At Risk,1,0
90,4,1444.58,3,3,4,334,Regular Customers,0,0
53,5,797.59,4,4,3,443,Loyal Customers,0,0
379,6,2265.2,2,4,4,244,At Risk,1,0
134,3,1065.08,3,3,3,333,Regular Customers,0,0
4,29,23494.31,5,5,5,555,Champions,0,0
105,12,5345.55,3,5,5,355,Regular Customers,0,0
730,1,105.78000000000002,1,1,1,111,At Risk,1,0
192,3,664.0,2,3,3,233,At Risk,0,0
166,4,803.54,3,3,3,333,Regular Customers,0,0
19,3,1055.17,5,3,3,533,Potential Loyalist,0,0
158,5,784.8100000000001,3,4,3,343,Regular Customers,0,0
415,1,169.0,1,1,1,111,At Risk,1,0
204,2,639.5,2,2,3,223,At Risk,0,0
336,4,1660.35,2,3,4,234,At Risk,1,0
522,2,553.88,1,2,2,122,At Risk,1,0
37,5,1259.06,4,4,4,444,Loyal Customers,0,0
91,5,1405.94,3,4,4,344,Regular Customers,0,0
93,2,877.4399999999999,3,2,3,323,Regular Customers,0,0
9,2,922.53,5,2,3,523,Potential Loyalist,0,0
243,1,560.67,2,1,2,212,At Risk,0,0
45,4,748.5,4,3,3,433,Potential Loyalist,0,0
23,1,30.0,4,1,1,411,Potential Loyalist,0,0
190,8,2117.27,2,4,4,244,At Risk,0,0
44,3,532.49,4,3,2,432,Potential Loyalist,0,0
25,15,2603.69,4,5,4,454,Loyal Customers,0,0
317,8,1215.95,2,4,3,243,At Risk,1,0
661,2,283.73,1,2,1,121,At Risk,1,0
106,1,138.14,3,1,1,311,Regular Customers,0,0
51,4,1254.03,4,3,4,434,Potential Loyalist,0,0
168,5,3987.07,3,4,5,345,Regular Customers,0,0
472,2,632.9399999999999,1,2,3,123,At Risk,1,0
40,1,301.32,4,1,2,412,Potential Loyalist,0,0
218,1,76.32000000000001,2,1,1,211,At Risk,0,0
40,4,684.34,4,3,3,433,Potential Loyalist,0,0
297,2,325.2,2,2,2,222,At Risk,1,0
19,7,2657.13,5,4,4,544,Loyal Customers,0,0
725,1,45.300000000000004,1,1,1,111,At Risk,1,0
88,9,6204.32,3,5,5,355,Regular Customers,0,0
73,13,6948.2300000000005,3,5,5,355,Regular Customers,0,0
81,4,542.04,3,3,2,332,Regular Customers,0,0
19,3,3435.76,5,3,5,535,Potential Loyalist,0,0
49,3,1305.63,4,3,4,434,Potential Loyalist,0,0
53,3,1825.94,4,3,4,434,Potential Loyalist,0,0
24,4,781.28,4,3,3,433,Potential Loyalist,0,0
9,10,4028.69,5,5,5,555,Champions,0,0
25,14,2989.7,4,5,5,455,Loyal Customers,0,0
599,2,318.24,1,2,2,122,At Risk,1,0
117,2,524.54,3,2,2,322,Regular Customers,0,0
547,3,173.95,1,3,1,131,At Risk,1,0
450,1,55.980000000000004,1,1,1,111,At Risk,1,0
420,1,90.0,1,1,1,111,At Risk,1,0
9,9,2993.1,5,5,5,555,Champions,0,0
419,1,190.57,1,1,1,111,At Risk,1,0
120,3,521.03,3,3,2,332,Regular Customers,0,0
4,2,239.76,5,2,1,521,Potential Loyalist,0,0
252,4,571.3,2,3,2,232,At Risk,0,0
28,1,191.04,4,1,1,411,Potential Loyalist,0,0
659,1,37.5,1,1,1,111,At Risk,1,0
1,24,9978.48,5,5,5,555,Champions,0,0
267,4,1131.04,2,3,3,233,At Risk,1,0
33,13,3881.2200000000003,4,5,5,455,Loyal Customers,0,0
690,1,246.75,1,1,1,111,At Risk,1,0
624,1,46.2,1,1,1,111,At Risk,1,0
18,1,309.65,5,1,2,512,Potential Loyalist,0,0
172,2,696.68,3,2,3,323,Regular Customers,0,0
2,4,1529.0,5,3,4,534,Potential Loyalist,0,0
476,2,140.39000000000001,1,2,1,121,At Risk,1,0
265,1,211.5,2,1,1,211,At Risk,1,0
140,6,3734.6600000000003,3,4,5,345,Regular Customers,0,0
201,1,143.1,2,1,1,211,At Risk,0,0
64,4,1060.56,3,3,3,333,Regular Customers,0,0
35,4,916.98,4,3,3,433,Potential Loyalist,0,0
41,9,3887.15,4,5,5,455,Loyal Customers,0,0
284,2,327.85,2,2,2,222,At Risk,1,0
417,1,898.87,1,1,3,113,At Risk,1,0
557,2,420.25,1,2,2,122,At Risk,1,0
9,12,3472.4100000000003,5,5,5,555,Champions,0,0
143,4,839.64,3,3,3,333,Regular Customers,0,0
12,5,783.96,5,4,3,543,Loyal Customers,0,0
556,5,658.02,1,4,3,143,At Risk,1,0
146,11,2485.26,3,5,4,354,Regular Customers,0,0
234,5,607.0,2,4,2,242,At Risk,0,0
540,1,293.79,1,1,2,112,At Risk,1,0
33,31,10195.97,4,5,5,455,Loyal Customers,0,0
24,2,739.22,4,2,3,423,Potential Loyalist,0,0
12,1,471.40000000000003,5,1,2,512,Potential Loyalist,0,0
36,11,5234.0,4,5,5,455,Loyal Customers,0,0
365,4,930.7,2,3,3,233,At Risk,1,0
201,3,310.85,2,3,2,232,At Risk,0,0
15,1,415.25,5,1,2,512,Potential Loyalist,0,0
390,1,321.91,2,1,2,212,At Risk,1,0
17,15,9371.71,5,5,5,555,Champions,0,0
380,2,544.6,2,2,2,222,At Risk,1,0
213,3,192.55,2,3,1,231,At Risk,0,0
66,5,1726.58,3,4,4,344,Regular Customers,0,0
554,1,125.3,1,1,1,111,At Risk,1,0
212,10,1543.97,2,5,4,254,At Risk,0,0
283,1,162.3,2,1,1,211,At Risk,1,0
115,4,2263.3,3,3,4,334,Regular Customers,0,0
421,1,327.68,1,1,2,112,At Risk,1,0
435,2,1767.12,1,2,4,124,At Risk,1,0
15,8,1188.1200000000001,5,4,3,543,Loyal Customers,0,0
19,41,13043.32,5,5,5,555,Champions,0,0
66,1,449.12,3,1,2,312,Regular Customers,0,0
49,1,154.88,4,1,1,411,Potential Loyalist,0,0
458,2,208.62,1,2,1,121,At Risk,1,0
619,1,156.87,1,1,1,111,At Risk,1,0
16,4,775.96,5,3,3,533,Potential Loyalist,0,0
78,1,34.8,3,1,1,311,Regular Customers,0,0
19,4,1094.59,5,3,3,533,Potential Loyalist,0,0
134,1,196.88,3,1,1,311,Regular Customers,0,0
13,9,2499.81,5,5,4,554,Loyal Customers,0,0
40,3,609.8100000000001,4,3,3,433,Potential Loyalist,0,0
235,3,44534.3,2,3,5,235,At Risk,0,-1
3,18,6452.991,5,5,5,555,Champions,0,0
461,11,1380.44,1,5,4,154,At Risk,1,0
40,9,3924.91,4,5,5,455,Loyal Customers,0,0
305,1,79.2,2,1,1,211,At Risk,1,0
51,9,3037.61,4,5,5,455,Loyal Customers,0,0
10,17,5993.12,5,5,5,555,Champions,0,0
61,4,528.01,3,3,2,332,Regular Customers,0,0
66,6,2940.36,3,4,5,345,Regular Customers,0,0
25,1,205.25,4,1,1,411,Potential Loyalist,0,0
218,7,830.9300000000001,2,4,3,243,At Risk,0,0
631,2,13916.34,1,2,5,125,At Risk,1,0
443,1,143.05,1,1,1,111,At Risk,1,0
65,2,583.75,3,2,2,322,Regular Customers,0,0
32,2,1086.92,4,2,3,423,Potential Loyalist,0,0
88,8,4503.08,3,4,5,345,Regular Customers,0,0
667,1,370.63,1,1,2,112,At Risk,1,0
64,3,831.06,3,3,3,333,Regular Customers,0,0
116,34,15308.89,3,5,5,355,Regular Customers,0,0
7,46,88612.52,5,5,5,555,Champions,3,-1
613,1,321.45,1,1,2,112,At Risk,1,0
604,3,1006.54,1,3,3,133,At Risk,1,0
418,1,280.88,1,1,1,111,At Risk,1,0
6,2,774.52,5,2,3,523,Potential Loyalist,0,0
69,6,1288.34,3,4,4,344,Regular Customers,0,0
245,2,150.5,2,2,1,221,At Risk,0,0
133,1,241.62,3,1,1,311,Regular Customers,0,0
241,7,1762.61,2,4,4,244,At Risk,0,0
431,1,307.95,1,1,2,112,At Risk,1,0
463,2,124.08000000000001,1,2,1,121,At Risk,1,0
184,3,475.28000000000003,3,3,2,332,Regular Customers,0,0
25,3,345.46,4,3,2,432,Potential Loyalist,0,0
10,4,4014.1,5,3,5,535,Potential Loyalist,0,0
11,1,246.3,5,1,1,511,Potential Loyalist,0,0
468,2,848.3299999999999,1,2,3,123,At Risk,1,0
33,16,5969.93,4,5,5,455,Loyal Customers,0,0
46,5,8501.62,4,4,5,445,Loyal Customers,0,0
26,3,933.26,4,3,3,433,Potential Loyalist,0,0
509,1,221.82999999999998,1,1,1,111,At Risk,1,0
358,6,1962.01,2,4,4,244,At Risk,1,0
10,1,218.75,5,1,1,511,Potential Loyalist,0,0
44,5,3608.34,4,4,5,445,Loyal Customers,0,0
400,2,933.84,2,2,3,223,At Risk,1,0
15,8,2399.57,5,4,4,544,Loyal Customers,0,0
736,2,777.0,1,2,3,123,At Risk,1,0
150,8,1979.8700000000001,3,4,4,344,Regular Customers,0,0
1,17,5171.63,5,5,5,555,Champions,0,0
113,6,2821.08,3,4,4,344,Regular Customers,0,0
493,3,1535.37,1,3,4,134,At Risk,1,0
76,4,1421.34,3,3,4,334,Regular Customers,0,0
107,7,1227.07,3,4,4,344,Regular Customers,0,0
46,3,1063.95,4,3,3,433,Potential Loyalist,0,0
143,1,451.42,3,1,2,312,Regular Customers,0,0
51,4,1929.66,4,3,4,434,Potential Loyalist,0,0
1,13,4206.39,5,5,5,555,Champions,0,0
23,30,10148.93,4,5,5,455,Loyal Customers,0,0
46,3,784.58,4,3,3,433,Potential Loyalist,0,0
50,5,1817.52,4,4,4,444,Loyal Customers,0,0
306,21,17180.25,2,5,5,255,At Risk,0,0
36,7,1274.44,4,4,4,444,Loyal Customers,0,0
79,8,2999.04,3,4,5,345,Regular Customers,0,0
22,7,3486.15,4,4,5,445,Loyal Customers,0,0
107,12,5201.47,3,5,5,355,Regular Customers,0,0
208,2,1303.9099999999999,2,2,4,224,At Risk,0,0
17,6,2634.44,5,4,4,544,Loyal Customers,0,0
64,5,2100.6,3,4,4,344,Regular Customers,0,0
542,2,144.14999999999998,1,2,1,121,At Risk,1,0
421,3,2766.4,1,3,4,134,At Risk,1,0
588,1,340.5,1,1,2,112,At Risk,1,0
49,10,3934.79,4,5,5,455,Loyal Customers,0,0
320,1,206.98,2,1,1,211,At Risk,1,0
44,2,570.96,4,2,2,422,Potential Loyalist,0,0
3,6,1840.06,5,4,4,544,Loyal Customers,0,0
372,3,3882.17,2,3,5,235,At Risk,1,0
453,2,890.94,1,2,3,123,At Risk,1,0
172,1,532.94,3,1,2,312,Regular Customers,0,0
56,4,2598.28,4,3,4,434,Potential Loyalist,0,0
73,28,3603.14,3,5,5,355,Regular Customers,0,0
375,1,1108.82,2,1,3,213,At Risk,1,0
99,2,636.14,3,2,3,323,Regular Customers,0,0
38,1,576.0,4,1,2,412,Potential Loyalist,0,0
58,3,794.64,4,3,3,433,Potential Loyalist,0,0
254,1,836.79,2,1,3,213,At Risk,1,0
738,1,80.4,1,1,1,111,At Risk,1,0
70,7,3764.39,3,4,5,345,Regular Customers,0,0
44,4,954.09,4,3,3,433,Potential Loyalist,0,0
50,1,137.37,4,1,1,411,Potential Loyalist,0,0
65,2,777.01,3,2,3,323,Regular Customers,0,0
11,34,73205.5,5,5,5,555,Champions,3,-1
33,3,1048.49,4,3,3,433,Potential Loyalist,0,0
59,2,355.56,4,2,2,422,Potential Loyalist,0,0
73,9,2742.41,3,5,4,354,Regular Customers,0,0
393,2,548.8,2,2,2,222,At Risk,1,0
304,1,118.95000000000002,2,1,1,211,At Risk,1,0
46,1,130.73999999999998,4,1,1,411,Potential Loyalist,0,0
18,11,4426.28,5,5,5,555,Champions,0,0
385,1,107.01,2,1,1,211,At Risk,1,0
38,5,822.57,4,4,3,443,Loyal Customers,0,0
622,1,137.99,1,1,1,111,At Risk,1,0
19,6,1006.75,5,4,3,543,Loyal Customers,0,0
527,1,109.73,1,1,1,111,At Risk,1,0
187,3,257.26,3,3,1,331,Regular Customers,0,0
52,1,110.8,4,1,1,411,Potential Loyalist,0,0
4,21,5578.28,5,5,5,555,Champions,0,0
137,6,1052.72,3,4,3,343,Regular Customers,0,0
4,52,32275.95,5,5,5,555,Champions,0,0
19,2,570.48,5,2,2,522,Potential Loyalist,0,0
16,13,3552.41,5,5,5,555,Champions,0,0
432,1,438.46,1,1,2,112,At Risk,1,0
41,17,2361.3,4,5,4,454,Loyal Customers,0,0
12,12,4369.2,5,5,5,555,Champions,0,0
8,13,2512.29,5,5,4,554,Loyal Customers,0,0
26,5,355.1,4,4,2,442,Loyal Customers,0,0
22,7,2180.76,4,4,4,444,Loyal Customers,0,0
41,5,2241.42,4,4,4,444,Loyal Customers,0,0
101,1,211.89,3,1,1,311,Regular Customers,0,0
5,31,8923.3,5,5,5,555,Champions,0,0
583,1,94.53,1,1,1,111,At Risk,1,0
277,3,321.11,2,3,2,232,At Risk,1,0
33,4,857.46,4,3,3,433,Potential Loyalist,0,0
437,1,33.099999999999994,1,1,1,111,At Risk,1,0
15,4,729.25,5,3,3,533,Potential Loyalist,0,0
500,4,313.91999999999996,1,3,2,132,At Risk,1,0
64,21,11284.76,3,5,5,355,Regular Customers,0,0
646,1,108.52,1,1,1,111,At Risk,1,0
409,2,1449.1399999999999,2,2,4,224,At Risk,1,0
2,2,490.33,5,2,2,522,Potential Loyalist,0,0
562,2,330.77,1,2,2,122,At Risk,1,0
404,4,1137.8,2,3,3,233,At Risk,1,0
369,1,329.03000000000003,2,1,2,212,At Risk,1,0
312,5,501.39000000000004,2,4,2,242,At Risk,1,0
199,8,1124.66,2,4,3,243,At Risk,0,0
2,2,396.48,5,2,2,522,Potential Loyalist,0,0
432,2,244.60000000000002,1,2,1,121,At Risk,1,0
93,15,1951.82,3,5,4,354,Regular Customers,0,0
60,4,1052.8700000000001,3,3,3,333,Regular Customers,0,0
407,3,1027.15,2,3,3,233,At Risk,1,0
81,3,429.16,3,3,2,332,Regular Customers,0,0
157,8,1427.6,3,4,4,344,Regular Customers,0,0
395,5,535.65,2,4,2,242,At Risk,1,0
227,1,511.68,2,1,2,212,At Risk,0,0
669,1,128.2,1,1,1,111,At Risk,1,0
482,1,305.28000000000003,1,1,2,112,At Risk,1,0
253,2,258.25,2,2,1,221,At Risk,0,0
150,1,179.17,3,1,1,311,Regular Customers,0,0
194,2,208.59,2,2,1,221,At Risk,0,0
1,25,4996.45,5,5,5,555,Champions,0,0
369,1,56.25,2,1,1,211,At Risk,1,0
24,4,886.5699999999999,4,3,3,433,Potential Loyalist,0,0
17,7,687.72,5,4,3,543,Loyal Customers,0,0
380,1,145.01,2,1,1,211,At Risk,1,0
10,12,8939.84,5,5,5,555,Champions,0,0
8,1,164.68,5,1,1,511,Potential Loyalist,0,0
543,1,114.69,1,1,1,111,At Risk,1,0
20,10,2530.19,4,5,4,454,Loyal Customers,0,0
4,3,882.72,5,3,3,533,Potential Loyalist,0,0
491,2,758.62,1,2,3,123,At Risk,1,0
174,1,191.94,3,1,1,311,Regular Customers,0,0
1,15,2661.17,5,5,4,554,Loyal Customers,0,0
624,8,1700.24,1,4,4,144,At Risk,1,0
178,9,1074.7,3,5,3,353,Regular Customers,0,0
534,1,6.300000000000001,1,1,1,111,At Risk,1,0
378,2,205.99,2,2,1,221,At Risk,1,0
402,1,364.45,2,1,2,212,At Risk,1,0
16,13,3145.2400000000002,5,5,5,555,Champions,0,0
248,5,530.17,2,4,2,242,At Risk,0,0
191,3,582.88,2,3,2,232,At Risk,0,0
20,2,525.69,4,2,2,422,Potential Loyalist,0,0
154,9,569.14,3,5,2,352,Regular Customers,0,0
173,4,775.26,3,3,3,333,Regular Customers,0,0
373,1,369.5,2,1,2,212,At Risk,1,0
373,1,127.08,2,1,1,211,At Risk,1,0
731,1,102.82,1,1,1,111,At Risk,1,0
194,1,207.15,2,1,1,211,At Risk,0,0
542,1,134.44,1,1,1,111,At Risk,1,0
647,1,106.54,1,1,1,111,At Risk,1,0
656,1,293.53,1,1,2,112,At Risk,1,0
644,1,594.0,1,1,2,112,At Risk,1,0
67,1,426.63,3,1,2,312,Regular Customers,0,0
428,1,239.9,1,1,1,111,At Risk,1,0
4,8,2495.87,5,4,4,544,Loyal Customers,0,0
21,3,1107.46,4,3,3,433,Potential Loyalist,0,0
418,2,2190.66,1,2,4,124,At Risk,1,0
239,2,416.86,2,2,2,222,At Risk,0,0
379,2,282.79,2,2,1,221,At Risk,1,0
64,1,145.35,3,1,1,311,Regular Customers,0,0
112,9,734.81,3,5,3,353,Regular Customers,0,0
90,16,9060.39,3,5,5,355,Regular Customers,0,0
311,1,35.8,2,1,1,211,At Risk,1,0
637,1,405.0,1,1,2,112,At Risk,1,0
134,1,337.44,3,1,2,312,Regular Customers,0,0
650,2,271.28999999999996,1,2,1,121,At Risk,1,0
277,4,2164.24,2,3,4,234,At Risk,1,0
365,4,646.27,2,4,3,243,At Risk,1,0
503,3,2304.18,1,3,4,134,At Risk,1,0
83,1,1708.24,3,1,4,314,Regular Customers,0,0
8,3,1509.0900000000001,5,3,4,534,Potential Loyalist,0,0
17,2,364.72,5,2,2,522,Potential Loyalist,0,0
32,10,7120.91,4,5,5,455,Loyal Customers,0,0
9,3,1013.17,5,3,3,533,Potential Loyalist,0,0
34,4,781.91,4,4,3,443,Loyal Customers,0,0
15,18,3440.3399999999997,5,5,5,555,Champions,0,0
589,1,190.75,1,1,1,111,At Risk,1,0
24,22,8085.9800000000005,4,5,5,455,Loyal Customers,0,0
551,2,617.6,1,2,3,123,At Risk,1,0
32,3,921.25,4,3,3,433,Potential Loyalist,0,0
74,4,462.12,3,4,2,342,Regular Customers,0,0
682,3,542.89,1,3,2,132,At Risk,1,0
374,4,410.95,2,4,2,242,At Risk,1,0
379,1,451.28999999999996,2,1,2,212,At Risk,1,0
449,1,289.48,1,1,2,112,At Risk,1,0
20,2,470.76,4,2,2,422,Potential Loyalist,0,0
663,1,269.21000000000004,1,1,1,111,At Risk,1,0
17,13,2771.94,5,5,4,554,Loyal Customers,0,0
451,1,426.53000000000003,1,1,2,112,At Risk,1,0
23,12,2966.0,4,5,5,455,Loyal Customers,0,0
388,1,404.55,2,1,2,212,At Risk,1,0
3,5,1127.05,5,4,3,543,Loyal Customers,0,0
304,2,1017.32,2,2,3,223,At Risk,1,0
18,18,5902.83,5,5,5,555,Champions,0,0
456,5,1769.33,1,4,4,144,At Risk,1,0
367,3,680.62,2,3,3,233,At Risk,1,0
39,7,3442.15,4,4,5,445,Loyal Customers,0,0
84,1,371.01,3,1,2,312,Regular Customers,0,0
165,6,1694.41,3,4,4,344,Regular Customers,0,0
17,2,1054.73,5,2,3,523,Potential Loyalist,0,0
77,3,3279.42,3,3,5,335,Regular Customers,0,0
603,1,329.22,1,1,2,112,At Risk,1,0
89,7,6543.68,3,4,5,345,Regular Customers,0,0
25,21,9362.77,4,5,5,455,Loyal Customers,0,0
605,1,324.51,1,1,2,112,At Risk,1,0
22,8,3110.37,4,4,5,445,Loyal Customers,0,0
3,30,8393.02,5,5,5,555,Champions,0,0
123,7,2715.28,3,4,4,344,Regular Customers,0,0
30,2,354.42,4,2,2,422,Potential Loyalist,0,0
12,8,1535.99,5,4,4,544,Loyal Customers,0,0
19,3,738.89,5,3,3,533,Potential Loyalist,0,0
376,2,368.31,2,2,2,222,At Risk,1,0
44,7,1997.75,4,4,4,444,Loyal Customers,0,0
534,1,150.55,1,1,1,111,At Risk,1,0
4,3,896.6,5,3,3,533,Potential Loyalist,0,0
9,7,2777.67,5,4,4,544,Loyal Customers,0,0
55,3,1175.68,4,3,3,433,Potential Loyalist,0,0
414,1,694.54,1,1,3,113,At Risk,1,0
88,7,1386.4,3,4,4,344,Regular Customers,0,0
37,16,8274.14,4,5,5,455,Loyal Customers,0,0
736,1,20.4,1,1,1,111,At Risk,1,0
3,3,12393.7,5,3,5,535,Potential Loyalist,0,0
381,1,583.39,2,1,2,212,At Risk,1,0
625,1,169.21,1,1,1,111,At Risk,1,0
30,10,5613.83,4,5,5,455,Loyal Customers,0,0
475,5,2146.39,1,4,4,144,At Risk,1,0
12,10,2365.4900000000002,5,5,4,554,Loyal Customers,0,0
211,2,332.82,2,2,2,222,At Risk,0,0
48,7,3053.06,4,4,5,445,Loyal Customers,0,0
24,15,5339.13,4,5,5,455,Loyal Customers,0,0
22,4,972.11,4,4,3,443,Loyal Customers,0,0
246,11,1694.86,2,5,4,254,At Risk,0,0
8,29,5601.01,5,5,5,555,Champions,0,0
35,5,2978.59,4,4,5,445,Loyal Customers,0,0
4,84,56078.44,5,5,5,555,Champions,3,-1
38,5,1100.28,4,4,3,443,Loyal Customers,0,0
4,3,704.55,5,3,3,533,Potential Loyalist,0,0
3,11,2083.4,5,5,4,554,Loyal Customers,0,0
47,5,1545.58,4,4,4,444,Loyal Customers,0,0
39,4,698.13,4,4,3,443,Loyal Customers,0,0
47,27,17329.16,4,5,5,455,Loyal Customers,0,0
17,3,851.01,5,3,3,533,Potential Loyalist,0,0
395,2,487.03,2,2,2,222,At Risk,1,0
260,1,602.63,2,1,2,212,At Risk,1,0
46,3,719.81,4,3,3,433,Potential Loyalist,0,0
12,3,483.99,5,3,2,532,Potential Loyalist,0,0
30,1,439.65999999999997,4,1,2,412,Potential Loyalist,0,0
43,1,236.09,4,1,1,411,Potential Loyalist,0,0
92,15,2048.36,3,5,4,354,Regular Customers,0,0
596,1,82.2,1,1,1,111,At Risk,1,0
39,107,117763.62,4,5,5,455,Loyal Customers,3,-1
310,1,331.24,2,1,2,212,At Risk,1,0
92,2,547.9,3,2,2,322,Regular Customers,0,0
456,6,1965.72,1,4,4,144,At Risk,1,0
6,27,10608.81,5,5,5,555,Champions,0,0
196,6,911.3199999999999,2,4,3,243,At Risk,0,0
560,1,217.73,1,1,1,111,At Risk,1,0
87,4,2556.84,3,4,4,344,Regular Customers,0,0
270,5,1509.34,2,4,4,244,At Risk,1,0
8,3,471.78000000000003,5,3,2,532,Potential Loyalist,0,0
424,2,456.4,1,2,2,122,At Risk,1,0
65,7,2416.9,3,4,4,344,Regular Customers,0,0
31,3,3166.4,4,3,5,435,Potential Loyalist,0,0
22,8,2245.32,4,4,4,444,Loyal Customers,0,0
38,8,1856.5900000000001,4,4,4,444,Loyal Customers,0,0
435,1,340.84000000000003,1,1,2,112,At Risk,1,0
120,8,3434.9300000000003,3,4,5,345,Regular Customers,0,0
562,1,235.78,1,1,1,111,At Risk,1,0
682,1,107.14,1,1,1,111,At Risk,1,0
373,4,818.7900000000001,2,4,3,243,At Risk,1,0
40,6,1852.15,4,4,4,444,Loyal Customers,0,0
174,3,300.7,3,3,2,332,Regular Customers,0,0
682,1,188.44,1,1,1,111,At Risk,1,0
54,1,362.06,4,1,2,412,Potential Loyalist,0,0
33,6,3634.84,4,4,5,445,Loyal Customers,0,0
145,4,2111.88,3,4,4,344,Regular Customers,0,0
221,1,134.8,2,1,1,211,At Risk,0,0
45,1,650.75,4,1,3,413,Potential Loyalist,0,0
16,10,3854.85,5,5,5,555,Champions,0,0
406,1,62.7,2,1,1,211,At Risk,1,0
66,12,3053.57,3,5,5,355,Regular Customers,0,0
401,3,541.95,2,3,2,232,At Risk,1,0
431,1,89.65,1,1,1,111,At Risk,1,0
10,8,2863.45,5,5,4,554,Loyal Customers,0,0
260,1,335.32,2,1,2,212,At Risk,1,0
725,1,109.31,1,1,1,111,At Risk,1,0
365,8,1992.13,2,5,4,254,At Risk,1,0
17,5,1521.04,5,4,4,544,Loyal Customers,0,0
563,3,3269.11,1,3,5,135,At Risk,1,0
594,1,115.73,1,1,1,111,At Risk,1,0
418,1,457.7,1,1,2,112,At Risk,1,0
22,2,852.15,4,2,3,423,Potential Loyalist,0,0
45,4,1076.8,4,4,3,443,Loyal Customers,0,0
288,4,4180.09,2,4,5,245,At Risk,1,0
297,1,122.39999999999999,2,1,1,211,At Risk,1,0
390,1,252.5,2,1,1,211,At Risk,1,0
503,2,736.9300000000001,1,2,3,123,At Risk,1,0
3,10,2234.73,5,5,4,554,Loyal Customers,0,0
626,1,2300.4,1,1,4,114,At Risk,1,0
284,2,362.99,2,2,2,222,At Risk,1,0
17,3,1352.0,5,3,4,534,Potential Loyalist,0,0
82,4,602.5600000000001,3,4,2,342,Regular Customers,0,0
56,8,4278.96,4,5,5,455,Loyal Customers,0,0
670,1,106.75,1,1,1,111,At Risk,1,0
101,4,2351.42,3,4,4,344,Regular Customers,0,0
299,1,436.18,2,1,2,212,At Risk,1,0
23,12,2341.03,4,5,4,454,Loyal Customers,0,0
59,10,2687.73,4,5,4,454,Loyal Customers,0,0
389,5,1739.92,2,4,4,244,At Risk,1,0
576,2,1437.43,1,2,4,124,At Risk,1,0
386,2,263.49,2,2,1,221,At Risk,1,0
624,1,180.56,1,1,1,111,At Risk,1,0
155,2,315.06,3,2,2,322,Regular Customers,0,0
115,6,1587.94,3,4,4,344,Regular Customers,0,0
107,1,17.0,3,1,1,311,Regular Customers,0,0
12,11,3695.56,5,5,5,555,Champions,0,0
456,1,447.05,1,1,2,112,At Risk,1,0
264,4,1584.97,2,4,4,244,At Risk,1,0
240,1,185.04999999999998,2,1,1,211,At Risk,0,0
88,14,4010.7,3,5,5,355,Regular Customers,0,0
50,7,1573.2,4,4,4,444,Loyal Customers,0,0
463,1,582.64,1,1,2,112,At Risk,1,0
71,4,3229.16,3,4,5,345,Regular Customers,0,0
42,3,1842.14,4,3,4,434,Potential Loyalist,0,0
7,22,6191.71,5,5,5,555,Champions,0,0
62,9,2774.46,3,5,4,354,Regular Customers,0,0
249,5,2386.19,2,4,4,244,At Risk,0,0
66,1,108.38,3,1,1,311,Regular Customers,0,0
18,7,3204.1600000000003,5,4,5,545,Loyal Customers,0,0
85,4,2235.92,3,4,4,344,Regular Customers,0,0
219,3,939.48,2,3,3,233,At Risk,0,0
45,4,1781.59,4,4,4,444,Loyal Customers,0,0
428,1,549.33,1,1,2,112,At Risk,1,0
143,4,195.73999999999998,3,4,1,341,Regular Customers,0,0
183,1,161.38,3,1,1,311,Regular Customers,0,0
171,1,135.75000000000003,3,1,1,311,Regular Customers,0,0
10,12,2553.8,5,5,4,554,Loyal Customers,0,0
212,1,612.78,2,1,3,213,At Risk,0,0
190,3,654.4,2,3,3,233,At Risk,0,0
653,1,4376.25,1,1,5,115,At Risk,1,0
8,8,1720.81,5,5,4,554,Loyal Customers,0,0
59,6,2967.51,4,4,5,445,Loyal Customers,0,0
57,5,1450.04,4,4,4,444,Loyal Customers,0,0
73,6,895.62,3,4,3,343,Regular Customers,0,0
52,1,307.78,4,1,2,412,Potential Loyalist,0,0
317,4,1772.49,2,4,4,244,At Risk,1,0
367,14,4292.35,2,5,5,255,At Risk,1,0
29,15,14644.6,4,5,5,455,Loyal Customers,0,0
39,2,801.31,4,2,3,423,Potential Loyalist,0,0
18,11,3801.05,5,5,5,555,Champions,0,0
407,3,1396.05,2,3,4,234,At Risk,1,0
422,4,987.48,1,4,3,143,At Risk,1,0
52,12,9957.42,4,5,5,455,Loyal Customers,0,0
544,2,664.1999999999999,1,2,3,123,At Risk,1,0
4,56,22992.260000000002,5,5,5,555,Champions,0,0
22,5,2145.34,4,4,4,444,Loyal Customers,0,0
263,2,819.45,2,2,3,223,At Risk,1,0
60,4,946.8,3,4,3,343,Regular Customers,0,0
680,1,422.7,1,1,2,112,At Risk,1,0
379,3,910.35,2,3,3,233,At Risk,1,0
19,5,1111.15,5,4,3,543,Loyal Customers,0,0
66,3,1433.46,3,3,4,334,Regular Customers,0,0
88,2,955.94,3,2,3,323,Regular Customers,0,0
250,1,535.34,2,1,2,212,At Risk,0,0
3,12,4555.08,5,5,5,555,Champions,0,0
247,1,175.2,2,1,1,211,At Risk,0,0
9,19,6805.4400000000005,5,5,5,555,Champions,0,0
157,4,946.38,3,4,3,343,Regular Customers,0,0
134,5,2398.91,3,4,4,344,Regular Customers,0,0
296,2,386.62,2,2,2,222,At Risk,1,0
5,3,422.22,5,3,2,532,Potential Loyalist,0,0
43,10,4002.17,4,5,5,455,Loyal Customers,0,0
269,1,1829.04,2,1,4,214,At Risk,1,0
50,11,5133.49,4,5,5,455,Loyal Customers,0,0
382,5,796.9,2,4,3,243,At Risk,1,0
9,20,6188.18,5,5,5,555,Champions,0,0
16,3,656.69,5,3,3,533,Potential Loyalist,0,0
522,9,628.32,1,5,3,153,At Risk,1,0
282,4,1232.79,2,4,4,244,At Risk,1,0
65,2,1025.44,3,2,3,323,Regular Customers,0,0
2,43,12580.06,5,5,5,555,Champions,0,0
252,1,37.4,2,1,1,211,At Risk,1,0
232,6,2407.98,2,4,4,244,At Risk,0,0
17,3,822.48,5,3,3,533,Potential Loyalist,0,0
505,1,79.9,1,1,1,111,At Risk,1,0
428,2,435.83,1,2,2,122,At Risk,1,0
414,5,1386.1200000000001,1,4,4,144,At Risk,1,0
11,66,10360.67,5,5,5,555,Champions,0,0
8,4,1822.97,5,4,4,544,Loyal Customers,0,0
51,20,6869.0,4,5,5,455,Loyal Customers,0,0
59,1,73.2,4,1,1,411,Potential Loyalist,0,0
95,8,1884.55,3,5,4,354,Regular Customers,0,0
16,6,1418.32,5,4,4,544,Loyal Customers,0,0
126,7,2246.75,3,4,4,344,Regular Customers,0,0
94,7,1836.44,3,4,4,344,Regular Customers,0,0
421,4,2052.69,1,4,4,144,At Risk,1,0
50,8,2247.31,4,5,4,454,Loyal Customers,0,0
138,2,612.6,3,2,3,323,Regular Customers,0,0
61,1,215.83,3,1,1,311,Regular Customers,0,0
100,13,16249.87,3,5,5,355,Regular Customers,0,0
73,1,305.54,3,1,2,312,Regular Customers,0,0
72,9,9971.65,3,5,5,355,Regular Customers,0,0
67,4,1077.81,3,4,3,343,Regular Customers,0,0
64,6,1158.79,3,4,3,343,Regular Customers,0,0
17,3,644.72,5,3,3,533,Potential Loyalist,0,0
23,26,8718.43,4,5,5,455,Loyal Customers,0,0
32,15,6911.4400000000005,4,5,5,455,Loyal Customers,0,0
45,5,1087.66,4,4,3,443,Loyal Customers,0,0
16,2,215.48,5,2,1,521,Potential Loyalist,0,0
40,8,2723.55,4,5,4,454,Loyal Customers,0,0
3,24,15677.82,5,5,5,555,Champions,0,0
736,1,351.3,1,1,2,112,At Risk,1,0
237,2,630.43,2,2,3,223,At Risk,0,0
375,1,308.59999999999997,2,1,2,212,At Risk,1,0
723,1,323.25,1,1,2,112,At Risk,1,0
489,1,93.3,1,1,1,111,At Risk,1,0
469,9,2016.71,1,5,4,154,At Risk,1,0
75,2,1030.0410000000002,3,2,3,323,Regular Customers,0,0
392,7,942.75,2,4,3,243,At Risk,1,0
4,12,5608.1,5,5,5,555,Champions,0,0
3,5,2112.12,5,4,4,544,Loyal Customers,0,0
361,9,2501.9900000000002,2,5,4,254,At Risk,1,0
59,6,943.84,4,4,3,443,Loyal Customers,0,0
23,3,918.71,4,3,3,433,Potential Loyalist,0,0
31,7,1820.1100000000001,4,4,4,444,Loyal Customers,0,0
55,13,2589.87,4,5,4,454,Loyal Customers,0,0
25,1,394.38,4,1,2,412,Potential Loyalist,0,0
45,10,3440.45,4,5,5,455,Loyal Customers,0,0
89,9,4146.78,3,5,5,355,Regular Customers,0,0
2,35,33750.97,5,5,5,555,Champions,0,0
89,3,1090.59,3,3,3,333,Regular Customers,0,0
19,4,1293.71,5,4,4,544,Loyal Customers,0,0
79,1,159.0,3,1,1,311,Regular Customers,0,0
171,4,2038.25,3,4,4,344,Regular Customers,0,0
81,1,242.35,3,1,1,311,Regular Customers,0,0
267,1,914.9300000000001,2,1,3,213,At Risk,1,0
235,2,304.25,2,2,2,222,At Risk,0,0
30,13,3968.67,4,5,5,455,Loyal Customers,0,0
501,1,40.8,1,1,1,111,At Risk,1,0
37,9,2019.92,4,5,4,454,Loyal Customers,0,0
318,2,1272.05,2,2,4,224,At Risk,1,0
375,2,1087.05,2,2,3,223,At Risk,1,0
57,5,1616.54,4,4,4,444,Loyal Customers,0,0
45,15,2859.31,4,5,4,454,Loyal Customers,0,0
203,5,672.1700000000001,2,4,3,243,At Risk,0,0
225,3,1027.22,2,3,3,233,At Risk,0,0
385,3,885.71,2,3,3,233,At Risk,1,0
87,6,2867.86,3,4,4,344,Regular Customers,0,0
190,2,542.03,2,2,2,222,At Risk,0,0
379,4,1074.47,2,4,3,243,At Risk,1,0
44,7,2712.97,4,4,4,444,Loyal Customers,0,0
71,9,1818.31,3,5,4,354,Regular Customers,0,0
476,3,333.18,1,3,2,132,At Risk,1,0
41,9,2053.71,4,5,4,454,Loyal Customers,0,0
78,1,432.2,3,1,2,312,Regular Customers,0,0
437,1,136.65,1,1,1,111,At Risk,1,0
423,1,63.66,1,1,1,111,At Risk,1,0
57,6,1492.2,4,4,4,444,Loyal Customers,0,0
24,2,3718.8,4,2,5,425,Potential Loyalist,0,0
10,16,3992.86,5,5,5,555,Champions,0,0
8,14,7404.65,5,5,5,555,Champions,0,0
34,2,409.1,4,2,2,422,Potential Loyalist,0,0
212,2,1522.75,2,2,4,224,At Risk,0,0
24,3,1413.66,4,3,4,434,Potential Loyalist,0,0
460,2,821.35,1,2,3,123,At Risk,1,0
170,1,114.56,3,1,1,311,Regular Customers,0,0
62,1,152.94,3,1,1,311,Regular Customers,0,0
53,5,1800.07,4,4,4,444,Loyal Customers,0,0
261,3,565.24,2,3,2,232,At Risk,1,0
512,1,128.31,1,1,1,111,At Risk,1,0
383,1,295.09000000000003,2,1,2,212,At Risk,1,0
67,7,7272.2,3,4,5,345,Regular Customers,0,0
378,3,967.44,2,3,3,233,At Risk,1,0
17,15,4530.0,5,5,5,555,Champions,0,0
267,3,1629.37,2,3,4,234,At Risk,1,0
177,1,46.95,3,1,1,311,Regular Customers,0,0
45,15,11942.52,4,5,5,455,Loyal Customers,0,0
410,3,340.94,2,3,2,232,At Risk,1,0
51,1,1035.45,4,1,3,413,Potential Loyalist,0,0
17,6,1041.16,5,4,3,543,Loyal Customers,0,0
378,1,755.15,2,1,3,213,At Risk,1,0
423,1,348.16,1,1,2,112,At Risk,1,0
438,2,823.53,1,2,3,123,At Risk,1,0
9,12,6935.17,5,5,5,555,Champions,0,0
74,14,1757.95,3,5,4,354,Regular Customers,0,0
591,1,186.66,1,1,1,111,At Risk,1,0
71,2,667.65,3,2,3,323,Regular Customers,0,0
438,1,717.57,1,1,3,113,At Risk,1,0
353,1,1141.24,2,1,3,213,At Risk,1,0
3,10,3397.82,5,5,5,555,Champions,0,0
117,1,411.7,3,1,2,312,Regular Customers,0,0
648,2,318.34000000000003,1,2,2,122,At Risk,1,0
373,1,351.75,2,1,2,212,At Risk,1,0
197,3,2151.11,2,3,4,234,At Risk,0,0
177,3,2629.3900000000003,3,3,4,334,Regular Customers,0,0
734,1,188.69,1,1,1,111,At Risk,1,0
100,3,1117.84,3,3,3,333,Regular Customers,0,0
21,9,5698.28,4,5,5,455,Loyal Customers,0,0
725,1,238.05,1,1,1,111,At Risk,1,0
72,3,3424.02,3,3,5,335,Regular Customers,0,0
340,3,1307.58,2,3,4,234,At Risk,1,0
6,8,4350.32,5,5,5,555,Champions,0,0
31,3,1018.48,4,3,3,433,Potential Loyalist,0,0
646,1,176.9,1,1,1,111,At Risk,1,0
477,2,328.95,1,2,2,122,At Risk,1,0
170,5,1006.98,3,4,3,343,Regular Customers,0,0
470,1,129.85,1,1,1,111,At Risk,1,0
462,1,136.31,1,1,1,111,At Risk,1,0
465,4,1957.7,1,4,4,144,At Risk,1,0
682,1,117.72,1,1,1,111,At Risk,1,0
122,5,1253.76,3,4,4,344,Regular Customers,0,0
22,15,4279.2,4,5,5,455,Loyal Customers,0,0
477,1,126.05000000000001,1,1,1,111,At Risk,1,0
10,4,1328.55,5,4,4,544,Loyal Customers,0,0
626,4,1313.67,1,4,4,144,At Risk,1,0
269,1,301.9,2,1,2,212,At Risk,1,0
23,7,1085.7,4,4,3,443,Loyal Customers,0,0
477,1,193.65,1,1,1,111,At Risk,1,0
430,3,1367.32,1,3,4,134,At Risk,1,0
737,1,107.33,1,1,1,111,At Risk,1,0
127,1,233.22,3,1,1,311,Regular Customers,0,0
26,7,7928.27,4,4,5,445,Loyal Customers,0,0
695,1,381.66,1,1,2,112,At Risk,1,0
139,1,361.21999999999997,3,1,2,312,Regular Customers,0,0
214,7,1124.72,2,4,3,243,At Risk,0,0
429,3,1194.92,1,3,3,133,At Risk,1,0
38,7,5120.0,4,4,5,445,Loyal Customers,0,0
106,2,706.57,3,2,3,323,Regular Customers,0,0
414,2,460.08,1,2,2,122,At Risk,1,0
18,2,616.26,5,2,3,523,Potential Loyalist,0,0
432,1,171.15,1,1,1,111,At Risk,1,0
3,2,274.15000000000003,5,2,1,521,Potential Loyalist,0,0
390,3,1491.4,2,3,4,234,At Risk,1,0
331,2,402.71,2,2,2,222,At Risk,1,0
64,13,5744.91,3,5,5,355,Regular Customers,0,0
120,5,2192.51,3,4,4,344,Regular Customers,0,0
35,1,328.15,4,1,2,412,Potential Loyalist,0,0
218,1,404.40000000000003,2,1,2,212,At Risk,0,0
172,6,5628.99,3,4,5,345,Regular Customers,0,0
72,7,604.5500000000001,3,4,2,342,Regular Customers,0,0
1,2,326.75,5,2,2,522,Potential Loyalist,0,0
196,2,353.66,2,2,2,222,At Risk,0,0
128,3,408.59000000000003,3,3,2,332,Regular Customers,0,0
47,12,3597.5,4,5,5,455,Loyal Customers,0,0
6,24,4721.25,5,5,5,555,Champions,0,0
14,16,10159.64,5,5,5,555,Champions,0,0
563,1,310.83,1,1,2,112,At Risk,1,0
428,4,1664.92,1,4,4,144,At Risk,1,0
18,7,625.38,5,4,3,543,Loyal Customers,0,0
432,6,2037.7,1,4,4,144,At Risk,1,0
28,11,2000.01,4,5,4,454,Loyal Customers,0,0
8,22,26626.8,5,5,5,555,Champions,0,0
492,1,263.73,1,1,1,111,At Risk,1,0
552,7,2753.52,1,4,4,144,At Risk,1,0
421,4,3517.69,1,4,5,145,At Risk,1,0
37,1,151.05,4,1,1,411,Potential Loyalist,0,0
157,1,214.79999999999998,3,1,1,311,Regular Customers,0,0
284,1,94.05,2,1,1,211,At Risk,1,0
107,3,1496.24,3,3,4,334,Regular Customers,0,0
25,7,3850.79,4,4,5,445,Loyal Customers,0,0
75,4,322.41,3,4,2,342,Regular Customers,0,0
16,3,614.12,5,3,3,533,Potential Loyalist,0,0
158,4,842.42,3,4,3,343,Regular Customers,0,0
44,2,1178.79,4,2,3,423,Potential Loyalist,0,0
385,1,224.51,2,1,1,211,At Risk,1,0
11,11,3442.96,5,5,5,555,Champions,0,0
32,8,1744.42,4,5,4,454,Loyal Customers,0,0
291,1,53.5,2,1,1,211,At Risk,1,0
21,9,2253.89,4,5,4,454,Loyal Customers,0,0
333,13,3330.0299999999997,2,5,5,255,At Risk,1,0
18,2,494.44,5,2,2,522,Potential Loyalist,0,0
4,38,9795.460000000001,5,5,5,555,Champions,0,0
63,5,1119.46,3,4,3,343,Regular Customers,0,0
375,1,416.35,2,1,2,212,At Risk,1,0
198,6,415.87,2,4,2,242,At Risk,0,0
33,4,868.37,4,4,3,443,Loyal Customers,0,0
1,5,2919.65,5,4,5,545,Loyal Customers,0,0
7,16,2697.75,5,5,4,554,Loyal Customers,0,0
5,6,3450.41,5,4,5,545,Loyal Customers,0,0
10,4,891.21,5,4,3,543,Loyal Customers,0,0
32,6,922.16,4,4,3,443,Loyal Customers,0,0
53,1,109.36000000000001,4,1,1,411,Potential Loyalist,0,0
12,2,705.79,5,2,3,523,Potential Loyalist,0,0
18,15,3167.34,5,5,5,555,Champions,0,0
19,4,1548.1299999999999,5,4,4,544,Loyal Customers,0,0
37,3,1350.48,4,3,4,434,Potential Loyalist,0,0
2,3,621.44,5,3,3,533,Potential Loyalist,0,0
18,7,2656.56,5,4,4,544,Loyal Customers,0,0
82,4,1301.91,3,4,4,344,Regular Customers,0,0
449,1,157.2,1,1,1,111,At Risk,1,0
33,5,1290.31,4,4,4,444,Loyal Customers,0,0
382,2,309.49,2,2,2,222,At Risk,1,0
66,5,1723.4,3,4,4,344,Regular Customers,0,0
470,2,104.0,1,2,1,121,At Risk,1,0
9,2,974.96,5,2,3,523,Potential Loyalist,0,0
267,2,1308.48,2,2,4,224,At Risk,1,0
247,3,362.95,2,3,2,232,At Risk,0,0
4,4,2157.4,5,4,4,544,Loyal Customers,0,0
61,1,1743.1499999999999,3,1,4,314,Regular Customers,0,0
396,2,247.85,2,2,1,221,At Risk,1,0
408,2,353.1,2,2,2,222,At Risk,1,0
75,7,2896.69,3,4,4,344,Regular Customers,0,0
90,4,1358.95,3,4,4,344,Regular Customers,0,0
60,5,881.35,3,4,3,343,Regular Customers,0,0
29,3,1068.16,4,3,3,433,Potential Loyalist,0,0
323,5,882.46,2,4,3,243,At Risk,1,0
654,1,186.05,1,1,1,111,At Risk,1,0
53,4,1382.07,4,4,4,444,Loyal Customers,0,0
537,3,467.5,1,3,2,132,At Risk,1,0
401,4,1052.26,2,4,3,243,At Risk,1,0
270,3,756.7,2,3,3,233,At Risk,1,0
2,23,5297.77,5,5,5,555,Champions,0,0
57,5,1555.34,4,4,4,444,Loyal Customers,0,0
61,14,3518.41,3,5,5,355,Regular Customers,0,0
476,1,137.8,1,1,1,111,At Risk,1,0
628,1,123.13,1,1,1,111,At Risk,1,0
154,2,1705.8,3,2,4,324,Regular Customers,0,0
19,3,630.22,5,3,3,533,Potential Loyalist,0,0
95,9,3059.85,3,5,5,355,Regular Customers,0,0
1,23,6849.15,5,5,5,555,Champions,0,0
265,2,293.45,2,2,2,222,At Risk,1,0
312,1,177.5,2,1,1,211,At Risk,1,0
70,1,443.05,3,1,2,312,Regular Customers,0,0
302,2,167.25,2,2,1,221,At Risk,1,0
19,3,528.36,5,3,2,532,Potential Loyalist,0,0
13,14,2761.65,5,5,4,554,Loyal Customers,0,0
591,1,231.93,1,1,1,111,At Risk,1,0
36,12,5652.74,4,5,5,455,Loyal Customers,0,0
734,1,130.32,1,1,1,111,At Risk,1,0
19,4,756.39,5,4,3,543,Loyal Customers,0,0
54,5,593.19,4,4,2,442,Loyal Customers,0,0
57,2,522.03,4,2,2,422,Potential Loyalist,0,0
22,5,551.21,4,4,2,442,Loyal Customers,0,0
44,3,696.76,4,3,3,433,Potential Loyalist,0,0
27,9,2957.88,4,5,5,455,Loyal Customers,0,0
493,1,35.7,1,1,1,111,At Risk,1,0
45,5,1028.74,4,4,3,443,Loyal Customers,0,0
113,8,1463.7,3,5,4,354,Regular Customers,0,0
396,1,75.0,2,1,1,211,At Risk,1,0
376,3,526.27,2,3,2,232,At Risk,1,0
17,109,61920.87,5,5,5,555,Champions,3,-1
25,1,346.12,4,1,2,412,Potential Loyalist,0,0
191,2,443.06,2,2,2,222,At Risk,0,0
302,1,302.7,2,1,2,212,At Risk,1,0
2,10,1863.76,5,5,4,554,Loyal Customers,0,0
263,2,241.06,2,2,1,221,At Risk,1,0
414,3,638.49,1,3,3,133,At Risk,1,0
106,1,284.55,3,1,1,311,Regular Customers,0,0
57,7,1117.94,4,4,3,443,Loyal Customers,0,0
213,3,623.28,2,3,3,233,At Risk,0,0
64,1,287.4,3,1,2,312,Regular Customers,0,0
28,2,384.52,4,2,2,422,Potential Loyalist,0,0
29,12,2673.69,4,5,4,454,Loyal Customers,0,0
512,3,1003.0699999999999,1,3,3,133,At Risk,1,0
668,3,319.14,1,3,2,132,At Risk,1,0
381,2,301.25,2,2,2,222,At Risk,1,0
6,5,798.35,5,4,3,543,Loyal Customers,0,0
722,1,310.70000000000005,1,1,2,112,At Risk,1,0
8,6,3856.9700000000003,5,4,5,545,Loyal Customers,0,0
67,5,1019.13,3,4,3,343,Regular Customers,0,0
2,5,891.98,5,4,3,543,Loyal Customers,0,0
521,1,162.24,1,1,1,111,At Risk,1,0
46,17,3625.88,4,5,5,455,Loyal Customers,0,0
34,4,583.16,4,4,2,442,Loyal Customers,0,0
1,2,168472.5,5,2,5,525,Potential Loyalist,3,-1
136,3,727.1,3,3,3,333,Regular Customers,0,0
198,2,361.12,2,2,2,222,At Risk,0,0
198,2,707.69,2,2,3,223,At Risk,0,0
150,3,1505.73,3,3,4,334,Regular Customers,0,0
88,3,1013.15,3,3,3,333,Regular Customers,0,0
631,2,332.17,1,2,2,122,At Risk,1,0
531,2,251.71,1,2,1,121,At Risk,1,0
45,4,30.950000000000003,4,4,1,441,Loyal Customers,0,0
64,11,3995.57,3,5,5,355,Regular Customers,0,0
99,13,6000.94,3,5,5,355,Regular Customers,0,0
218,1,208.36,2,1,1,211,At Risk,0,0
3,30,5690.89,5,5,5,555,Champions,0,0
730,1,71.78999999999999,1,1,1,111,At Risk,1,0
28,3,811.23,4,3,3,433,Potential Loyalist,0,0
178,3,1545.83,3,3,4,334,Regular Customers,0,0
74,3,136.0,3,3,1,331,Regular Customers,0,0
21,4,1422.4,4,4,4,444,Loyal Customers,0,0
20,3,1298.66,4,3,4,434,Potential Loyalist,0,0
421,2,746.24,1,2,3,123,At Risk,1,0
34,15,3767.09,4,5,5,455,Loyal Customers,0,0
509,7,2869.16,1,4,4,144,At Risk,1,0
74,3,787.52,3,3,3,333,Regular Customers,0,0
24,5,803.9,4,4,3,443,Loyal Customers,0,0
52,11,2416.85,4,5,4,454,Loyal Customers,0,0
275,4,1189.98,2,4,3,243,At Risk,1,0
434,2,789.6,1,2,3,123,At Risk,1,0
165,4,470.83,3,4,2,342,Regular Customers,0,0
7,7,1810.65,5,4,4,544,Loyal Customers,0,0
88,4,544.3,3,4,2,342,Regular Customers,0,0
432,1,350.35,1,1,2,112,At Risk,1,0
64,11,4094.37,3,5,5,355,Regular Customers,0,0
25,3,331.0,4,3,2,432,Potential Loyalist,0,0
10,2,300.83,5,2,2,522,Potential Loyalist,0,0
76,1,769.29,3,1,3,313,Regular Customers,0,0
682,1,453.38,1,1,2,112,At Risk,1,0
16,1,220.62,5,1,1,511,Potential Loyalist,0,0
192,1,139.35,2,1,1,211,At Risk,0,0
174,2,404.3,3,2,2,322,Regular Customers,0,0
77,5,2287.19,3,4,4,344,Regular Customers,0,0
538,1,134.36,1,1,1,111,At Risk,1,0
577,2,209.4,1,2,1,121,At Risk,1,0
33,3,498.8,4,3,2,432,Potential Loyalist,0,0
380,2,303.7,2,2,2,222,At Risk,1,0
436,1,205.41000000000003,1,1,1,111,At Risk,1,0
47,2,1533.16,4,2,4,424,Potential Loyalist,0,0
541,1,385.56,1,1,2,112,At Risk,1,0
80,7,2132.09,3,4,4,344,Regular Customers,0,0
297,1,826.53,2,1,3,213,At Risk,1,0
3,3,648.26,5,3,3,533,Potential Loyalist,0,0
9,6,2330.77,5,4,4,544,Loyal Customers,0,0
50,23,6695.28,4,5,5,455,Loyal Customers,0,0
161,2,100.97,3,2,1,321,Regular Customers,0,0
360,8,2578.34,2,5,4,254,At Risk,1,0
5,9,843.9100000000001,5,5,3,553,Loyal Customers,0,0
383,1,1191.23,2,1,3,213,At Risk,1,0
620,2,258.55,1,2,1,121,At Risk,1,0
107,11,3614.34,3,5,5,355,Regular Customers,0,0
25,1,465.88,4,1,2,412,Potential Loyalist,0,0
32,1,777.6,4,1,3,413,Potential Loyalist,0,0
20,2,90.30000000000001,4,2,1,421,Potential Loyalist,0,0
572,1,142.71,1,1,1,111,At Risk,1,0
630,1,240.95,1,1,1,111,At Risk,1,0
297,1,363.7,2,1,2,212,At Risk,1,0
372,6,1777.5,2,4,4,244,At Risk,1,0
22,6,1760.49,4,4,4,444,Loyal Customers,0,0
5,4,874.59,5,4,3,543,Loyal Customers,0,0
52,10,3179.06,4,5,5,455,Loyal Customers,0,0
30,1,101.69999999999999,4,1,1,411,Potential Loyalist,0,0
277,1,162.7,2,1,1,211,At Risk,1,0
61,4,959.37,3,4,3,343,Regular Customers,0,0
25,4,439.06,4,4,2,442,Loyal Customers,0,0
186,6,2148.38,3,4,4,344,Regular Customers,0,0
415,3,1140.11,1,3,3,133,At Risk,1,0
436,2,433.36,1,2,2,122,At Risk,1,0
2,28,11916.33,5,5,5,555,Champions,0,0
446,2,306.19,1,2,2,122,At Risk,1,0
2,48,24151.3,5,5,5,555,Champions,0,0
172,2,717.21,3,2,3,323,Regular Customers,0,0
81,2,1232.94,3,2,4,324,Regular Customers,0,0
4,1,244.41,5,1,1,511,Potential Loyalist,0,0
190,4,1986.8,2,4,4,244,At Risk,0,0
668,1,48.349999999999994,1,1,1,111,At Risk,1,0
22,11,2298.33,4,5,4,454,Loyal Customers,0,0
18,5,8756.64,5,4,5,545,Loyal Customers,0,0
19,3,1082.81,5,3,3,533,Potential Loyalist,0,0
642,1,635.9,1,1,3,113,At Risk,1,0
5,3,972.04,5,3,3,533,Potential Loyalist,0,0
110,1,548.12,3,1,2,312,Regular Customers,0,0
641,1,23.35,1,1,1,111,At Risk,1,0
541,3,395.07,1,3,2,132,At Risk,1,0
3,10,3289.66,5,5,5,555,Champions,0,0
414,1,205.75,1,1,1,111,At Risk,1,0
735,1,424.03,1,1,2,112,At Risk,1,0
54,2,257.32,4,2,1,421,Potential Loyalist,0,0
592,1,292.21,1,1,2,112,At Risk,1,0
520,4,376.70000000000005,1,4,2,142,At Risk,1,0
165,2,689.82,3,2,3,323,Regular Customers,0,0
291,5,5307.07,2,4,5,245,At Risk,1,0
546,1,104.25999999999999,1,1,1,111,At Risk,1,0
599,1,30.15,1,1,1,111,At Risk,1,0
10,34,12781.8,5,5,5,555,Champions,0,0
109,18,8813.58,3,5,5,355,Regular Customers,0,0
96,7,2237.12,3,4,4,344,Regular Customers,0,0
243,2,379.73,2,2,2,222,At Risk,0,0
163,33,16584.01,3,5,5,355,Regular Customers,0,0
42,8,2841.72,4,5,4,454,Loyal Customers,0,0
35,6,1915.68,4,4,4,444,Loyal Customers,0,0
67,17,8012.58,3,5,5,355,Regular Customers,0,0
24,2,281.85,4,2,1,421,Potential Loyalist,0,0
1,38,13304.11,5,5,5,555,Champions,0,0
397,1,175.0,2,1,1,211,At Risk,1,0
27,8,3048.38,4,5,5,455,Loyal Customers,0,0
6,2,511.12,5,2,2,522,Potential Loyalist,0,0
477,1,223.85999999999999,1,1,1,111,At Risk,1,0
54,6,4412.56,4,4,5,445,Loyal Customers,0,0
569,1,87.8,1,1,1,111,At Risk,1,0
364,4,773.05,2,4,3,243,At Risk,1,0
15,5,614.66,5,4,3,543,Loyal Customers,0,0
194,2,865.6,2,2,3,223,At Risk,0,0
428,2,1020.9000000000001,1,2,3,123,At Risk,1,0
3,5,1455.23,5,4,4,544,Loyal Customers,0,0
15,20,7434.31,5,5,5,555,Champions,0,0
27,10,4248.74,4,5,5,455,Loyal Customers,0,0
127,3,1009.6,3,3,3,333,Regular Customers,0,0
85,2,663.61,3,2,3,323,Regular Customers,0,0
71,3,1301.78,3,3,4,334,Regular Customers,0,0
420,2,540.87,1,2,2,122,At Risk,1,0
667,1,380.0,1,1,2,112,At Risk,1,0
626,1,156.6,1,1,1,111,At Risk,1,0
426,1,295.05,1,1,2,112,At Risk,1,0
183,1,105.84,3,1,1,311,Regular Customers,0,0
113,1,313.62,3,1,2,312,Regular Customers,0,0
374,2,297.95,2,2,2,222,At Risk,1,0
80,5,3156.17,3,4,5,345,Regular Customers,0,0
594,2,341.59,1,2,2,122,At Risk,1,0
249,3,1462.78,2,3,4,234,At Risk,0,0
232,1,225.15,2,1,1,211,At Risk,0,0
386,4,1361.28,2,4,4,244,At Risk,1,0
71,4,612.36,3,4,3,343,Regular Customers,0,0
401,2,605.9,2,2,2,222,At Risk,1,0
69,1,213.5,3,1,1,311,Regular Customers,0,0
4,28,7807.91,5,5,5,555,Champions,0,0
51,8,1071.1399999999999,4,5,3,453,Loyal Customers,0,0
75,1,181.09,3,1,1,311,Regular Customers,0,0
61,5,1757.75,3,4,4,344,Regular Customers,0,0
16,4,458.98,5,4,2,542,Loyal Customers,0,0
4,1,90.04,5,1,1,511,Potential Loyalist,0,0
286,1,145.04999999999998,2,1,1,211,At Risk,1,0
386,1,172.8,2,1,1,211,At Risk,1,0
4,13,2153.41,5,5,4,554,Loyal Customers,0,0
41,3,677.0,4,3,3,433,Potential Loyalist,0,0
36,2,763.33,4,2,3,423,Potential Loyalist,0,0
75,2,482.47,3,2,2,322,Regular Customers,0,0
563,2,432.45,1,2,2,122,At Risk,1,0
724,1,60.48,1,1,1,111,At Risk,1,0
404,2,357.66,2,2,2,222,At Risk,1,0
18,25,5706.87,5,5,5,555,Champions,0,0
454,2,1286.6200000000001,1,2,4,124,At Risk,1,0
15,7,5493.46,5,4,5,545,Loyal Customers,0,0
219,1,75.66,2,1,1,211,At Risk,0,0
186,6,1785.13,3,4,4,344,Regular Customers,0,0
33,9,3245.43,4,5,5,455,Loyal Customers,0,0
70,1,618.59,3,1,3,313,Regular Customers,0,0
183,3,1179.79,3,3,3,333,Regular Customers,0,0
626,1,291.5,1,1,2,112,At Risk,1,0
15,2,500.42,5,2,2,522,Potential Loyalist,0,0
236,1,151.85,2,1,1,211,At Risk,0,0
31,5,2647.59,4,4,4,444,Loyal Customers,0,0
264,4,1938.33,2,4,4,244,At Risk,1,0
4,6,1758.93,5,4,4,544,Loyal Customers,0,0
52,4,813.48,4,4,3,443,Loyal Customers,0,0
544,1,225.4,1,1,1,111,At Risk,1,0
246,4,1015.24,2,4,3,243,At Risk,0,0
81,2,810.5699999999999,3,2,3,323,Regular Customers,0,0
275,5,1654.03,2,4,4,244,At Risk,1,0
1,17,4413.1,5,5,5,555,Champions,0,0
79,1,322.8,3,1,2,312,Regular Customers,0,0
30,7,2318.1,4,4,4,444,Loyal Customers,0,0
74,2,408.63,3,2,2,322,Regular Customers,0,0
407,1,106.80000000000001,2,1,1,211,At Risk,1,0
482,7,1892.52,1,4,4,144,At Risk,1,0
486,2,406.4,1,2,2,122,At Risk,1,0
17,6,2883.1,5,4,4,544,Loyal Customers,0,0
223,6,1649.81,2,4,4,244,At Risk,0,0
407,1,473.0,2,1,2,212,At Risk,1,0
438,4,3802.04,1,4,5,145,At Risk,1,0
32,4,1154.47,4,4,3,443,Loyal Customers,0,0
23,15,2380.13,4,5,4,454,Loyal Customers,0,0
31,4,1747.98,4,4,4,444,Loyal Customers,0,0
398,1,179.4,2,1,1,211,At Risk,1,0
106,2,554.5,3,2,2,322,Regular Customers,0,0
5,3,1077.45,5,3,3,533,Potential Loyalist,0,0
246,2,923.11,2,2,3,223,At Risk,0,0
178,2,833.78,3,2,3,323,Regular Customers,0,0
736,1,160.39,1,1,1,111,At Risk,1,0
449,1,678.8,1,1,3,113,At Risk,1,0
170,4,541.9,3,4,2,342,Regular Customers,0,0
43,3,672.8,4,3,3,433,Potential Loyalist,0,0
520,1,306.58000000000004,1,1,2,112,At Risk,1,0
72,7,1916.11,3,4,4,344,Regular Customers,0,0
587,1,136.2,1,1,1,111,At Risk,1,0
59,16,17550.39,4,5,5,455,Loyal Customers,0,0
16,2,1212.66,5,2,3,523,Potential Loyalist,0,0
141,8,1484.07,3,5,4,354,Regular Customers,0,0
18,13,6423.26,5,5,5,555,Champions,0,0
22,30,16833.170000000002,4,5,5,455,Loyal Customers,0,0
10,4,874.43,5,4,3,543,Loyal Customers,0,0
368,6,690.83,2,4,3,243,At Risk,1,0
189,1,39.12,3,1,1,311,Regular Customers,0,0
16,7,1879.55,5,4,4,544,Loyal Customers,0,0
540,4,932.76,1,4,3,143,At Risk,1,0
394,1,151.05,2,1,1,211,At Risk,1,0
729,1,165.0,1,2,1,121,At Risk,1,0
569,1,109.2,1,2,1,121,At Risk,1,0
362,1,135.39999999999998,2,2,1,221,At Risk,1,0
19,2,217.71,5,2,1,521,Potential Loyalist,0,0
68,2,567.1800000000001,3,2,2,322,Regular Customers,0,0
15,13,862.42,5,5,3,553,Loyal Customers,0,0
24,3,1348.88,4,3,4,434,Potential Loyalist,0,0
17,20,8030.150000000001,5,5,5,555,Champions,0,0
28,3,1692.27,4,3,4,434,Potential Loyalist,0,0
2,20,8134.9400000000005,5,5,5,555,Champions,0,0
679,1,171.13,1,2,1,121,At Risk,1,0
55,2,304.24,4,2,2,422,Potential Loyalist,0,0
442,2,608.86,1,2,2,122,At Risk,1,0
34,6,2361.9,4,4,4,444,Loyal Customers,0,0
411,2,880.62,1,2,3,123,At Risk,1,0
3,12,3109.99,5,5,5,555,Champions,0,0
366,3,663.31,2,3,3,233,At Risk,1,0
43,3,821.45,4,3,3,433,Potential Loyalist,0,0
73,7,1921.84,3,4,4,344,Regular Customers,0,0
5,5,1028.0,5,4,3,543,Loyal Customers,0,0
534,1,320.25,1,2,2,122,At Risk,1,0
4,55,147142.77,5,5,5,555,Champions,3,-1
61,2,324.24,3,2,2,322,Regular Customers,0,0
47,16,4881.07,4,5,5,455,Loyal Customers,0,0
391,1,157.63,2,2,1,221,At Risk,1,0
1,4,1260.86,5,4,4,544,Loyal Customers,0,0
76,2,422.59999999999997,3,2,2,322,Regular Customers,0,0
72,4,353.03,3,4,2,342,Regular Customers,0,0
418,2,178.83,1,2,1,121,At Risk,1,0
256,4,1914.6999999999998,2,4,4,244,At Risk,0,0
69,5,1179.48,3,4,3,343,Regular Customers,0,0
723,1,98.30000000000001,1,2,1,121,At Risk,1,0
562,2,191.9,1,2,1,121,At Risk,1,0
135,4,657.9000000000001,3,4,3,343,Regular Customers,0,0
241,1,112.75,2,2,1,221,At Risk,0,0
227,2,1998.0,2,2,4,224,At Risk,0,0
380,7,994.6,2,4,3,243,At Risk,1,0
9,25,8830.77,5,5,5,555,Champions,0,0
9,26,9916.73,5,5,5,555,Champions,0,0
415,4,1110.83,1,4,3,143,At Risk,1,0
618,2,664.16,1,2,3,123,At Risk,1,0
1,42,43515.051,5,5,5,555,Champions,0,0
37,3,531.35,4,3,2,432,Potential Loyalist,0,0
400,4,533.41,2,4,2,242,At Risk,1,0
46,1,656.63,4,2,3,423,Potential Loyalist,0,0
85,14,9056.01,3,5,5,355,Regular Customers,0,0
19,22,5921.35,5,5,5,555,Champions,0,0
3,9,2868.48,5,5,4,554,Loyal Customers,0,0
9,13,4232.87,5,5,5,555,Champions,0,0
19,32,14115.56,5,5,5,555,Champions,0,0
219,4,1497.33,2,4,4,244,At Risk,0,0
78,2,625.52,3,2,3,323,Regular Customers,0,0
267,3,2149.6800000000003,2,3,4,234,At Risk,1,0
24,14,6663.68,4,5,5,455,Loyal Customers,0,0
369,5,3006.08,2,4,5,245,At Risk,1,0
15,14,3513.62,5,5,5,555,Champions,0,0
26,3,758.74,4,3,3,433,Potential Loyalist,0,0
262,1,292.47,2,2,2,222,At Risk,1,0
17,22,8189.56,5,5,5,555,Champions,0,0
91,4,1231.36,3,4,4,344,Regular Customers,0,0
405,1,147.35,2,2,1,221,At Risk,1,0
302,14,1688.26,2,5,4,254,At Risk,1,0
26,7,2063.88,4,4,4,444,Loyal Customers,0,0
364,4,1377.77,2,4,4,244,At Risk,1,0
46,4,1048.28,4,4,3,443,Loyal Customers,0,0
38,21,7205.33,4,5,5,455,Loyal Customers,0,0
52,3,743.11,4,3,3,433,Potential Loyalist,0,0
648,1,170.3,1,2,1,121,At Risk,1,0
32,4,4387.64,4,4,5,445,Loyal Customers,0,0
530,1,259.68,1,2,1,121,At Risk,1,0
52,3,646.76,4,3,3,433,Potential Loyalist,0,0
79,14,6217.41,3,5,5,355,Regular Customers,0,0
506,5,2956.56,1,4,5,145,At Risk,1,0
53,2,835.1999999999999,4,2,3,423,Potential Loyalist,0,0
298,1,3.75,2,2,1,221,At Risk,1,0
177,2,786.43,3,2,3,323,Regular Customers,0,0
395,1,226.91,2,2,1,221,At Risk,1,0
625,1,173.06,1,2,1,121,At Risk,1,0
47,14,2799.87,4,5,4,454,Loyal Customers,0,0
29,14,4212.15,4,5,5,455,Loyal Customers,0,0
11,7,1291.91,5,4,4,544,Loyal Customers,0,0
87,17,7180.7,3,5,5,355,Regular Customers,0,0
5,42,18046.75,5,5,5,555,Champions,0,0
38,2,836.06,4,2,3,423,Potential Loyalist,0,0
18,14,3637.33,5,5,5,555,Champions,0,0
591,2,4157.88,1,2,5,125,At Risk,1,0
45,5,623.93,4,4,3,443,Loyal Customers,0,0
31,1,1764.72,4,2,4,424,Potential Loyalist,0,0
373,1,207.5,2,2,1,221,At Risk,1,0
58,1,223.92000000000002,4,2,1,421,Potential Loyalist,0,0
372,29,65500.07,2,5,5,255,At Risk,0,-1
114,7,2864.68,3,4,4,344,Regular Customers,0,0
215,7,1312.3700000000001,2,4,4,244,At Risk,0,0
319,2,270.48,2,2,1,221,At Risk,1,0
65,1,369.34000000000003,3,2,2,322,Regular Customers,0,0
8,3,789.79,5,3,3,533,Potential Loyalist,0,0
430,1,228.0,1,2,1,121,At Risk,1,0
97,1,316.62,3,2,2,322,Regular Customers,0,0
20,3,1207.24,4,3,3,433,Potential Loyalist,0,0
199,2,964.6999999999999,2,2,3,223,At Risk,0,0
4,13,2790.9500000000003,5,5,4,554,Loyal Customers,0,0
294,2,454.75,2,2,2,222,At Risk,1,0
273,2,1145.6,2,2,3,223,At Risk,1,0
31,15,8056.76,4,5,5,455,Loyal Customers,0,0
48,9,1698.57,4,5,4,454,Loyal Customers,0,0
260,4,1117.05,2,4,3,243,At Risk,0,0
58,9,1778.93,4,5,4,454,Loyal Customers,0,0
33,10,3949.6,4,5,5,455,Loyal Customers,0,0
423,3,3698.0499999999997,1,3,5,135,At Risk,1,0
57,3,421.24,4,3,2,432,Potential Loyalist,0,0
68,8,1567.48,3,5,4,354,Regular Customers,0,0
10,16,2820.84,5,5,4,554,Loyal Customers,0,0
60,2,592.51,3,2,2,322,Regular Customers,0,0
80,5,1292.18,3,4,4,344,Regular Customers,0,0
74,2,245.94,3,2,1,321,Regular Customers,0,0
2,53,32809.03,5,5,5,555,Champions,0,0
100,3,596.4,3,3,2,332,Regular Customers,0,0
372,2,623.0,2,2,3,223,At Risk,1,0
10,38,9636.12,5,5,5,555,Champions,0,0
437,1,391.95,1,2,2,122,At Risk,1,0
20,5,892.33,4,4,3,443,Loyal Customers,0,0
410,1,533.78,2,2,2,222,At Risk,1,0
394,1,51.839999999999996,2,2,1,221,At Risk,1,0
398,4,1017.53,2,4,3,243,At Risk,1,0
123,5,1928.93,3,4,4,344,Regular Customers,0,0
8,1,80.8,5,2,1,521,Potential Loyalist,0,0
4,6,1545.6200000000001,5,4,4,544,Loyal Customers,0,0
29,15,3957.63,4,5,5,455,Loyal Customers,0,0
282,5,623.46,2,4,3,243,At Risk,1,0
57,1,243.84,4,2,1,421,Potential Loyalist,0,0
1,15,2052.7,5,5,4,554,Loyal Customers,0,0
365,3,2062.41,2,3,4,234,At Risk,1,0
89,1,305.62,3,2,2,322,Regular Customers,0,0
393,5,1802.02,2,4,4,244,At Risk,1,0
554,3,841.16,1,3,3,133,At Risk,1,0
432,2,452.78000000000003,1,2,2,122,At Risk,1,0
11,1,1162.65,5,2,3,523,Potential Loyalist,0,0
163,4,1594.23,3,4,4,344,Regular Customers,0,0
679,2,582.61,1,2,2,122,At Risk,1,0
65,1,332.3,3,2,2,322,Regular Customers,0,0
23,3,536.99,4,3,2,432,Potential Loyalist,0,0
174,5,1091.34,3,4,3,343,Regular Customers,0,0
103,4,762.16,3,4,3,343,Regular Customers,0,0
143,6,2123.88,3,4,4,344,Regular Customers,0,0
99,2,288.42,3,2,2,322,Regular Customers,0,0
23,9,1727.43,4,5,4,454,Loyal Customers,0,0
192,2,842.0400000000001,2,2,3,223,At Risk,0,0
5,2,547.07,5,2,2,522,Potential Loyalist,0,0
361,4,2392.0,2,4,4,244,At Risk,1,0
8,10,1652.18,5,5,4,554,Loyal Customers,0,0
14,36,11924.85,5,5,5,555,Champions,0,0
454,2,406.02,1,2,2,122,At Risk,1,0
103,4,417.06,3,4,2,342,Regular Customers,0,0
3,13,2560.7,5,5,4,554,Loyal Customers,0,0
11,11,3349.57,5,5,5,555,Champions,0,0
465,2,182.59,1,2,1,121,At Risk,1,0
96,1,497.61,3,2,2,322,Regular Customers,0,0
382,1,113.35,2,2,1,221,At Risk,1,0
686,1,181.39,1,2,1,121,At Risk,1,0
227,7,2243.09,2,4,4,244,At Risk,0,0
16,3,686.24,5,3,3,533,Potential Loyalist,0,0
39,5,1826.89,4,4,4,444,Loyal Customers,0,0
51,1,341.7,4,2,2,422,Potential Loyalist,0,0
393,5,392.13,2,4,2,242,At Risk,1,0
93,2,128.5,3,2,1,321,Regular Customers,0,0
157,2,513.32,3,2,2,322,Regular Customers,0,0
39,4,1207.5,4,4,3,443,Loyal Customers,0,0
565,1,91.8,1,2,1,121,At Risk,1,0
184,5,417.61,3,4,2,342,Regular Customers,0,0
1,6,2409.04,5,4,4,544,Loyal Customers,0,0
228,2,898.96,2,3,3,233,At Risk,0,0
128,6,1456.66,3,4,4,344,Regular Customers,0,0
40,4,782.37,4,4,3,443,Loyal Customers,0,0
31,11,3170.98,4,5,5,455,Loyal Customers,0,0
197,4,1159.61,2,4,3,243,At Risk,0,0
9,44,21758.25,5,5,5,555,Champions,0,0
603,2,139.85,1,3,1,131,At Risk,1,0
37,12,4006.06,4,5,5,455,Loyal Customers,0,0
101,3,1264.19,3,3,4,334,Regular Customers,0,0
43,35,19571.43,4,5,5,455,Loyal Customers,0,0
563,2,614.34,1,3,3,133,At Risk,1,0
618,1,253.88,1,2,1,121,At Risk,1,0
50,3,842.41,4,3,3,433,Potential Loyalist,0,0
43,2,614.89,4,3,3,433,Potential Loyalist,0,0
53,4,1411.62,4,4,4,444,Loyal Customers,0,0
187,1,124.57,3,2,1,321,Regular Customers,0,0
334,1,332.41,2,2,2,222,At Risk,1,0
4,3,342.45,5,3,2,532,Potential Loyalist,0,0
10,2,144.91000000000003,5,3,1,531,Potential Loyalist,0,0
417,2,1408.96,1,3,4,134,At Risk,1,0
24,2,328.4,4,3,2,432,Potential Loyalist,0,0
15,3,358.49,5,3,2,532,Potential Loyalist,0,0
443,1,352.8,1,2,2,122,At Risk,1,0
369,10,4292.59,2,5,5,255,At Risk,1,0
145,7,1932.41,3,4,4,344,Regular Customers,0,0
453,3,1610.62,1,3,4,134,At Risk,1,0
60,5,946.59,3,4,3,343,Regular Customers,0,0
547,4,662.33,1,4,3,143,At Risk,1,0
31,3,834.27,4,3,3,433,Potential Loyalist,0,0
434,2,409.25,1,3,2,132,At Risk,1,0
402,1,130.95,2,2,1,221,At Risk,1,0
141,3,207.73999999999998,3,3,1,331,Regular Customers,0,0
690,1,76.74000000000001,1,2,1,121,At Risk,1,0
394,3,384.56,2,3,2,232,At Risk,1,0
23,4,817.12,4,4,3,443,Loyal Customers,0,0
469,1,450.15999999999997,1,2,2,122,At Risk,1,0
22,6,2812.34,4,4,4,444,Loyal Customers,0,0
77,6,1213.13,3,4,3,343,Regular Customers,0,0
5,12,14617.39,5,5,5,555,Champions,0,0
379,1,209.89000000000001,2,2,1,221,At Risk,1,0
67,11,4234.53,3,5,5,355,Regular Customers,0,0
404,1,136.01,2,2,1,221,At Risk,1,0
12,6,846.62,5,4,3,543,Loyal Customers,0,0
84,1,13.3,3,2,1,321,Regular Customers,0,0
31,8,1813.21,4,5,4,454,Loyal Customers,0,0
67,1,432.0,3,2,2,322,Regular Customers,0,0
67,3,705.12,3,3,3,333,Regular Customers,0,0
187,19,2246.06,3,5,4,354,Regular Customers,0,0
38,4,1070.97,4,4,3,443,Loyal Customers,0,0
15,4,684.6,5,4,3,543,Loyal Customers,0,0
456,1,134.0,1,2,1,121,At Risk,1,0
35,3,658.17,4,3,3,433,Potential Loyalist,0,0
401,3,434.2,2,3,2,232,At Risk,1,0
195,6,2526.65,2,4,4,244,At Risk,0,0
477,3,285.41,1,3,1,131,At Risk,1,0
2,11,1727.94,5,5,4,554,Loyal Customers,0,0
1,7,754.75,5,4,3,543,Loyal Customers,0,0
367,2,249.89000000000001,2,3,1,231,At Risk,1,0
502,3,1306.96,1,3,4,134,At Risk,1,0
65,5,1102.9,3,4,3,343,Regular Customers,0,0
555,1,103.95,1,2,1,121,At Risk,1,0
299,2,289.78,2,3,2,232,At Risk,1,0
26,5,885.21,4,4,3,443,Loyal Customers,0,0
8,8,1695.77,5,5,4,554,Loyal Customers,0,0
17,3,887.11,5,3,3,533,Potential Loyalist,0,0
729,1,204.26,1,2,1,121,At Risk,1,0
116,1,1706.88,3,2,4,324,Regular Customers,0,0
29,3,1041.75,4,3,3,433,Potential Loyalist,0,0
4,21,4675.36,5,5,5,555,Champions,0,0
5,17,4706.77,5,5,5,555,Champions,0,0
82,7,1410.92,3,4,4,344,Regular Customers,0,0
29,9,1470.89,4,5,4,454,Loyal Customers,0,0
722,1,252.59,1,2,1,121,At Risk,1,0
72,1,379.14,3,2,2,322,Regular Customers,0,0
4,8,1508.96,5,5,4,554,Loyal Customers,0,0
636,2,255.25,1,3,1,131,At Risk,1,0
29,15,4460.51,4,5,5,455,Loyal Customers,0,0
290,3,423.90999999999997,2,3,2,232,At Risk,1,0
36,1,183.76,4,2,1,421,Potential Loyalist,0,0
9,11,1543.18,5,5,4,554,Loyal Customers,0,0
24,4,902.02,4,4,3,443,Loyal Customers,0,0
277,2,1851.88,2,3,4,234,At Risk,1,0
50,16,3206.54,4,5,5,455,Loyal Customers,0,0
156,24,4909.66,3,5,5,355,Regular Customers,0,0
411,1,355.45,1,2,2,122,At Risk,1,0
61,3,409.21,3,3,2,332,Regular Customers,0,0
573,1,611.08,1,2,3,123,At Risk,1,0
12,32,13157.130000000001,5,5,5,555,Champions,0,0
21,3,829.89,4,3,3,433,Potential Loyalist,0,0
540,1,125.65,1,2,1,121,At Risk,1,0
371,5,1169.6100000000001,2,4,3,243,At Risk,1,0
116,3,543.05,3,3,2,332,Regular Customers,0,0
80,29,3897.5299999999997,3,5,5,355,Regular Customers,0,0
4,7,1295.39,5,4,4,544,Loyal Customers,0,0
26,3,378.89,4,3,2,432,Potential Loyalist,0,0
5,23,5032.22,5,5,5,555,Champions,0,0
53,3,412.55,4,3,2,432,Potential Loyalist,0,0
1,9,3099.3,5,5,5,555,Champions,0,0
55,6,2083.14,4,4,4,444,Loyal Customers,0,0
382,3,530.86,2,3,2,232,At Risk,1,0
26,2,548.29,4,3,2,432,Potential Loyalist,0,0
499,1,196.25,1,2,1,121,At Risk,1,0
9,9,6995.360000000001,5,5,5,555,Champions,0,0
489,3,433.85,1,3,2,132,At Risk,1,0
52,8,6427.66,4,5,5,455,Loyal Customers,0,0
612,1,33.0,1,2,1,121,At Risk,1,0
13,9,1904.99,5,5,4,554,Loyal Customers,0,0
212,5,1299.49,2,4,4,244,At Risk,0,0
610,1,101.36,1,2,1,121,At Risk,1,0
22,33,8548.16,4,5,5,455,Loyal Customers,0,0
383,5,1222.04,2,4,4,244,At Risk,1,0
236,5,955.21,2,4,3,243,At Risk,0,0
139,7,868.77,3,4,3,343,Regular Customers,0,0
4,6,1286.27,5,4,4,544,Loyal Customers,0,0
57,10,3541.77,4,5,5,455,Loyal Customers,0,0
135,3,1277.75,3,3,4,334,Regular Customers,0,0
109,5,795.83,3,4,3,343,Regular Customers,0,0
30,1,20.8,4,2,1,421,Potential Loyalist,0,0
1,20,6081.88,5,5,5,555,Champions,0,0
185,6,1120.31,3,4,3,343,Regular Customers,0,0
18,1,308.74,5,2,2,522,Potential Loyalist,0,0
239,2,416.64,2,3,2,232,At Risk,0,0
435,1,778.49,1,2,3,123,At Risk,1,0
87,1,117.35000000000001,3,2,1,321,Regular Customers,0,0
39,8,1990.88,4,5,4,454,Loyal Customers,0,0
116,3,794.56,3,3,3,333,Regular Customers,0,0
410,1,251.04,2,2,1,221,At Risk,1,0
187,1,110.55000000000001,3,2,1,321,Regular Customers,0,0
733,2,207.85,1,3,1,131,At Risk,1,0
227,1,201.19,2,2,1,221,At Risk,0,0
8,7,2154.97,5,4,4,544,Loyal Customers,0,0
189,1,319.02,3,2,2,322,Regular Customers,0,0
4,2,439.43,5,3,2,532,Potential Loyalist,0,0
39,3,650.41,4,3,3,433,Potential Loyalist,0,0
626,1,71.4,1,2,1,121,At Risk,1,0
38,1,357.21,4,2,2,422,Potential Loyalist,0,0
383,2,749.0,2,3,3,233,At Risk,1,0
386,1,127.0,2,2,1,221,At Risk,1,0
523,2,365.5,1,3,2,132,At Risk,1,0
423,3,926.12,1,3,3,133,At Risk,1,0
267,1,251.51999999999998,2,2,1,221,At Risk,1,0
395,4,496.0,2,4,2,242,At Risk,1,0
78,3,768.88,3,3,3,333,Regular Customers,0,0
4,9,2859.74,5,5,4,554,Loyal Customers,0,0
255,3,1422.8300000000002,2,3,4,234,At Risk,0,0
61,1,384.06,3,2,2,322,Regular Customers,0,0
13,11,3490.5299999999997,5,5,5,555,Champions,0,0
88,9,10350.53,3,5,5,355,Regular Customers,0,0
17,23,10923.16,5,5,5,555,Champions,0,0
30,11,4888.75,4,5,5,455,Loyal Customers,0,0
3,11,2521.4,5,5,4,554,Loyal Customers,0,0
5,2,382.67,5,3,2,532,Potential Loyalist,0,0
7,6,1133.25,5,4,3,543,Loyal Customers,0,0
219,2,344.0,2,3,2,232,At Risk,0,0
421,1,1041.21,1,2,3,123,At Risk,1,0
11,13,5476.5,5,5,5,555,Champions,0,0
464,2,1950.9499999999998,1,3,4,134,At Risk,1,0
30,9,2123.61,4,5,4,454,Loyal Customers,0,0
288,3,702.0,2,3,3,233,At Risk,1,0
150,5,402.0,3,4,2,342,Regular Customers,0,0
23,2,484.82,4,3,2,432,Potential Loyalist,0,0
396,2,406.3,2,3,2,232,At Risk,1,0
1,19,6640.8,5,5,5,555,Champions,0,0
86,7,2571.55,3,4,4,344,Regular Customers,0,0
402,4,828.21,2,4,3,243,At Risk,1,0
46,4,2324.36,4,4,4,444,Loyal Customers,0,0
471,2,622.36,1,3,3,133,At Risk,1,0
5,8,1635.27,5,5,4,554,Loyal Customers,0,0
51,7,1120.1,4,4,3,443,Loyal Customers,0,0
429,1,81.36,1,2,1,121,At Risk,1,0
551,1,242.06,1,2,1,121,At Risk,1,0
18,1,195.36,5,2,1,521,Potential Loyalist,0,0
30,3,671.7,4,3,3,433,Potential Loyalist,0,0
725,1,360.61,1,2,2,122,At Risk,1,0
8,3,583.4300000000001,5,3,2,532,Potential Loyalist,0,0
29,3,1838.6100000000001,4,3,4,434,Potential Loyalist,0,0
577,1,552.4,1,2,2,122,At Risk,1,0
3,29,12576.99,5,5,5,555,Champions,0,0
41,6,2287.7,4,4,4,444,Loyal Customers,0,0
11,11,3602.29,5,5,5,555,Champions,0,0
542,2,935.62,1,3,3,133,At Risk,1,0
442,6,1182.22,1,4,3,143,At Risk,1,0
31,2,260.0,4,3,1,431,Potential Loyalist,0,0
417,3,800.18,1,3,3,133,At Risk,1,0
45,3,95.85,4,3,1,431,Potential Loyalist,0,0
61,5,1349.67,3,4,4,344,Regular Customers,0,0
185,3,175.82999999999998,3,3,1,331,Regular Customers,0,0
79,9,1310.63,3,5,4,354,Regular Customers,0,0
581,3,1593.83,1,3,4,134,At Risk,1,0
111,7,2137.3,3,4,4,344,Regular Customers,0,0
64,1,146.87,3,2,1,321,Regular Customers,0,0
12,6,2773.85,5,4,4,544,Loyal Customers,0,0
548,8,2984.32,1,5,5,155,At Risk,1,0
86,4,1332.79,3,4,4,344,Regular Customers,0,0
16,5,1276.42,5,4,4,544,Loyal Customers,0,0
246,4,613.59,2,4,3,243,At Risk,0,0
383,1,176.9,2,2,1,221,At Risk,1,0
88,1,1267.32,3,2,4,324,Regular Customers,0,0
30,2,743.17,4,3,3,433,Potential Loyalist,0,0
604,1,1954.99,1,2,4,124,At Risk,1,0
138,2,463.25,3,3,2,332,Regular Customers,0,0
27,6,1655.2,4,4,4,444,Loyal Customers,0,0
3,5,1036.58,5,4,3,543,Loyal Customers,0,0
32,8,2593.65,4,5,4,454,Loyal Customers,0,0
25,12,11962.3,4,5,5,455,Loyal Customers,0,0
113,5,827.6800000000001,3,4,3,343,Regular Customers,0,0
157,5,1906.07,3,4,4,344,Regular Customers,0,0
85,6,2289.23,3,4,4,344,Regular Customers,0,0
118,7,2071.68,3,4,4,344,Regular Customers,0,0
3,19,9942.53,5,5,5,555,Champions,0,0
96,11,4648.59,3,5,5,355,Regular Customers,0,0
194,4,706.49,2,4,3,243,At Risk,0,0
28,1,399.09,4,2,2,422,Potential Loyalist,0,0
131,1,498.48,3,2,2,322,Regular Customers,0,0
28,5,1356.33,4,4,4,444,Loyal Customers,0,0
446,1,232.85,1,2,1,121,At Risk,1,0
738,1,128.60000000000002,1,2,1,121,At Risk,1,0
596,1,294.74,1,2,2,122,At Risk,1,0
82,3,1179.89,3,3,3,333,Regular Customers,0,0
30,9,4864.57,4,5,5,455,Loyal Customers,0,0
266,1,234.24,2,2,1,221,At Risk,1,0
74,11,5232.2300000000005,3,5,5,355,Regular Customers,0,0
314,6,889.75,2,4,3,243,At Risk,1,0
21,13,3638.53,4,5,5,455,Loyal Customers,0,0
59,3,855.45,4,3,3,433,Potential Loyalist,0,0
638,2,194.7,1,3,1,131,At Risk,1,0
726,1,228.34,1,2,1,121,At Risk,1,0
725,3,454.54,1,3,2,132,At Risk,1,0
12,47,8987.68,5,5,5,555,Champions,0,0
28,14,5517.2300000000005,4,5,5,455,Loyal Customers,0,0
114,2,437.42,3,3,2,332,Regular Customers,0,0
28,13,3793.71,4,5,5,455,Loyal Customers,0,0
625,1,273.35,1,2,1,121,At Risk,1,0
18,4,1446.09,5,4,4,544,Loyal Customers,0,0
563,1,203.05,1,2,1,121,At Risk,1,0
18,10,2236.63,5,5,4,554,Loyal Customers,0,0
36,6,1242.75,4,4,4,444,Loyal Customers,0,0
578,1,306.0,1,2,2,122,At Risk,1,0
36,2,378.2,4,3,2,432,Potential Loyalist,0,0
78,1,118.80000000000001,3,2,1,321,Regular Customers,0,0
22,7,957.53,4,4,3,443,Loyal Customers,0,0
25,6,949.39,4,4,3,443,Loyal Customers,0,0
33,6,4732.03,4,4,5,445,Loyal Customers,0,0
109,9,4049.79,3,5,5,355,Regular Customers,0,0
35,3,5001.21,4,3,5,435,Potential Loyalist,0,0
123,28,7847.67,3,5,5,355,Regular Customers,0,0
7,6,2050.08,5,4,4,544,Loyal Customers,0,0
738,1,221.53,1,2,1,121,At Risk,1,0
28,4,1991.01,4,4,4,444,Loyal Customers,0,0
386,1,128.45,2,2,1,221,At Risk,1,0
4,13,3080.1800000000003,5,5,5,555,Champions,0,0
3,19,7495.75,5,5,5,555,Champions,0,0
50,11,5511.41,4,5,5,455,Loyal Customers,0,0
593,1,235.88,1,2,1,121,At Risk,1,0
322,2,402.20000000000005,2,3,2,232,At Risk,1,0
23,7,2572.25,4,4,4,444,Loyal Customers,0,0
15,11,3697.93,5,5,5,555,Champions,0,0
2,9,1143.36,5,5,3,553,Loyal Customers,0,0
382,3,591.0699999999999,2,3,2,232,At Risk,1,0
533,1,582.17,1,2,2,122,At Risk,1,0
18,2,971.74,5,3,3,533,Potential Loyalist,0,0
10,7,2507.05,5,4,4,544,Loyal Customers,0,0
262,1,25.5,2,2,1,221,At Risk,1,0
722,1,424.3,1,2,2,122,At Risk,1,0
424,1,474.03,1,2,2,122,At Risk,1,0
159,2,665.78,3,3,3,333,Regular Customers,0,0
389,1,481.58,2,2,2,222,At Risk,1,0
33,10,16052.72,4,5,5,455,Loyal Customers,0,0
664,1,174.95,1,2,1,121,At Risk,1,0
29,8,1291.71,4,5,4,454,Loyal Customers,0,0
165,3,499.9,3,3,2,332,Regular Customers,0,0
47,2,459.58,4,3,2,432,Potential Loyalist,0,0
503,1,197.57,1,2,1,121,At Risk,1,0
574,6,2305.59,1,4,4,144,At Risk,1,0
6,8,801.12,5,5,3,553,Loyal Customers,0,0
8,7,2761.4900000000002,5,4,4,544,Loyal Customers,0,0
648,1,389.78,1,2,2,122,At Risk,1,0
288,1,116.19999999999999,2,2,1,221,At Risk,1,0
318,1,157.02,2,2,1,221,At Risk,1,0
3,2,606.91,5,3,2,532,Potential Loyalist,0,0
233,1,307.46,2,2,2,222,At Risk,0,0
403,1,314.74,2,2,2,222,At Risk,1,0
119,4,570.5,3,4,2,342,Regular Customers,0,0
162,3,977.17,3,3,3,333,Regular Customers,0,0
185,1,294.24,3,2,2,322,Regular Customers,0,0
50,1,230.5,4,2,1,421,Potential Loyalist,0,0
152,9,2016.43,3,5,4,354,Regular Customers,0,0
429,5,1155.0300000000002,1,4,3,143,At Risk,1,0
335,1,157.09,2,2,1,221,At Risk,1,0
520,1,31.85,1,2,1,121,At Risk,1,0
5,5,2463.17,5,4,4,544,Loyal Customers,0,0
452,2,1220.9099999999999,1,3,4,134,At Risk,1,0
16,12,14622.33,5,5,5,555,Champions,0,0
107,3,625.3,3,3,3,333,Regular Customers,0,0
16,10,1722.18,5,5,4,554,Loyal Customers,0,0
662,1,231.68,1,2,1,121,At Risk,1,0
416,6,1099.81,1,4,3,143,At Risk,1,0
276,7,4417.27,2,4,5,245,At Risk,1,0
16,25,19566.76,5,5,5,555,Champions,0,0
247,1,454.12,2,2,2,222,At Risk,0,0
418,4,727.58,1,4,3,143,At Risk,1,0
239,4,1275.25,2,4,4,244,At Risk,0,0
417,2,880.97,1,3,3,133,At Risk,1,0
1,2,984.57,5,3,3,533,Potential Loyalist,0,0
513,4,3120.91,1,4,5,145,At Risk,1,0
106,13,5852.64,3,5,5,355,Regular Customers,0,0
23,9,3199.95,4,5,5,455,Loyal Customers,0,0
52,1,124.88,4,2,1,421,Potential Loyalist,0,0
451,1,143.10000000000002,1,2,1,121,At Risk,1,0
377,6,1357.95,2,4,4,244,At Risk,1,0
735,1,231.90000000000003,1,2,1,121,At Risk,1,0
195,4,2016.5,2,4,4,244,At Risk,0,0
24,1,213.78,4,2,1,421,Potential Loyalist,0,0
75,1,329.34,3,2,2,322,Regular Customers,0,0
18,7,892.46,5,4,3,543,Loyal Customers,0,0
492,1,591.87,1,2,2,122,At Risk,1,0
8,19,5151.9,5,5,5,555,Champions,0,0
32,5,1980.0,4,4,4,444,Loyal Customers,0,0
22,5,2099.59,4,4,4,444,Loyal Customers,0,0
31,17,10209.16,4,5,5,455,Loyal Customers,0,0
444,1,856.01,1,2,3,123,At Risk,1,0
29,10,1715.46,4,5,4,454,Loyal Customers,0,0
22,4,699.78,4,4,3,443,Loyal Customers,0,0
33,7,2467.35,4,4,4,444,Loyal Customers,0,0
284,6,1794.32,2,4,4,244,At Risk,1,0
39,2,206.34,4,3,1,431,Potential Loyalist,0,0
380,3,867.11,2,3,3,233,At Risk,1,0
499,1,400.2,1,2,2,122,At Risk,1,0
58,3,1156.73,4,3,3,433,Potential Loyalist,0,0
374,2,178.68,2,3,1,231,At Risk,1,0
289,2,384.59,2,3,2,232,At Risk,1,0
79,3,956.5699999999999,3,3,3,333,Regular Customers,0,0
5,8,3766.6,5,5,5,555,Champions,0,0
218,1,59.9,2,2,1,221,At Risk,0,0
44,4,1443.69,4,4,4,444,Loyal Customers,0,0
202,3,902.3199999999999,2,3,3,233,At Risk,0,0
505,1,119.5,1,2,1,121,At Risk,1,0
731,1,432.96,1,2,2,122,At Risk,1,0
178,6,1507.26,3,4,4,344,Regular Customers,0,0
56,11,2236.77,4,5,4,454,Loyal Customers,0,0
57,3,309.85,4,3,2,432,Potential Loyalist,0,0
423,2,321.3,1,3,2,132,At Risk,1,0
8,6,3347.31,5,4,5,545,Loyal Customers,0,0
569,2,198.41000000000003,1,3,1,131,At Risk,1,0
592,3,229.46,1,3,1,131,At Risk,1,0
47,2,144.0,4,3,1,431,Potential Loyalist,0,0
227,2,467.71,2,3,2,232,At Risk,0,0
11,13,4592.93,5,5,5,555,Champions,0,0
106,5,953.63,3,4,3,343,Regular Customers,0,0
59,7,1726.57,4,4,4,444,Loyal Customers,0,0
28,15,4310.34,4,5,5,455,Loyal Customers,0,0
536,1,75.28,1,2,1,121,At Risk,1,0
36,9,2310.04,4,5,4,454,Loyal Customers,0,0
274,3,812.5,2,3,3,233,At Risk,1,0
655,1,562.98,1,2,2,122,At Risk,1,0
428,1,327.75,1,2,2,122,At Risk,1,0
30,1,1013.01,4,2,3,423,Potential Loyalist,0,0
24,3,692.22,4,3,3,433,Potential Loyalist,0,0
582,1,135.04000000000002,1,2,1,121,At Risk,1,0
387,4,356.71,2,4,2,242,At Risk,1,0
54,4,1143.1,4,4,3,443,Loyal Customers,0,0
421,1,160.65,1,2,1,121,At Risk,1,0
36,10,5564.09,4,5,5,455,Loyal Customers,0,0
175,9,5504.6900000000005,3,5,5,355,Regular Customers,0,0
54,3,999.35,4,3,3,433,Potential Loyalist,0,0
53,1,204.24,4,2,1,421,Potential Loyalist,0,0
652,1,292.62,1,2,2,122,At Risk,1,0
396,1,111.15,2,2,1,221,At Risk,1,0
649,3,595.7,1,3,2,132,At Risk,1,0
393,1,251.72,2,2,1,221,At Risk,1,0
27,13,3773.35,4,5,5,455,Loyal Customers,0,0
253,3,794.41,2,3,3,233,At Risk,0,0
40,13,4869.400000000001,4,5,5,455,Loyal Customers,0,0
60,6,1059.1200000000001,3,4,3,343,Regular Customers,0,0
464,1,186.15,1,2,1,121,At Risk,1,0
554,1,63.6,1,2,1,121,At Risk,1,0
234,2,210.1,2,3,1,231,At Risk,0,0
4,18,3891.39,5,5,5,555,Champions,0,0
32,2,259.13,4,3,1,431,Potential Loyalist,0,0
24,21,4457.31,4,5,5,455,Loyal Customers,0,0
7,5,976.62,5,4,3,543,Loyal Customers,0,0
65,6,1579.51,3,4,4,344,Regular Customers,0,0
310,3,558.04,2,3,2,232,At Risk,1,0
501,1,100.86,1,2,1,121,At Risk,1,0
582,1,131.15,1,2,1,121,At Risk,1,0
309,3,895.47,2,3,3,233,At Risk,1,0
19,12,1878.93,5,5,4,554,Loyal Customers,0,0
16,13,2820.03,5,5,4,554,Loyal Customers,0,0
96,2,318.76,3,3,2,332,Regular Customers,0,0
264,18,9388.49,2,5,5,255,At Risk,0,0
12,25,7064.8,5,5,5,555,Champions,0,0
3,2,417.77,5,3,2,532,Potential Loyalist,0,0
35,3,560.86,4,3,2,432,Potential Loyalist,0,0
183,1,149.89000000000001,3,2,1,321,Regular Customers,0,0
25,8,1562.98,4,5,4,454,Loyal Customers,0,0
13,12,1929.26,5,5,4,554,Loyal Customers,0,0
11,4,994.13,5,4,3,543,Loyal Customers,0,0
3,32,7331.67,5,5,5,555,Champions,0,0
313,4,1189.45,2,4,3,243,At Risk,1,0
596,1,130.6,1,2,1,121,At Risk,1,0
385,12,2736.64,2,5,4,254,At Risk,1,0
108,5,2889.28,3,4,4,344,Regular Customers,0,0
1,69,20203.58,5,5,5,555,Champions,3,-1
53,5,1826.04,4,4,4,444,Loyal Customers,0,0
205,2,371.63,2,3,2,232,At Risk,0,0
547,2,38.92,1,3,1,131,At Risk,1,0
15,1,280.09000000000003,5,2,1,521,Potential Loyalist,0,0
120,2,500.54,3,3,2,332,Regular Customers,0,0
429,1,68.03,1,2,1,121,At Risk,1,0
4,2,381.97,5,3,2,532,Potential Loyalist,0,0
363,3,798.98,2,3,3,233,At Risk,1,0
117,2,348.91,3,3,2,332,Regular Customers,0,0
18,1,178.26,5,2,1,521,Potential Loyalist,0,0
5,3,469.48,5,3,2,532,Potential Loyalist,0,0
41,4,781.7,4,4,3,443,Loyal Customers,0,0
107,5,498.93,3,4,2,342,Regular Customers,0,0
436,2,189.78,1,3,1,131,At Risk,1,0
397,2,417.3,2,3,2,232,At Risk,1,0
148,6,1452.39,3,4,4,344,Regular Customers,0,0
411,1,120.95,1,2,1,121,At Risk,1,0
510,1,221.59,1,2,1,121,At Risk,1,0
52,11,2488.76,4,5,4,454,Loyal Customers,0,0
208,1,63.440000000000005,2,2,1,221,At Risk,0,0
424,1,268.28,1,2,1,121,At Risk,1,0
139,2,550.01,3,3,2,332,Regular Customers,0,0
2,5,501.71999999999997,5,4,2,542,Loyal Customers,0,0
127,2,317.2,3,3,2,332,Regular Customers,0,0
108,11,1733.8899999999999,3,5,4,354,Regular Customers,0,0
386,1,491.81,2,2,2,222,At Risk,1,0
469,2,601.4499999999999,1,3,2,132,At Risk,1,0
736,1,204.3,1,2,1,121,At Risk,1,0
42,4,2148.63,4,4,4,444,Loyal Customers,0,0
424,1,141.12,1,2,1,121,At Risk,1,0
35,2,573.22,4,3,2,432,Potential Loyalist,0,0
383,1,114.1,2,2,1,221,At Risk,1,0
402,1,502.49,2,2,2,222,At Risk,1,0
228,2,1065.3500000000001,2,3,3,233,At Risk,0,0
241,2,271.24,2,3,1,231,At Risk,0,0
58,1,187.82999999999998,4,2,1,421,Potential Loyalist,0,0
438,1,118.85999999999999,1,2,1,121,At Risk,1,0
374,6,797.8499999999999,2,4,3,243,At Risk,1,0
130,5,2308.54,3,4,4,344,Regular Customers,0,0
379,1,188.46,2,2,1,221,At Risk,1,0
60,8,2788.06,3,5,4,354,Regular Customers,0,0
628,2,407.94,1,3,2,132,At Risk,1,0
22,3,389.18,4,3,2,432,Potential Loyalist,0,0
26,21,3826.86,4,5,5,455,Loyal Customers,0,0
9,11,2468.43,5,5,4,554,Loyal Customers,0,0
32,9,2041.8,4,5,4,454,Loyal Customers,0,0
4,8,1487.96,5,5,4,554,Loyal Customers,0,0
308,1,550.8000000000001,2,2,2,222,At Risk,1,0
472,2,271.75,1,3,1,131,At Risk,1,0
8,17,3750.63,5,5,5,555,Champions,0,0
669,2,467.78999999999996,1,3,2,132,At Risk,1,0
29,3,547.0,4,3,2,432,Potential Loyalist,0,0
730,1,338.13,1,2,2,122,At Risk,1,0
17,1,128.18,5,2,1,521,Potential Loyalist,0,0
101,5,954.26,3,4,3,343,Regular Customers,0,0
12,6,993.23,5,4,3,543,Loyal Customers,0,0
391,2,393.64,2,3,2,232,At Risk,1,0
21,2,294.39,4,3,2,432,Potential Loyalist,0,0
15,5,1135.63,5,4,3,543,Loyal Customers,0,0
361,1,250.04,2,2,1,221,At Risk,1,0
534,1,111.5,1,2,1,121,At Risk,1,0
649,1,2135.46,1,2,4,124,At Risk,1,0
11,21,9782.35,5,5,5,555,Champions,0,0
395,11,3999.8900000000003,2,5,5,255,At Risk,1,0
393,2,4511.76,2,3,5,235,At Risk,1,0
95,3,320.39,3,3,2,332,Regular Customers,0,0
387,2,1025.1,2,3,3,233,At Risk,1,0
78,6,3566.56,3,4,5,345,Regular Customers,0,0
139,3,644.3,3,3,3,333,Regular Customers,0,0
31,1,2328.84,4,2,4,424,Potential Loyalist,0,0
25,17,4904.43,4,5,5,455,Loyal Customers,0,0
2,43,9599.58,5,5,5,555,Champions,0,0
420,1,124.45,1,2,1,121,At Risk,1,0
46,3,2600.34,4,3,4,434,Potential Loyalist,0,0
725,1,157.32999999999998,1,2,1,121,At Risk,1,0
669,1,29.1,1,2,1,121,At Risk,1,0
100,6,2444.85,3,4,4,344,Regular Customers,0,0
8,6,1665.21,5,4,4,544,Loyal Customers,0,0
376,5,922.59,2,4,3,243,At Risk,1,0
15,12,1551.04,5,5,4,554,Loyal Customers,0,0
18,12,2171.07,5,5,4,554,Loyal Customers,0,0
280,3,609.5699999999999,2,3,3,233,At Risk,1,0
408,2,312.35,2,3,2,232,At Risk,1,0
410,2,152.35,2,3,1,231,At Risk,1,0
673,1,104.7,1,2,1,121,At Risk,1,0
14,5,998.53,5,4,3,543,Loyal Customers,0,0
23,4,423.8,4,4,2,442,Loyal Customers,0,0
124,1,175.2,3,2,1,321,Regular Customers,0,0
528,5,838.27,1,4,3,143,At Risk,1,0
86,1,494.25,3,2,2,322,Regular Customers,0,0
302,3,635.15,2,3,3,233,At Risk,1,0
384,2,497.04,2,3,2,232,At Risk,1,0
472,1,81.12,1,2,1,121,At Risk,1,0
151,4,1981.06,3,4,4,344,Regular Customers,0,0
17,17,11889.33,5,5,5,555,Champions,0,0
94,3,302.36,3,3,2,332,Regular Customers,0,0
30,18,19617.95,4,5,5,455,Loyal Customers,0,0
157,5,1272.21,3,4,4,344,Regular Customers,0,0
380,4,1227.54,2,4,4,244,At Risk,1,0
355,6,1259.94,2,4,4,244,At Risk,1,0
46,2,457.36,4,3,2,432,Potential Loyalist,0,0
15,10,1586.6299999999999,5,5,4,554,Loyal Customers,0,0
4,26,4998.61,5,5,5,555,Champions,0,0
86,1,228.96,3,2,1,321,Regular Customers,0,0
15,9,2442.29,5,5,4,554,Loyal Customers,0,0
179,5,772.41,3,4,3,343,Regular Customers,0,0
8,7,1893.701,5,4,4,544,Loyal Customers,0,0
36,12,1988.23,4,5,4,454,Loyal Customers,0,0
696,1,36.25,1,2,1,121,At Risk,1,0
129,4,3242.0,3,4,5,345,Regular Customers,0,0
51,4,3133.96,4,4,5,445,Loyal Customers,0,0
386,1,273.31,2,2,1,221,At Risk,1,0
312,5,946.47,2,4,3,243,At Risk,1,0
24,2,384.39,4,3,2,432,Potential Loyalist,0,0
303,5,861.01,2,4,3,243,At Risk,1,0
11,2,284.46,5,3,1,531,Potential Loyalist,0,0
17,6,1200.51,5,4,3,543,Loyal Customers,0,0
49,5,871.79,4,4,3,443,Loyal Customers,0,0
239,7,1024.04,2,4,3,243,At Risk,0,0
395,3,920.46,2,3,3,233,At Risk,1,0
1,28,11972.92,5,5,5,555,Champions,0,0
13,15,8184.49,5,5,5,555,Champions,0,0
432,2,1077.24,1,3,3,133,At Risk,1,0
238,1,167.55,2,2,1,221,At Risk,0,0
23,14,2758.29,4,5,4,454,Loyal Customers,0,0
456,1,979.1999999999999,1,2,3,123,At Risk,1,0
73,4,446.18,3,4,2,342,Regular Customers,0,0
17,6,655.37,5,4,3,543,Loyal Customers,0,0
41,28,4347.31,4,5,5,455,Loyal Customers,0,0
40,7,1167.5,4,4,3,443,Loyal Customers,0,0
219,3,727.11,2,3,3,233,At Risk,0,0
199,4,660.55,2,4,3,243,At Risk,0,0
71,4,453.64,3,4,2,342,Regular Customers,0,0
24,78,17644.27,4,5,5,455,Loyal Customers,3,-1
374,1,10.95,2,2,1,221,At Risk,1,0
11,1,389.71999999999997,5,2,2,522,Potential Loyalist,0,0
434,3,645.0,1,3,3,133,At Risk,1,0
9,38,36398.65,5,5,5,555,Champions,0,0
65,8,902.28,3,5,3,353,Regular Customers,0,0
4,2,304.09,5,3,2,532,Potential Loyalist,0,0
19,3,507.55,5,3,2,532,Potential Loyalist,0,0
15,1,256.11,5,2,1,521,Potential Loyalist,0,0
8,7,2812.77,5,4,4,544,Loyal Customers,0,0
20,2,746.81,4,3,3,433,Potential Loyalist,0,0
78,11,2675.37,3,5,4,354,Regular Customers,0,0
1,61,57215.33,5,5,5,555,Champions,3,-1
421,1,149.3,1,2,1,121,At Risk,1,0
164,2,508.8,3,3,2,332,Regular Customers,0,0
307,3,585.92,2,3,2,232,At Risk,1,0
411,2,381.15,1,3,2,132,At Risk,1,0
219,1,203.86999999999998,2,2,1,221,At Risk,0,0
508,1,97.5,1,2,1,121,At Risk,1,0
39,14,8409.6,4,5,5,455,Loyal Customers,0,0
22,3,1198.28,4,3,3,433,Potential Loyalist,0,0
115,3,653.38,3,3,3,333,Regular Customers,0,0
126,8,4623.28,3,5,5,355,Regular Customers,0,0
541,1,114.85,1,2,1,121,At Risk,1,0
5,23,4635.5599999999995,5,5,5,555,Champions,0,0
36,2,382.87,4,3,2,432,Potential Loyalist,0,0
4,23,47781.12,5,5,5,555,Champions,0,-1
1,3,1031.41,5,3,3,533,Potential Loyalist,0,0
333,13,4186.95,2,5,5,255,At Risk,1,0
412,1,552.9,1,2,2,122,At Risk,1,0
163,3,316.09000000000003,3,3,2,332,Regular Customers,0,0
185,10,7793.51,3,5,5,355,Regular Customers,0,0
16,5,1214.72,5,4,3,543,Loyal Customers,0,0
12,5,1425.38,5,4,4,544,Loyal Customers,0,0
3,16,4220.22,5,5,5,555,Champions,0,0
405,2,560.14,2,3,2,232,At Risk,1,0
44,6,2249.52,4,4,4,444,Loyal Customers,0,0
80,1,507.84,3,2,2,322,Regular Customers,0,0
30,22,17298.45,4,5,5,455,Loyal Customers,0,0
549,1,164.18,1,2,1,121,At Risk,1,0
42,3,670.0600000000001,4,3,3,433,Potential Loyalist,0,0
11,18,6126.25,5,5,5,555,Champions,0,0
50,6,953.58,4,4,3,443,Loyal Customers,0,0
386,3,1059.41,2,3,3,233,At Risk,1,0
16,11,3594.76,5,5,5,555,Champions,0,0
46,3,1118.95,4,3,3,433,Potential Loyalist,0,0
19,2,759.17,5,3,3,533,Potential Loyalist,0,0
8,13,8077.77,5,5,5,555,Champions,0,0
72,1,100.8,3,2,1,321,Regular Customers,0,0
1,45,31466.760000000002,5,5,5,555,Champions,0,0
128,5,1357.46,3,4,4,344,Regular Customers,0,0
33,4,622.57,4,4,3,443,Loyal Customers,0,0
313,1,403.3,2,2,2,222,At Risk,1,0
18,9,1728.99,5,5,4,554,Loyal Customers,0,0
88,2,569.96,3,3,2,332,Regular Customers,0,0
2,7,2373.82,5,4,4,544,Loyal Customers,0,0
411,1,331.35,1,2,2,122,At Risk,1,0
2,5,534.06,5,4,2,542,Loyal Customers,0,0
530,1,369.68,1,2,2,122,At Risk,1,0
254,5,1422.77,2,4,4,244,At Risk,0,0
656,1,325.74,1,2,2,122,At Risk,1,0
157,4,323.58,3,4,2,342,Regular Customers,0,0
732,1,293.35,1,2,2,122,At Risk,1,0
37,15,4620.3,4,5,5,455,Loyal Customers,0,0
220,1,534.24,2,2,2,222,At Risk,0,0
148,3,2940.04,3,3,5,335,Regular Customers,0,0
177,2,120.9,3,3,1,331,Regular Customers,0,0
40,2,541.53,4,3,2,432,Potential Loyalist,0,0
497,46,14523.67,1,5,5,155,At Risk,1,-1
2,13,4868.15,5,5,5,555,Champions,0,0
8,51,244784.25,5,5,5,555,Champions,3,-1
1,7,1721.4,5,4,4,544,Loyal Customers,0,0
18,2,486.71999999999997,5,3,2,532,Potential Loyalist,0,0
192,10,1547.94,2,5,4,254,At Risk,0,0
204,1,131.7,2,2,1,221,At Risk,0,0
365,2,975.5600000000001,2,3,3,233,At Risk,1,0
127,14,5984.8099999999995,3,5,5,355,Regular Customers,0,0
15,2,529.58,5,3,2,532,Potential Loyalist,0,0
43,2,657.3,4,3,3,433,Potential Loyalist,0,0
94,16,2157.9700000000003,3,5,4,354,Regular Customers,0,0
23,3,735.82,4,3,3,433,Potential Loyalist,0,0
60,2,675.69,3,3,3,333,Regular Customers,0,0
16,7,2535.26,5,4,4,544,Loyal Customers,0,0
158,3,907.14,3,3,3,333,Regular Customers,0,0
426,7,2542.79,1,4,4,144,At Risk,1,0
10,2,763.28,5,3,3,533,Potential Loyalist,0,0
395,1,102.6,2,2,1,221,At Risk,1,0
10,3,194.8,5,3,1,531,Potential Loyalist,0,0
16,17,5051.25,5,5,5,555,Champions,0,0
45,11,2626.47,4,5,4,454,Loyal Customers,0,0
475,1,321.65000000000003,1,2,2,122,At Risk,1,0
191,4,922.35,2,4,3,243,At Risk,0,0
409,2,607.0,2,3,2,232,At Risk,1,0
600,1,1047.0,1,2,3,123,At Risk,1,0
79,1,194.37,3,2,1,321,Regular Customers,0,0
396,2,489.86,2,3,2,232,At Risk,1,0
613,2,1144.3,1,3,3,133,At Risk,1,0
408,2,1272.8,2,3,4,234,At Risk,1,0
633,1,389.26000000000005,1,2,2,122,At Risk,1,0
78,2,882.23,3,3,3,333,Regular Customers,0,0
4,4,1255.59,5,4,4,544,Loyal Customers,0,0
487,2,775.64,1,3,3,133,At Risk,1,0
65,4,591.73,3,4,2,342,Regular Customers,0,0
576,2,209.57,1,3,1,131,At Risk,1,0
261,1,396.87,2,2,2,222,At Risk,1,0
728,1,160.55,1,2,1,121,At Risk,1,0
641,1,336.5,1,2,2,122,At Risk,1,0
59,2,376.64,4,3,2,432,Potential Loyalist,0,0
1,9,2750.5,5,5,4,554,Loyal Customers,0,0
1,17,5653.67,5,5,5,555,Champions,0,0
248,3,1122.42,2,3,3,233,At Risk,0,0
385,1,100.91000000000001,2,2,1,221,At Risk,1,0
502,1,54.699999999999996,1,2,1,121,At Risk,1,0
8,3,806.72,5,3,3,533,Potential Loyalist,0,0
359,4,1412.89,2,4,4,244,At Risk,1,0
390,2,287.25,2,3,2,232,At Risk,1,0
76,1,272.22,3,2,1,321,Regular Customers,0,0
290,2,1341.39,2,3,4,234,At Risk,1,0
17,3,1138.0,5,3,3,533,Potential Loyalist,0,0
221,2,288.6,2,3,2,232,At Risk,0,0
9,4,689.1,5,4,3,543,Loyal Customers,0,0
3,2,558.96,5,3,2,532,Potential Loyalist,0,0
206,18,9490.17,2,5,5,255,At Risk,0,0
162,5,2435.48,3,4,4,344,Regular Customers,0,0
76,1,302.2,3,2,2,322,Regular Customers,0,0
262,2,605.58,2,3,2,232,At Risk,1,0
281,8,4579.23,2,5,5,255,At Risk,1,0
58,8,6083.64,4,5,5,455,Loyal Customers,0,0
25,2,514.56,4,3,2,432,Potential Loyalist,0,0
3,60,172132.87,5,5,5,555,Champions,3,-1
29,18,5467.820000000001,4,5,5,455,Loyal Customers,0,0
72,3,1158.8,3,3,3,333,Regular Customers,0,0
128,2,522.0,3,3,2,332,Regular Customers,0,0
31,9,1602.51,4,5,4,454,Loyal Customers,0,0
15,6,947.5,5,4,3,543,Loyal Customers,0,0
309,1,153.94,2,2,1,221,At Risk,1,0
426,2,329.42,1,3,2,132,At Risk,1,0
17,15,4774.17,5,5,5,555,Champions,0,0
54,1,546.81,4,2,2,422,Potential Loyalist,0,0
30,5,1278.06,4,4,4,444,Loyal Customers,0,0
2,5,1070.71,5,4,3,543,Loyal Customers,0,0
11,4,652.74,5,4,3,543,Loyal Customers,0,0
361,3,539.14,2,3,2,232,At Risk,1,0
360,3,1161.9,2,3,3,233,At Risk,1,0
5,12,3939.24,5,5,5,555,Champions,0,0
54,4,939.37,4,4,3,443,Loyal Customers,0,0
1,8,3628.5,5,5,5,555,Champions,0,0
610,2,1240.25,1,3,4,134,At Risk,1,0
1,12,2791.69,5,5,4,554,Loyal Customers,0,0
190,3,1266.82,2,3,4,234,At Risk,0,0
386,1,65.34,2,2,1,221,At Risk,1,0
435,1,34.8,1,2,1,121,At Risk,1,0
54,5,1668.83,4,4,4,444,Loyal Customers,0,0
280,1,164.4,2,2,1,221,At Risk,1,0
177,3,364.83,3,3,2,332,Regular Customers,0,0
30,2,887.67,4,3,3,433,Potential Loyalist,0,0
26,1,98.42,4,2,1,421,Potential Loyalist,0,0
618,4,1176.84,1,4,3,143,At Risk,1,0
25,6,1590.6000000000001,4,4,4,444,Loyal Customers,0,0
510,1,119.86,1,2,1,121,At Risk,1,0
270,3,340.85,2,3,2,232,At Risk,1,0
550,1,120.05,1,2,1,121,At Risk,1,0
390,3,944.82,2,3,3,233,At Risk,1,0
43,6,1409.8600000000001,4,4,4,444,Loyal Customers,0,0
376,2,727.85,2,3,3,233,At Risk,1,0
234,4,731.26,2,4,3,243,At Risk,0,0
24,2,148.86,4,3,1,431,Potential Loyalist,0,0
197,9,2506.64,2,5,4,254,At Risk,0,0
359,1,290.34,2,2,2,222,At Risk,1,0
60,12,2786.77,3,5,4,354,Regular Customers,0,0
130,4,3757.6,3,4,5,345,Regular Customers,0,0
1,5,1952.45,5,4,4,544,Loyal Customers,0,0
20,5,1045.74,4,4,3,443,Loyal Customers,0,0
206,2,300.67,2,3,2,232,At Risk,0,0
14,4,575.46,5,4,2,542,Loyal Customers,0,0
393,1,259.17,2,2,1,221,At Risk,1,0
513,1,167.62,1,2,1,121,At Risk,1,0
95,8,1895.8,3,5,4,354,Regular Customers,0,0
19,4,703.02,5,4,3,543,Loyal Customers,0,0
14,7,1122.38,5,4,3,543,Loyal Customers,0,0
578,2,392.38,1,3,2,132,At Risk,1,0
24,3,454.01,4,3,2,432,Potential Loyalist,0,0
587,1,131.83,1,2,1,121,At Risk,1,0
8,2,869.77,5,3,3,533,Potential Loyalist,0,0
7,9,4838.08,5,5,5,555,Champions,0,0
633,1,374.45,1,2,2,122,At Risk,1,0
332,1,344.14,2,2,2,222,At Risk,1,0
382,1,100.0,2,2,1,221,At Risk,1,0
50,5,1630.91,4,4,4,444,Loyal Customers,0,0
71,10,652.21,3,5,3,353,Regular Customers,0,0
29,3,380.6,4,3,2,432,Potential Loyalist,0,0
243,1,185.65,2,2,1,221,At Risk,0,0
667,1,171.7,1,2,1,121,At Risk,1,0
8,41,8711.95,5,5,5,555,Champions,0,0
645,2,348.75,1,3,2,132,At Risk,1,0
218,7,1047.33,2,4,3,243,At Risk,0,0
5,4,753.28,5,4,3,543,Loyal Customers,0,0
253,5,541.02,2,4,2,242,At Risk,0,0
1,43,17951.17,5,5,5,555,Champions,0,0
236,5,1446.95,2,4,4,244,At Risk,0,0
560,1,135.95,1,2,1,121,At Risk,1,0
7,6,5309.42,5,4,5,545,Loyal Customers,0,0
109,7,2064.71,3,4,4,344,Regular Customers,0,0
619,1,167.4,1,2,1,121,At Risk,1,0
628,1,176.71,1,2,1,121,At Risk,1,0
100,7,2939.55,3,4,5,345,Regular Customers,0,0
60,18,13837.94,3,5,5,355,Regular Customers,0,0
2,3,1468.02,5,3,4,534,Potential Loyalist,0,0
73,8,2339.32,3,5,4,354,Regular Customers,0,0
739,1,148.3,1,2,1,121,At Risk,1,0
4,11,8092.32,5,5,5,555,Champions,0,0
85,4,2497.88,3,4,4,344,Regular Customers,0,0
12,2,386.69,5,3,2,532,Potential Loyalist,0,0
23,13,4491.46,4,5,5,455,Loyal Customers,0,0
214,5,3484.09,2,4,5,245,At Risk,0,0
381,1,409.98,2,2,2,222,At Risk,1,0
478,1,52.05,1,2,1,121,At Risk,1,0
18,1,161.67000000000002,5,2,1,521,Potential Loyalist,0,0
239,2,413.08,2,3,2,232,At Risk,0,0
2,14,7354.43,5,5,5,555,Champions,0,0
78,4,1788.38,3,4,4,344,Regular Customers,0,0
217,6,942.38,2,4,3,243,At Risk,0,0
590,1,160.75,1,2,1,121,At Risk,1,0
737,1,87.30000000000001,1,2,1,121,At Risk,1,0
376,1,333.81,2,2,2,222,At Risk,1,0
33,4,488.06,4,4,2,442,Loyal Customers,0,0
41,11,1887.8999999999999,4,5,4,454,Loyal Customers,0,0
540,5,1511.94,1,4,4,144,At Risk,1,0
7,28,8337.53,5,5,5,555,Champions,0,0
53,18,5394.86,4,5,5,455,Loyal Customers,0,0
23,14,4544.55,4,5,5,455,Loyal Customers,0,0
57,1,386.32,4,2,2,422,Potential Loyalist,0,0
130,6,721.8,3,4,3,343,Regular Customers,0,0
174,4,734.4,3,4,3,343,Regular Customers,0,0
559,1,385.19,1,2,2,122,At Risk,1,0
6,11,4001.64,5,5,5,555,Champions,0,0
312,1,214.37,2,2,1,221,At Risk,1,0
60,1,81.44,3,2,1,321,Regular Customers,0,0
21,6,3175.12,4,4,5,445,Loyal Customers,0,0
598,2,1130.21,1,3,3,133,At Risk,1,0
33,7,2365.77,4,4,4,444,Loyal Customers,0,0
15,4,1568.63,5,4,4,544,Loyal Customers,0,0
18,8,5978.9,5,5,5,555,Champions,0,0
603,1,254.0,1,2,1,121,At Risk,1,0
479,1,296.36,1,2,2,122,At Risk,1,0
81,1,75.75,3,2,1,321,Regular Customers,0,0
6,10,2455.52,5,5,4,554,Loyal Customers,0,0
170,2,503.59999999999997,3,3,2,332,Regular Customers,0,0
2,7,998.49,5,4,3,543,Loyal Customers,0,0
31,7,2057.39,4,4,4,444,Loyal Customers,0,0
36,9,2358.59,4,5,4,454,Loyal Customers,0,0
424,3,1265.58,1,3,4,134,At Risk,1,0
19,1,285.56,5,2,1,521,Potential Loyalist,0,0
31,2,547.0600000000001,4,3,2,432,Potential Loyalist,0,0
647,2,842.4,1,3,3,133,At Risk,1,0
276,6,615.17,2,4,3,243,At Risk,1,0
87,6,3168.94,3,4,5,345,Regular Customers,0,0
120,5,1824.49,3,4,4,344,Regular Customers,0,0
373,2,439.7,2,3,2,232,At Risk,1,0
1,20,6028.6,5,5,5,555,Champions,0,0
219,12,3898.79,2,5,5,255,At Risk,0,0
65,3,331.65999999999997,3,3,2,332,Regular Customers,0,0
61,5,2216.37,3,4,4,344,Regular Customers,0,0
138,3,1578.89,3,3,4,334,Regular Customers,0,0
21,1,166.08,4,2,1,421,Potential Loyalist,0,0
12,16,5703.52,5,5,5,555,Champions,0,0
25,12,4867.72,4,5,5,455,Loyal Customers,0,0
37,4,1207.56,4,4,3,443,Loyal Customers,0,0
277,1,117.55,2,2,1,221,At Risk,1,0
11,9,2976.38,5,5,5,555,Champions,0,0
73,5,1674.69,3,4,4,344,Regular Customers,0,0
430,1,126.0,1,2,1,121,At Risk,1,0
26,2,595.42,4,3,2,432,Potential Loyalist,0,0
17,14,3586.9900000000002,5,5,5,555,Champions,0,0
141,2,342.22,3,3,2,332,Regular Customers,0,0
662,2,412.92,1,3,2,132,At Risk,1,0
26,17,5175.83,4,5,5,455,Loyal Customers,0,0
19,4,1166.23,5,4,3,543,Loyal Customers,0,0
493,1,563.1,1,2,2,122,At Risk,1,0
4,5,2047.8,5,4,4,544,Loyal Customers,0,0
66,9,3950.7,3,5,5,355,Regular Customers,0,0
1,2,347.75,5,3,2,532,Potential Loyalist,0,0
43,10,6142.35,4,5,5,455,Loyal Customers,0,0
228,1,205.7,2,2,1,221,At Risk,0,0
16,5,2009.16,5,4,4,544,Loyal Customers,0,0
50,7,5778.63,4,4,5,445,Loyal Customers,0,0
2,13,4173.88,5,5,5,555,Champions,0,0
74,2,551.04,3,3,2,332,Regular Customers,0,0
1,70,37642.48,5,5,5,555,Champions,3,-1
4,10,2448.64,5,5,4,554,Loyal Customers,0,0
2,54,35058.46,5,5,5,555,Champions,0,0
264,2,599.76,2,3,2,232,At Risk,1,0
53,7,3577.61,4,4,5,445,Loyal Customers,0,0
24,3,497.45,4,3,2,432,Potential Loyalist,0,0
597,5,731.2,1,4,3,143,At Risk,1,0
10,11,4065.28,5,5,5,555,Champions,0,0
386,3,819.01,2,3,3,233,At Risk,1,0
44,1,239.41,4,2,1,421,Potential Loyalist,0,0
17,12,5454.95,5,5,5,555,Champions,0,0
7,9,8296.81,5,5,5,555,Champions,0,0
421,1,432.68,1,2,2,122,At Risk,1,0
394,1,304.2,2,2,2,222,At Risk,1,0
388,2,317.08,2,3,2,232,At Risk,1,0
30,20,6963.8,4,5,5,455,Loyal Customers,0,0
358,4,637.5500000000001,2,4,3,243,At Risk,1,0
127,12,2975.8,3,5,5,355,Regular Customers,0,0
137,1,200.47,3,2,1,321,Regular Customers,0,0
142,3,1695.97,3,3,4,334,Regular Customers,0,0
132,5,1746.04,3,4,4,344,Regular Customers,0,0
38,27,7679.59,4,5,5,455,Loyal Customers,0,0
236,1,338.95,2,2,2,222,At Risk,0,0
261,1,154.95,2,2,1,221,At Risk,1,0
477,2,442.0,1,3,2,132,At Risk,1,0
17,14,6679.97,5,5,5,555,Champions,0,0
253,1,417.95,2,2,2,222,At Risk,1,0
30,6,3144.04,4,4,5,445,Loyal Customers,0,0
35,4,1094.84,4,4,3,443,Loyal Customers,0,0
169,2,885.19,3,3,3,333,Regular Customers,0,0
3,11,2083.9,5,5,4,554,Loyal Customers,0,0
4,31,20272.15,5,5,5,555,Champions,0,0
185,8,609.3000000000001,3,5,3,353,Regular Customers,0,0
188,4,884.1800000000001,3,4,3,343,Regular Customers,0,0
170,5,671.01,3,4,3,343,Regular Customers,0,0
424,1,293.5,1,2,2,122,At Risk,1,0
11,2,385.1,5,3,2,532,Potential Loyalist,0,0
45,1,522.91,4,2,2,422,Potential Loyalist,0,0
382,4,1198.09,2,4,3,243,At Risk,1,0
321,5,1410.18,2,4,4,244,At Risk,1,0
201,2,489.59999999999997,2,3,2,232,At Risk,0,0
23,24,15956.97,4,5,5,455,Loyal Customers,0,0
421,1,376.92,1,2,2,122,At Risk,1,0
232,2,439.18,2,3,2,232,At Risk,0,0
38,15,5396.04,4,5,5,455,Loyal Customers,0,0
26,10,2666.91,4,5,4,454,Loyal Customers,0,0
659,1,307.21000000000004,1,2,2,122,At Risk,1,0
96,5,3520.2200000000003,3,4,5,345,Regular Customers,0,0
127,7,3378.4000000000005,3,4,5,345,Regular Customers,0,0
71,3,1033.0,3,3,3,333,Regular Customers,0,0
16,11,3439.08,5,5,5,555,Champions,0,0
395,7,1092.06,2,4,3,243,At Risk,1,0
15,1,1060.25,5,2,3,523,Potential Loyalist,0,0
4,5,4238.76,5,4,5,545,Loyal Customers,0,0
596,1,438.65000000000003,1,2,2,122,At Risk,1,0
3,20,7773.8,5,5,5,555,Champions,0,0
79,6,1708.99,3,4,4,344,Regular Customers,0,0
373,8,2166.42,2,5,4,254,At Risk,1,0
39,2,692.19,4,3,3,433,Potential Loyalist,0,0
54,6,1442.32,4,4,4,444,Loyal Customers,0,0
2,26,16790.33,5,5,5,555,Champions,0,0
9,3,377.44,5,3,2,532,Potential Loyalist,0,0
9,2,168.24,5,3,1,531,Potential Loyalist,0,0
19,13,4183.56,5,5,5,555,Champions,0,0
12,18,7730.59,5,5,5,555,Champions,0,0
389,6,426.9,2,4,2,242,At Risk,1,0
407,2,101.1,2,3,1,231,At Risk,1,0
113,11,2098.48,3,5,4,354,Regular Customers,0,0
448,1,229.2,1,2,1,121,At Risk,1,0
4,7,2649.14,5,4,4,544,Loyal Customers,0,0
478,2,600.34,1,3,2,132,At Risk,1,0
240,4,904.1800000000001,2,4,3,243,At Risk,0,0
113,1,71.4,3,2,1,321,Regular Customers,0,0
527,1,358.15,1,2,2,122,At Risk,1,0
178,3,1026.18,3,3,3,333,Regular Customers,0,0
5,9,1710.45,5,5,4,554,Loyal Customers,0,0
421,1,157.85999999999999,1,2,1,121,At Risk,1,0
359,1,80.64,2,2,1,221,At Risk,1,0
464,4,382.06,1,4,2,142,At Risk,1,0
1,13,4451.22,5,5,5,555,Champions,0,0
376,3,728.75,2,3,3,233,At Risk,1,0
1,56,9074.05,5,5,5,555,Champions,0,0
19,12,4964.03,5,5,5,555,Champions,0,0
17,5,1261.88,5,4,4,544,Loyal Customers,0,0
22,6,746.39,4,4,3,443,Loyal Customers,0,0
33,1,712.78,4,2,3,423,Potential Loyalist,0,0
456,1,129.75,1,2,1,121,At Risk,1,0
263,4,86.15,2,4,1,241,At Risk,1,0
51,5,1513.57,4,4,4,444,Loyal Customers,0,0
159,4,524.0,3,4,2,342,Regular Customers,0,0
381,2,299.61,2,3,2,232,At Risk,1,0
15,2,413.05,5,3,2,532,Potential Loyalist,0,0
8,7,3292.73,5,4,5,545,Loyal Customers,0,0
13,17,7053.38,5,5,5,555,Champions,0,0
199,5,1143.27,2,4,3,243,At Risk,0,0
57,4,387.41,4,4,2,442,Loyal Customers,0,0
11,3,360.75,5,3,2,532,Potential Loyalist,0,0
514,2,575.37,1,3,2,132,At Risk,1,0
97,9,3273.83,3,5,5,355,Regular Customers,0,0
255,1,56.4,2,2,1,221,At Risk,1,0
387,2,330.56,2,3,2,232,At Risk,1,0
25,3,647.56,4,3,3,433,Potential Loyalist,0,0
662,1,197.70000000000002,1,2,1,121,At Risk,1,0
21,3,650.32,4,3,3,433,Potential Loyalist,0,0
667,3,346.56,1,3,2,132,At Risk,1,0
159,2,188.02,3,3,1,331,Regular Customers,0,0
383,2,679.02,2,3,3,233,At Risk,1,0
72,3,376.96,3,3,2,332,Regular Customers,0,0
550,1,112.86,1,2,1,121,At Risk,1,0
53,3,403.38,4,3,2,432,Potential Loyalist,0,0
85,2,266.85,3,3,1,331,Regular Customers,0,0
153,4,1817.54,3,4,4,344,Regular Customers,0,0
74,2,1117.9,3,3,3,333,Regular Customers,0,0
281,2,397.15,2,3,2,232,At Risk,1,0
27,20,2779.41,4,5,4,454,Loyal Customers,0,0
30,1,106.1,4,2,1,421,Potential Loyalist,0,0
467,2,368.35,1,3,2,132,At Risk,1,0
25,1,300.34,4,2,2,422,Potential Loyalist,0,0
687,2,147.3,1,3,1,131,At Risk,1,0
180,2,342.83,3,3,2,332,Regular Customers,0,0
40,7,1236.39,4,4,4,444,Loyal Customers,0,0
22,8,1971.87,4,5,4,454,Loyal Customers,0,0
582,1,178.07,1,2,1,121,At Risk,1,0
22,20,6246.93,4,5,5,455,Loyal Customers,0,0
37,9,1187.21,4,5,3,453,Loyal Customers,0,0
451,3,770.03,1,3,3,133,At Risk,1,0
82,10,4946.22,3,5,5,355,Regular Customers,0,0
392,1,184.66,2,2,1,221,At Risk,1,0
376,3,383.78000000000003,2,3,2,232,At Risk,1,0
74,2,927.03,3,3,3,333,Regular Customers,0,0
11,1,546.04,5,2,2,522,Potential Loyalist,0,0
395,3,437.87,2,3,2,232,At Risk,1,0
549,4,262.64,1,4,1,141,At Risk,1,0
16,20,10085.89,5,5,5,555,Champions,0,0
669,2,373.16,1,3,2,132,At Risk,1,0
4,47,9519.8,5,5,5,555,Champions,0,0
13,7,911.99,5,4,3,543,Loyal Customers,0,0
14,5,1698.07,5,4,4,544,Loyal Customers,0,0
375,2,1609.37,2,3,4,234,At Risk,1,0
393,1,591.96,2,2,2,222,At Risk,1,0
37,6,96.11,4,4,1,441,Loyal Customers,0,0
4,6,788.15,5,4,3,543,Loyal Customers,0,0
738,1,124.78,1,2,1,121,At Risk,1,0
72,12,6021.05,3,5,5,355,Regular Customers,0,0
374,1,180.60999999999999,2,2,1,221,At Risk,1,0
406,1,334.62,2,2,2,222,At Risk,1,0
420,5,2162.93,1,4,4,144,At Risk,1,0
421,2,449.25,1,3,2,132,At Risk,1,0
51,1,298.4,4,2,2,422,Potential Loyalist,0,0
599,4,701.96,1,4,3,143,At Risk,1,0
374,1,133.34,2,2,1,221,At Risk,1,0
5,6,2376.17,5,4,4,544,Loyal Customers,0,0
23,4,1820.09,4,4,4,444,Loyal Customers,0,0
299,5,4756.74,2,4,5,245,At Risk,1,0
2,3,398.7,5,3,2,532,Potential Loyalist,0,0
33,1,35.400000000000006,4,2,1,421,Potential Loyalist,0,0
50,1,155.37,4,2,1,421,Potential Loyalist,0,0
723,1,338.46000000000004,1,2,2,122,At Risk,1,0
415,2,689.6700000000001,1,3,3,133,At Risk,1,0
3,3,342.24,5,3,2,532,Potential Loyalist,0,0
47,1,110.21000000000001,4,2,1,421,Potential Loyalist,0,0
42,8,1541.23,4,5,4,454,Loyal Customers,0,0
27,13,5604.64,4,5,5,455,Loyal Customers,0,0
42,1,318.15,4,2,2,422,Potential Loyalist,0,0
444,1,175.9,1,2,1,121,At Risk,1,0
2,211,68545.25,5,5,5,555,Champions,3,-1
602,1,430.69,1,2,2,122,At Risk,1,0
303,2,320.4,2,3,2,232,At Risk,1,0
107,1,51.559999999999995,3,2,1,321,Regular Customers,0,0
555,4,596.09,1,4,2,142,At Risk,1,0
85,1,2033.1,3,2,4,324,Regular Customers,0,0
516,2,129.69,1,3,1,131,At Risk,1,0
81,30,3559.11,3,5,5,355,Regular Customers,0,0
218,8,1063.76,2,5,3,253,At Risk,0,0
372,155,51208.87,2,5,5,255,At Risk,3,-1
422,6,1552.35,1,4,4,144,At Risk,1,0
12,5,657.8100000000001,5,4,3,543,Loyal Customers,0,0
407,3,1596.29,2,3,4,234,At Risk,1,0
185,6,1068.5,3,4,3,343,Regular Customers,0,0
373,1,208.97,2,2,1,221,At Risk,1,0
2,4,1418.03,5,4,4,544,Loyal Customers,0,0
4,24,27347.04,5,5,5,555,Champions,0,0
6,30,12518.65,5,5,5,555,Champions,0,0
305,1,141.92000000000002,2,2,1,221,At Risk,1,0
369,4,717.39,2,4,3,243,At Risk,1,0
3,18,5088.29,5,5,5,555,Champions,0,0
324,4,1254.89,2,4,4,244,At Risk,1,0
59,12,5360.48,4,5,5,455,Loyal Customers,0,0
13,5,876.57,5,4,3,543,Loyal Customers,0,0
31,46,26312.190000000002,4,5,5,455,Loyal Customers,0,0
143,3,1134.95,3,3,3,333,Regular Customers,0,0
30,15,1582.0500000000002,4,5,4,454,Loyal Customers,0,0
386,1,227.15,2,2,1,221,At Risk,1,0
107,7,813.64,3,4,3,343,Regular Customers,0,0
2,13,2753.29,5,5,4,554,Loyal Customers,0,0
205,5,1068.95,2,4,3,243,At Risk,0,0
382,1,235.87,2,2,1,221,At Risk,1,0
80,18,6265.33,3,5,5,355,Regular Customers,0,0
185,6,683.46,3,4,3,343,Regular Customers,0,0
688,1,167.1,1,2,1,121,At Risk,1,0
400,3,3424.02,2,3,5,235,At Risk,1,0
170,1,237.61,3,2,1,321,Regular Customers,0,0
44,3,1378.93,4,3,4,434,Potential Loyalist,0,0
174,1,178.51999999999998,3,2,1,321,Regular Customers,0,0
365,3,824.9200000000001,2,3,3,233,At Risk,1,0
304,1,133.35000000000002,2,2,1,221,At Risk,1,0
379,2,291.56,2,3,2,232,At Risk,1,0
3,7,988.42,5,4,3,543,Loyal Customers,0,0
4,20,2698.47,5,5,4,554,Loyal Customers,0,0
12,1,156.34,5,2,1,521,Potential Loyalist,0,0
32,6,1572.55,4,4,4,444,Loyal Customers,0,0
129,1,111.35,3,2,1,321,Regular Customers,0,0
21,25,1807.44,4,5,4,454,Loyal Customers,0,0
212,7,746.42,2,4,3,243,At Risk,0,0
323,2,586.89,2,3,2,232,At Risk,1,0
162,1,203.85999999999999,3,2,1,321,Regular Customers,0,0
56,3,244.1,4,3,1,431,Potential Loyalist,0,0
225,1,107.21,2,2,1,221,At Risk,0,0
72,18,2304.58,3,5,4,354,Regular Customers,0,0
44,1,95.45,4,2,1,421,Potential Loyalist,0,0
23,1,256.32,4,2,1,421,Potential Loyalist,0,0
173,9,2099.89,3,5,4,354,Regular Customers,0,0
85,4,299.18,3,4,2,342,Regular Customers,0,0
159,1,154.55,3,2,1,321,Regular Customers,0,0
190,2,112.19999999999999,2,3,1,231,At Risk,0,0
29,3,260.08,4,3,1,431,Potential Loyalist,0,0
547,1,216.39999999999998,1,2,1,121,At Risk,1,0
394,1,381.09000000000003,2,2,2,222,At Risk,1,0
21,1,181.07,4,2,1,421,Potential Loyalist,0,0
71,13,2178.87,3,5,4,354,Regular Customers,0,0
247,1,72.9,2,2,1,221,At Risk,0,0
641,1,291.76,1,2,2,122,At Risk,1,0
374,5,1142.47,2,4,3,243,At Risk,1,0
737,1,110.05,1,2,1,121,At Risk,1,0
726,1,261.7,1,2,1,121,At Risk,1,0
9,1,366.23,5,2,2,522,Potential Loyalist,0,0
310,6,374.55,2,4,2,242,At Risk,1,0
59,14,3429.29,4,5,5,455,Loyal Customers,0,0
4,1,329.36,5,2,2,522,Potential Loyalist,0,0
551,1,225.78,1,2,1,121,At Risk,1,0
629,2,43.87,1,3,1,131,At Risk,1,0
45,3,335.03,4,3,2,432,Potential Loyalist,0,0
501,3,396.39,1,3,2,132,At Risk,1,0
88,2,1840.32,3,3,4,334,Regular Customers,0,0
4,54,23581.78,5,5,5,555,Champions,0,0
64,10,2394.36,3,5,4,354,Regular Customers,0,0
543,1,170.4,1,2,1,121,At Risk,1,0
282,3,497.0,2,3,2,232,At Risk,1,0
12,8,3257.7000000000003,5,5,5,555,Champions,0,0
373,1,244.08,2,2,1,221,At Risk,1,0
133,5,1035.49,3,4,3,343,Regular Customers,0,0
722,1,294.0,1,2,2,122,At Risk,1,0
45,3,341.24,4,3,2,432,Potential Loyalist,0,0
11,12,3082.1,5,5,5,555,Champions,0,0
36,13,4275.22,4,5,5,455,Loyal Customers,0,0
134,14,3402.24,3,5,5,355,Regular Customers,0,0
29,3,1331.57,4,3,4,434,Potential Loyalist,0,0
632,1,114.69,1,2,1,121,At Risk,1,0
52,3,1049.15,4,3,3,433,Potential Loyalist,0,0
138,7,686.14,3,4,3,343,Regular Customers,0,0
5,1,380.13,5,2,2,522,Potential Loyalist,0,0
9,7,4301.22,5,4,5,545,Loyal Customers,0,0
420,1,144.29,1,2,1,121,At Risk,1,0
160,1,99.14,3,2,1,321,Regular Customers,0,0
49,16,30306.79,4,5,5,455,Loyal Customers,0,0
131,4,1433.28,3,4,4,344,Regular Customers,0,0
8,1,77.50000000000001,5,2,1,521,Potential Loyalist,0,0
423,1,74.99,1,2,1,121,At Risk,1,0
697,3,360.35,1,3,2,132,At Risk,1,0
233,2,149.57999999999998,2,3,1,231,At Risk,0,0
37,1,176.68,4,2,1,421,Potential Loyalist,0,0
147,1,358.56000000000006,3,2,2,322,Regular Customers,0,0
1,118,117314.08,5,5,5,555,Champions,3,-1
72,7,1166.29,3,4,3,343,Regular Customers,0,0
40,4,1340.5800000000002,4,4,4,444,Loyal Customers,0,0
378,4,788.46,2,4,3,243,At Risk,1,0
540,1,159.17000000000002,1,2,1,121,At Risk,1,0
5,19,3804.38,5,5,5,555,Champions,0,0
199,6,949.9,2,4,3,243,At Risk,0,0
249,1,12.75,2,2,1,221,At Risk,0,0
66,1,111.68,3,2,1,321,Regular Customers,0,0
117,2,973.88,3,3,3,333,Regular Customers,0,0
592,1,140.75,1,2,1,121,At Risk,1,0
171,3,135.08,3,3,1,331,Regular Customers,0,0
21,100,2866.74,4,5,4,454,Loyal Customers,3,-1
142,4,666.96,3,4,3,343,Regular Customers,0,0
471,4,643.16,1,4,3,143,At Risk,1,0
32,2,463.21,4,3,2,432,Potential Loyalist,0,0
38,29,7006.65,4,5,5,455,Loyal Customers,0,0
38,10,1963.92,4,5,4,454,Loyal Customers,0,0
372,2,223.42,2,3,1,231,At Risk,1,0
374,4,590.4399999999999,2,4,2,242,At Risk,1,0
166,20,2354.29,3,5,4,354,Regular Customers,0,0
211,1,562.79,2,2,2,222,At Risk,0,0
548,1,161.94,1,2,1,121,At Risk,1,0
242,1,135.19,2,2,1,221,At Risk,0,0
52,1,337.04,4,2,2,422,Potential Loyalist,0,0
25,6,1739.09,4,4,4,444,Loyal Customers,0,0
15,24,6696.33,5,5,5,555,Champions,0,0
372,1,321.79,2,2,2,222,At Risk,1,0
29,2,1511.45,4,3,4,434,Potential Loyalist,0,0
365,4,1159.99,2,4,3,243,At Risk,1,0
36,4,732.41,4,4,3,443,Loyal Customers,0,0
166,4,1012.72,3,4,3,343,Regular Customers,0,0
411,1,239.12,1,2,1,121,At Risk,1,0
681,1,138.18,1,2,1,121,At Risk,1,0
395,1,171.71,2,2,1,221,At Risk,1,0
145,5,1152.19,3,4,3,343,Regular Customers,0,0
22,1,631.35,4,2,3,423,Potential Loyalist,0,0
56,1,20.8,4,2,1,421,Potential Loyalist,0,0
185,5,965.4399999999999,3,4,3,343,Regular Customers,0,0
12,14,489.54,5,5,2,552,Loyal Customers,0,0
379,1,207.32999999999998,2,2,1,221,At Risk,1,0
237,6,1527.6100000000001,2,4,4,244,At Risk,0,0
225,3,300.3,2,3,2,232,At Risk,0,0
389,1,252.88,2,2,1,221,At Risk,1,0
617,1,225.99,1,2,1,121,At Risk,1,0
122,11,2270.0299999999997,3,5,4,354,Regular Customers,0,0
282,3,495.48,2,3,2,232,At Risk,1,0
380,3,482.33,2,3,2,232,At Risk,1,0
74,8,1962.46,3,5,4,354,Regular Customers,0,0
380,3,639.24,2,3,3,233,At Risk,1,0
37,3,528.46,4,3,2,432,Potential Loyalist,0,0
564,1,124.25,1,2,1,121,At Risk,1,0
12,6,924.14,5,4,3,543,Loyal Customers,0,0
376,4,244.37,2,4,1,241,At Risk,1,0
376,1,353.51,2,2,2,222,At Risk,1,0
362,1,157.92,2,2,1,221,At Risk,1,0
4,2,226.47,5,3,1,531,Potential Loyalist,0,0
23,4,969.51,4,4,3,443,Loyal Customers,0,0
393,1,215.22,2,2,1,221,At Risk,1,0
70,23,19759.079999999998,3,5,5,355,Regular Customers,0,0
235,8,2144.23,2,5,4,254,At Risk,0,0
257,1,174.8,2,2,1,221,At Risk,1,0
373,2,410.79,2,3,2,232,At Risk,1,0
723,1,115.3,1,2,1,121,At Risk,1,0
155,2,187.29,3,3,1,331,Regular Customers,0,0
28,1,162.22,4,2,1,421,Potential Loyalist,0,0
4,1,120.03,5,2,1,521,Potential Loyalist,0,0
32,7,1954.56,4,4,4,444,Loyal Customers,0,0
81,4,688.0,3,4,3,343,Regular Customers,0,0
108,4,297.99,3,4,2,342,Regular Customers,0,0
52,1,38.45,4,2,1,421,Potential Loyalist,0,0
544,1,190.48000000000002,1,2,1,121,At Risk,1,0
510,2,216.41,1,3,1,131,At Risk,1,0
36,5,1507.25,4,4,4,444,Loyal Customers,0,0
153,2,389.78,3,3,2,332,Regular Customers,0,0
380,6,1177.72,2,4,3,243,At Risk,1,0
501,2,2074.07,1,3,4,134,At Risk,1,0
99,1,115.31,3,2,1,321,Regular Customers,0,0
583,1,192.05,1,2,1,121,At Risk,1,0
642,1,433.77,1,2,2,122,At Risk,1,0
4,2,230.64999999999998,5,3,1,531,Potential Loyalist,0,0
379,1,451.3,2,2,2,222,At Risk,1,0
334,1,73.5,2,2,1,221,At Risk,1,0
65,1,93.82000000000001,3,2,1,321,Regular Customers,0,0
22,3,754.2,4,3,3,433,Potential Loyalist,0,0
36,5,1260.23,4,4,4,444,Loyal Customers,0,0
32,11,1545.49,4,5,4,454,Loyal Customers,0,0
154,15,167.42,3,5,1,351,Regular Customers,0,0
556,1,141.48,1,2,1,121,At Risk,1,0
374,4,548.22,2,4,2,242,At Risk,1,0
19,2,357.20000000000005,5,3,2,532,Potential Loyalist,0,0
12,38,8018.7699999999995,5,5,5,555,Champions,0,0
54,2,281.15,4,3,1,431,Potential Loyalist,0,0
25,3,529.29,4,3,2,432,Potential Loyalist,0,0
4,18,3505.61,5,5,5,555,Champions,0,0
45,1,178.34,4,2,1,421,Potential Loyalist,0,0
650,1,189.63,1,2,1,121,At Risk,1,0
381,2,326.09,2,3,2,232,At Risk,1,0
203,3,394.93,2,3,2,232,At Risk,0,0
437,2,500.92,1,3,2,132,At Risk,1,0
359,2,412.06,2,3,2,232,At Risk,1,0
634,7,2282.28,1,4,4,144,At Risk,1,0
565,1,10877.18,1,2,5,125,At Risk,1,0
71,3,571.07,3,3,2,332,Regular Customers,0,0
393,1,176.5,2,2,1,221,At Risk,1,0
7,14,10142.64,5,5,5,555,Champions,0,0
288,2,554.6,2,3,2,232,At Risk,1,0
393,3,1188.46,2,3,3,233,At Risk,1,0
10,3,774.06,5,3,3,533,Potential Loyalist,0,0
23,3,306.46,4,3,2,432,Potential Loyalist,0,0
408,2,1185.46,2,3,3,233,At Risk,1,0
22,28,6083.81,4,5,5,455,Loyal Customers,0,0
173,6,1632.67,3,4,4,344,Regular Customers,0,0
391,2,186.60000000000002,2,3,1,231,At Risk,1,0
133,11,4481.83,3,5,5,355,Regular Customers,0,0
6,29,5866.63,5,5,5,555,Champions,0,0
75,3,1440.4,3,3,4,334,Regular Customers,0,0
40,1,396.33,4,2,2,422,Potential Loyalist,0,0
289,1,101.69999999999999,2,2,1,221,At Risk,1,0
26,11,4464.92,4,5,5,455,Loyal Customers,0,0
669,1,314.1,1,2,2,122,At Risk,1,0
258,6,1169.68,2,4,3,243,At Risk,0,0
186,1,247.44,3,2,1,321,Regular Customers,0,0
114,12,3859.82,3,5,5,355,Regular Customers,0,0
374,2,1019.44,2,3,3,233,At Risk,1,0
23,20,5783.29,4,5,5,455,Loyal Customers,0,0
380,1,151.49,2,2,1,221,At Risk,1,0
8,18,4078.79,5,5,5,555,Champions,0,0
217,4,725.53,2,4,3,243,At Risk,0,0
45,5,4203.93,4,4,5,445,Loyal Customers,0,0
19,2,1231.5,5,3,4,534,Potential Loyalist,0,0
36,3,343.45,4,3,2,432,Potential Loyalist,0,0
26,1,680.84,4,2,3,423,Potential Loyalist,0,0
398,1,463.53,2,2,2,222,At Risk,1,0
16,3,795.2299999999999,5,3,3,533,Potential Loyalist,0,0
330,4,1341.8500000000001,2,4,4,244,At Risk,1,0
274,1,101.34,2,2,1,221,At Risk,1,0
98,17,14761.519999999999,3,5,5,355,Regular Customers,0,0
61,1,166.03,3,2,1,321,Regular Customers,0,0
447,1,428.45,1,2,2,122,At Risk,1,0
422,1,321.9,1,2,2,122,At Risk,1,0
593,1,360.85,1,2,2,122,At Risk,1,0
2,18,14693.72,5,5,5,555,Champions,0,0
93,8,4452.71,3,5,5,355,Regular Customers,0,0
82,13,6391.52,3,5,5,355,Regular Customers,0,0
313,5,2303.09,2,4,4,244,At Risk,1,0
12,6,1657.87,5,4,4,544,Loyal Customers,0,0
8,11,4627.92,5,5,5,555,Champions,0,0
396,1,527.94,2,2,2,222,At Risk,1,0
127,1,168.31,3,2,1,321,Regular Customers,0,0
550,1,451.56,1,2,2,122,At Risk,1,0
11,5,622.01,5,4,3,543,Loyal Customers,0,0
1,145,580987.04,5,5,5,555,Champions,2,-1
549,1,105.8,1,2,1,121,At Risk,1,0
37,1,754.64,4,2,3,423,Potential Loyalist,0,0
38,1,113.48000000000002,4,2,1,421,Potential Loyalist,0,0
330,6,1441.06,2,4,4,244,At Risk,1,0
442,1,165.88,1,2,1,121,At Risk,1,0
254,3,848.8100000000001,2,3,3,233,At Risk,0,0
2,38,9555.71,5,5,5,555,Champions,0,0
20,2,392.28000000000003,4,3,2,432,Potential Loyalist,0,0
589,1,405.85,1,2,2,122,At Risk,1,0
12,4,773.36,5,4,3,543,Loyal Customers,0,0
369,1,76.32000000000001,2,2,1,221,At Risk,1,0
290,1,220.1,2,2,1,221,At Risk,1,0
698,1,9.700000000000001,1,2,1,121,At Risk,1,0
68,13,2134.4900000000002,3,5,4,354,Regular Customers,0,0
26,1,315.65,4,2,2,422,Potential Loyalist,0,0
11,29,6221.02,5,5,5,555,Champions,0,0
368,1,180.7,2,2,1,221,At Risk,1,0
214,1,111.15,2,2,1,221,At Risk,0,0
149,2,653.3,3,3,3,333,Regular Customers,0,0
8,6,1793.06,5,4,4,544,Loyal Customers,0,0
24,3,666.64,4,3,3,433,Potential Loyalist,0,0
472,1,102.65,1,2,1,121,At Risk,1,0
30,4,1131.75,4,4,3,443,Loyal Customers,0,0
61,1,200.92000000000002,3,2,1,321,Regular Customers,0,0
19,4,556.13,5,4,2,542,Loyal Customers,0,0
537,1,399.29,1,2,2,122,At Risk,1,0
243,1,112.55000000000001,2,2,1,221,At Risk,0,0
15,3,1059.39,5,3,3,533,Potential Loyalist,0,0
632,1,222.95999999999998,1,2,1,121,At Risk,1,0
504,1,220.13,1,2,1,121,At Risk,1,0
212,1,931.4999999999999,2,2,3,223,At Risk,0,0
598,2,445.0,1,3,2,132,At Risk,1,0
29,10,1249.6200000000001,4,5,4,454,Loyal Customers,0,0
63,5,1631.3600000000001,3,4,4,344,Regular Customers,0,0
551,2,145.99,1,3,1,131,At Risk,1,0
295,1,152.65,2,2,1,221,At Risk,1,0
18,6,8438.34,5,4,5,545,Loyal Customers,0,0
474,1,536.41,1,2,2,122,At Risk,1,0
402,2,882.47,2,3,3,233,At Risk,1,0
157,2,1019.52,3,3,3,333,Regular Customers,0,0
117,2,1000.16,3,3,3,333,Regular Customers,0,0
8,19,4892.95,5,5,5,555,Champions,0,0
13,11,5609.74,5,5,5,555,Champions,0,0
141,2,160.35000000000002,3,3,1,331,Regular Customers,0,0
46,2,179.33999999999997,4,3,1,431,Potential Loyalist,0,0
647,1,112.85000000000001,1,2,1,121,At Risk,1,0
51,7,1553.96,4,4,4,444,Loyal Customers,0,0
32,3,566.58,4,3,2,432,Potential Loyalist,0,0
135,6,1879.44,3,4,4,344,Regular Customers,0,0
646,1,426.69,1,2,2,122,At Risk,1,0
659,1,246.22,1,2,1,121,At Risk,1,0
3,5,932.6,5,4,3,543,Loyal Customers,0,0
75,3,371.62,3,3,2,332,Regular Customers,0,0
13,2,675.64,5,3,3,533,Potential Loyalist,0,0
571,1,213.9,1,2,1,121,At Risk,1,0
9,2,453.4,5,3,2,532,Potential Loyalist,0,0
301,1,530.15,2,2,2,222,At Risk,1,0
57,3,1003.88,4,3,3,433,Potential Loyalist,0,0
15,6,1803.1000000000001,5,4,4,544,Loyal Customers,0,0
732,1,371.51,1,2,2,122,At Risk,1,0
584,1,728.84,1,2,3,123,At Risk,1,0
37,1,399.65000000000003,4,2,2,422,Potential Loyalist,0,0
177,1,302.46000000000004,3,2,2,322,Regular Customers,0,0
624,1,175.5,1,2,1,121,At Risk,1,0
23,3,1384.8600000000001,4,3,4,434,Potential Loyalist,0,0
176,16,3435.5,3,5,5,355,Regular Customers,0,0
61,1,202.65,3,2,1,321,Regular Customers,0,0
33,9,2878.0,4,5,4,454,Loyal Customers,0,0
59,9,2437.31,4,5,4,454,Loyal Customers,0,0
15,52,17467.24,5,5,5,555,Champions,0,0
87,5,2696.36,3,4,4,344,Regular Customers,0,0
7,2,162.5,5,3,1,531,Potential Loyalist,0,0
676,1,176.1,1,2,1,121,At Risk,1,0
358,1,476.35,2,2,2,222,At Risk,1,0
31,9,2216.32,4,5,4,454,Loyal Customers,0,0
129,11,6103.74,3,5,5,355,Regular Customers,0,0
9,8,2547.55,5,5,4,554,Loyal Customers,0,0
5,6,1843.75,5,4,4,544,Loyal Customers,0,0
24,5,1188.34,4,4,3,443,Loyal Customers,0,0
463,1,291.13,1,2,2,122,At Risk,1,0
227,2,632.07,2,3,3,233,At Risk,0,0
15,1,49.8,5,2,1,521,Potential Loyalist,0,0
249,1,304.25,2,2,2,222,At Risk,0,0
723,1,329.58,1,2,2,122,At Risk,1,0
632,1,724.89,1,2,3,123,At Risk,1,0
15,6,3280.59,5,4,5,545,Loyal Customers,0,0
78,3,1403.73,3,3,4,334,Regular Customers,0,0
192,5,745.62,2,4,3,243,At Risk,0,0
262,2,529.4,2,3,2,232,At Risk,1,0
72,1,957.97,3,2,3,323,Regular Customers,0,0
165,3,1207.35,3,3,3,333,Regular Customers,0,0
82,6,4162.04,3,4,5,345,Regular Customers,0,0
387,1,101.16,2,2,1,221,At Risk,1,0
95,4,1457.19,3,4,4,344,Regular Customers,0,0
576,1,230.1,1,2,1,121,At Risk,1,0
4,17,5425.56,5,5,5,555,Champions,0,0
684,1,344.75,1,2,2,122,At Risk,1,0
106,1,150.35,3,2,1,321,Regular Customers,0,0
723,1,447.53000000000003,1,2,2,122,At Risk,1,0
200,3,1396.99,2,3,4,234,At Risk,0,0
157,4,492.52,3,4,2,342,Regular Customers,0,0
71,3,1975.35,3,3,4,334,Regular Customers,0,0
36,2,517.36,4,3,2,432,Potential Loyalist,0,0
553,1,314.65999999999997,1,2,2,122,At Risk,1,0
499,1,544.47,1,2,2,122,At Risk,1,0
566,1,360.08,1,2,2,122,At Risk,1,0
29,1,139.10000000000002,4,2,1,421,Potential Loyalist,0,0
2,7,2768.83,5,4,4,544,Loyal Customers,0,0
26,5,600.07,4,4,2,442,Loyal Customers,0,0
326,2,514.37,2,3,2,232,At Risk,1,0
237,1,232.48000000000002,2,2,1,221,At Risk,0,0
531,4,1780.34,1,4,4,144,At Risk,1,0
89,5,2232.4900000000002,3,4,4,344,Regular Customers,0,0
31,1,481.75,4,2,2,422,Potential Loyalist,0,0
29,4,945.04,4,4,3,443,Loyal Customers,0,0
211,4,1121.84,2,4,3,243,At Risk,0,0
3,17,3352.7000000000003,5,5,5,555,Champions,0,0
227,6,1921.76,2,4,4,244,At Risk,0,0
22,6,1424.94,4,4,4,444,Loyal Customers,0,0
93,1,443.0,3,2,2,322,Regular Customers,0,0
5,26,14000.85,5,5,5,555,Champions,0,0
264,1,158.95000000000002,2,2,1,221,At Risk,1,0
3,26,13014.8,5,5,5,555,Champions,0,0
44,26,11878.88,4,5,5,455,Loyal Customers,0,0
218,2,388.75,2,3,2,232,At Risk,0,0
57,2,779.9,4,3,3,433,Potential Loyalist,0,0
12,28,10150.51,5,5,5,555,Champions,0,0
9,9,4291.06,5,5,5,555,Champions,0,0
192,28,6854.17,2,5,5,255,At Risk,0,0
82,4,592.97,3,4,2,342,Regular Customers,0,0
326,1,440.0,2,2,2,222,At Risk,1,0
552,1,179.6,1,2,1,121,At Risk,1,0
72,3,1796.48,3,3,4,334,Regular Customers,0,0
30,12,1795.3500000000001,4,5,4,454,Loyal Customers,0,0
3,5,987.1,5,4,3,543,Loyal Customers,0,0
515,1,270.92,1,2,1,121,At Risk,1,0
219,6,1712.26,2,4,4,244,At Risk,0,0
46,1,422.58,4,2,2,422,Potential Loyalist,0,0
10,21,2986.9900000000002,5,5,5,555,Champions,0,0
72,8,3605.21,3,5,5,355,Regular Customers,0,0
414,1,515.78,1,2,2,122,At Risk,1,0
431,2,568.64,1,3,2,132,At Risk,1,0
7,20,6324.9800000000005,5,5,5,555,Champions,0,0
24,3,758.8199999999999,4,3,3,433,Potential Loyalist,0,0
415,3,839.73,1,3,3,133,At Risk,1,0
123,2,804.02,3,3,3,333,Regular Customers,0,0
17,1,95.34,5,2,1,521,Potential Loyalist,0,0
310,1,349.27,2,2,2,222,At Risk,1,0
87,9,26278.86,3,5,5,355,Regular Customers,0,0
51,7,1533.69,4,4,4,444,Loyal Customers,0,0
643,1,317.88,1,2,2,122,At Risk,1,0
581,1,267.9,1,2,1,121,At Risk,1,0
89,2,303.15,3,3,2,332,Regular Customers,0,0
388,1,110.7,2,2,1,221,At Risk,1,0
39,12,4600.15,4,5,5,455,Loyal Customers,0,0
464,6,2059.67,1,4,4,144,At Risk,1,0
25,7,3941.9,4,4,5,445,Loyal Customers,0,0
173,23,9947.26,3,5,5,355,Regular Customers,0,0
43,2,324.24,4,3,2,432,Potential Loyalist,0,0
140,3,577.54,3,3,2,332,Regular Customers,0,0
26,3,1213.1599999999999,4,3,3,433,Potential Loyalist,0,0
499,1,603.25,1,2,2,122,At Risk,1,0
72,2,801.51,3,3,3,333,Regular Customers,0,0
434,1,251.1,1,2,1,121,At Risk,1,0
673,1,269.37,1,2,1,121,At Risk,1,0
134,6,1490.23,3,4,4,344,Regular Customers,0,0
366,1,168.6,2,2,1,221,At Risk,1,0
38,3,444.55,4,3,2,432,Potential Loyalist,0,0
610,2,680.85,1,3,3,133,At Risk,1,0
3,9,4385.9800000000005,5,5,5,555,Champions,0,0
2,4,357.0,5,4,2,542,Loyal Customers,0,0
30,1,175.92,4,2,1,421,Potential Loyalist,0,0
578,2,741.85,1,3,3,133,At Risk,1,0
44,6,1656.52,4,4,4,444,Loyal Customers,0,0
58,5,1180.05,4,4,3,443,Loyal Customers,0,0
74,2,414.20000000000005,3,3,2,332,Regular Customers,0,0
519,1,231.33999999999997,1,2,1,121,At Risk,1,0
278,2,488.15000000000003,2,3,2,232,At Risk,1,0
181,2,201.14,3,3,1,331,Regular Customers,0,0
8,2,178.05,5,3,1,531,Potential Loyalist,0,0
4,22,2664.9,5,5,4,554,Loyal Customers,0,0
432,1,461.68,1,2,2,122,At Risk,1,0
661,1,427.0,1,2,2,122,At Risk,1,0
477,2,1296.43,1,3,4,134,At Risk,1,0
43,7,4182.99,4,4,5,445,Loyal Customers,0,0
