ds,trend,yhat_lower,yhat_upper,trend_lower,trend_upper,additive_terms,additive_terms_lower,additive_terms_upper,weekly,weekly_lower,weekly_upper,multiplicative_terms,multiplicative_terms_lower,multiplicative_terms_upper,yhat
2009-12-01,18459.5889516664,10529.67600492209,41890.97474826805,18459.5889516664,18459.5889516664,8061.4942450798035,8061.4942450798035,8061.4942450798035,8061.4942450798035,8061.4942450798035,8061.4942450798035,0.0,0.0,0.0,26521.083196746204
2009-12-02,18479.181135661423,7202.209842934223,38568.47958194652,18479.181135661423,18479.181135661423,4702.881908664641,4702.881908664641,4702.881908664641,4702.881908664641,4702.881908664641,4702.881908664641,0.0,0.0,0.0,23182.063044326063
2009-12-03,18498.773319656448,14450.208960515447,47530.296779223514,18498.773319656448,18498.773319656448,11937.407009904455,11937.407009904455,11937.407009904455,11937.407009904455,11937.407009904455,11937.407009904455,0.0,0.0,0.0,30436.180329560902
2009-12-04,18518.365503651472,4332.390836479791,34717.81881773005,18518.365503651472,18518.365503651472,1156.1841805967638,1156.1841805967638,1156.1841805967638,1156.1841805967638,1156.1841805967638,1156.1841805967638,0.0,0.0,0.0,19674.549684248235
2009-12-05,18537.957687646496,-19000.998576472673,11199.707439408061,18537.957687646496,18537.957687646496,-22522.744569812454,-22522.744569812454,-22522.744569812454,-22522.744569812454,-22522.744569812454,-22522.744569812454,0.0,0.0,0.0,-3984.7868821659576
2009-12-06,18557.54987164152,-2717.028376135489,28566.246063130886,18557.54987164152,18557.54987164152,-6070.420039088557,-6070.420039088557,-6070.420039088557,-6070.420039088557,-6070.420039088557,-6070.420039088557,0.0,0.0,0.0,12487.129832552964
2009-12-07,18577.142055636545,5586.904120573619,36615.455391449905,18577.142055636545,18577.142055636545,2735.1972647194452,2735.1972647194452,2735.1972647194452,2735.1972647194452,2735.1972647194452,2735.1972647194452,0.0,0.0,0.0,21312.33932035599
2009-12-08,18596.734239631565,10303.66089609981,42217.1615464396,18596.734239631565,18596.734239631565,8061.494245091967,8061.494245091967,8061.494245091967,8061.494245091967,8061.494245091967,8061.494245091967,0.0,0.0,0.0,26658.22848472353
2009-12-09,18616.32642362659,7494.215026104792,39425.165237491296,18616.32642362659,18616.32642362659,4702.881908676325,4702.881908676325,4702.881908676325,4702.881908676325,4702.881908676325,4702.881908676325,0.0,0.0,0.0,23319.208332302915
2009-12-10,18635.918607621614,15212.840480306597,46713.54203290445,18635.918607621614,18635.918607621614,11937.407009870265,11937.407009870265,11937.407009870265,11937.407009870265,11937.407009870265,11937.407009870265,0.0,0.0,0.0,30573.32561749188
2009-12-11,18655.51079161664,5382.713067149189,34967.63993265457,18655.51079161664,18655.51079161664,1156.1841805854617,1156.1841805854617,1156.1841805854617,1156.1841805854617,1156.1841805854617,1156.1841805854617,0.0,0.0,0.0,19811.6949722021
2009-12-12,18675.102975611662,-19368.966652763294,12155.497112656467,18675.102975611662,18675.102975611662,-22522.74456980531,-22522.74456980531,-22522.74456980531,-22522.74456980531,-22522.74456980531,-22522.74456980531,0.0,0.0,0.0,-3847.6415941936466
2009-12-13,18694.695159606687,-2137.2212401526076,29140.478517572126,18694.695159606687,18694.695159606687,-6070.420039073147,-6070.420039073147,-6070.420039073147,-6070.420039073147,-6070.420039073147,-6070.420039073147,0.0,0.0,0.0,12624.27512053354
2009-12-14,18714.28734360171,5335.810828244525,38127.26107964318,18714.28734360171,18714.28734360171,2735.197264717527,2735.197264717527,2735.197264717527,2735.197264717527,2735.197264717527,2735.197264717527,0.0,0.0,0.0,21449.48460831924
2009-12-15,18733.87952759673,11147.574056148662,42291.511216993764,18733.87952759673,18733.87952759673,8061.494245093738,8061.494245093738,8061.494245093738,8061.494245093738,8061.494245093738,8061.494245093738,0.0,0.0,0.0,26795.37377269047
2009-12-16,18753.471711591756,7552.799878816676,38151.21235921194,18753.471711591756,18753.471711591756,4702.8819086729345,4702.8819086729345,4702.8819086729345,4702.8819086729345,4702.8819086729345,4702.8819086729345,0.0,0.0,0.0,23456.35362026469
2009-12-17,18773.06389558678,14429.107534322498,45853.162565471015,18773.06389558678,18773.06389558678,11937.407009864739,11937.407009864739,11937.407009864739,11937.407009864739,11937.407009864739,11937.407009864739,0.0,0.0,0.0,30710.47090545152
2009-12-18,18792.656079581804,3656.515565012528,36811.2023025057,18792.656079581804,18792.656079581804,1156.1841805741617,1156.1841805741617,1156.1841805741617,1156.1841805741617,1156.1841805741617,1156.1841805741617,0.0,0.0,0.0,19948.840260155965
2009-12-19,18812.24826357683,-20352.90992933355,11714.16971763919,18812.24826357683,18812.24826357683,-22522.744569798164,-22522.744569798164,-22522.744569798164,-22522.744569798164,-22522.744569798164,-22522.744569798164,0.0,0.0,0.0,-3710.4963062213355
2009-12-20,18831.840447571853,-1971.6740965093431,28976.487402962543,18831.840447571853,18831.840447571853,-6070.420039057737,-6070.420039057737,-6070.420039057737,-6070.420039057737,-6070.420039057737,-6070.420039057737,0.0,0.0,0.0,12761.420408514115
2009-12-21,18851.432631566877,5188.202055314763,37343.67656285009,18851.432631566877,18851.432631566877,2735.1972647196662,2735.1972647196662,2735.1972647196662,2735.1972647196662,2735.1972647196662,2735.1972647196662,0.0,0.0,0.0,21586.629896286544
2009-12-22,18871.024815561897,12237.42877800249,41638.99455780654,18871.024815561897,18871.024815561897,8061.494245085398,8061.494245085398,8061.494245085398,8061.494245085398,8061.494245085398,8061.494245085398,0.0,0.0,0.0,26932.519060647297
2009-12-23,18890.61699955692,9321.164859574954,40979.83872317215,18890.61699955692,18890.61699955692,4702.8819086573385,4702.8819086573385,4702.8819086573385,4702.8819086573385,4702.8819086573385,4702.8819086573385,0.0,0.0,0.0,23593.49890821426
2009-12-24,18910.20918355195,14567.137421774314,47242.182713084396,18910.20918355195,18910.20918355195,11937.407009857643,11937.407009857643,11937.407009857643,11937.407009857643,11937.407009857643,11937.407009857643,0.0,0.0,0.0,30847.616193409594
2009-12-25,18929.801371160785,4729.681315225713,36529.52817554041,18929.801371160785,18929.801371160785,1156.1841805384925,1156.1841805384925,1156.1841805384925,1156.1841805384925,1156.1841805384925,1156.1841805384925,0.0,0.0,0.0,20085.98555169928
2009-12-26,18949.393558769625,-19882.587789956746,12080.794934396929,18949.393558769625,18949.393558769625,-22522.744569793515,-22522.744569793515,-22522.744569793515,-22522.744569793515,-22522.744569793515,-22522.744569793515,0.0,0.0,0.0,-3573.3510110238894
2009-12-27,18968.98574637847,-2456.6707176639047,28269.99481598428,18968.98574637847,18968.98574637847,-6070.420039082816,-6070.420039082816,-6070.420039082816,-6070.420039082816,-6070.420039082816,-6070.420039082816,0.0,0.0,0.0,12898.565707295653
2009-12-28,18988.577933987304,5270.8557006013525,37242.12965020721,18988.577933987304,18988.577933987304,2735.197264717749,2735.197264717749,2735.197264717749,2735.197264717749,2735.197264717749,2735.197264717749,0.0,0.0,0.0,21723.775198705054
2009-12-29,19008.170121596148,10820.028691906566,42690.94658214679,19008.170121596148,19008.170121596148,8061.494245077064,8061.494245077064,8061.494245077064,8061.494245077064,8061.494245077064,8061.494245077064,0.0,0.0,0.0,27069.664366673212
2009-12-30,19027.762309204983,7957.623634487885,38569.06564842591,19027.762309204983,19027.762309204983,4702.8819086417425,4702.8819086417425,4702.8819086417425,4702.8819086417425,4702.8819086417425,4702.8819086417425,0.0,0.0,0.0,23730.644217846726
2009-12-31,19047.354496813823,15044.667768797213,47296.24769640263,19047.354496813823,19047.354496813823,11937.407009880779,11937.407009880779,11937.407009880779,11937.407009880779,11937.407009880779,11937.407009880779,0.0,0.0,0.0,30984.761506694602
2010-01-01,19066.946684422666,4351.865133258695,35626.165015682614,19066.946684422666,19066.946684422666,1156.1841805979539,1156.1841805979539,1156.1841805979539,1156.1841805979539,1156.1841805979539,1156.1841805979539,0.0,0.0,0.0,20223.13086502062
2010-01-02,19086.538872031502,-18583.295946753213,12742.018488713735,19086.538872031502,19086.538872031502,-22522.744569801613,-22522.744569801613,-22522.744569801613,-22522.744569801613,-22522.744569801613,-22522.744569801613,0.0,0.0,0.0,-3436.2056977701104
2010-01-03,19106.131059640342,-2171.734742953181,29188.32989476852,19106.131059640342,19106.131059640342,-6070.4200391078975,-6070.4200391078975,-6070.4200391078975,-6070.4200391078975,-6070.4200391078975,-6070.4200391078975,0.0,0.0,0.0,13035.711020532444
2010-01-04,19125.72324724918,7020.720046280282,37767.72150942115,19125.72324724918,19125.72324724918,2735.1972647254834,2735.1972647254834,2735.1972647254834,2735.1972647254834,2735.1972647254834,2735.1972647254834,0.0,0.0,0.0,21860.920511974666
2010-01-05,19145.31543485802,11365.09045005424,43060.123195292304,19145.31543485802,19145.31543485802,8061.494245089224,8061.494245089224,8061.494245089224,8061.494245089224,8061.494245089224,8061.494245089224,0.0,0.0,0.0,27206.809679947244
2010-01-06,19164.90762246686,7506.533558649773,39346.131783618905,19164.90762246686,19164.90762246686,4702.881908638352,4702.881908638352,4702.881908638352,4702.881908638352,4702.881908638352,4702.881908638352,0.0,0.0,0.0,23867.789531105213
2010-01-07,19184.4998100757,14192.717320982601,47020.87630770077,19184.4998100757,19184.4998100757,11937.407009873687,11937.407009873687,11937.407009873687,11937.407009873687,11937.407009873687,11937.407009873687,0.0,0.0,0.0,31121.906819949385
2010-01-08,19204.09199768454,4611.667228425426,34293.93540386148,19204.09199768454,19204.09199768454,1156.1841805622842,1156.1841805622842,1156.1841805622842,1156.1841805622842,1156.1841805622842,1156.1841805622842,0.0,0.0,0.0,20360.276178246822
2010-01-09,19223.684185293383,-18125.901618768065,12350.73024143934,19223.684185293383,19223.684185293383,-22522.74456980971,-22522.74456980971,-22522.74456980971,-22522.74456980971,-22522.74456980971,-22522.74456980971,0.0,0.0,0.0,-3299.0603845163278
2010-01-10,19243.27637290222,-2181.9352162500672,29650.830884451585,19243.27637290222,19243.27637290222,-6070.420039092484,-6070.420039092484,-6070.420039092484,-6070.420039092484,-6070.420039092484,-6070.420039092484,0.0,0.0,0.0,13172.856333809734
2010-01-11,19262.86856051106,6224.070249122448,37940.01533400011,19262.86856051106,19262.86856051106,2735.1972647083157,2735.1972647083157,2735.1972647083157,2735.1972647083157,2735.1972647083157,2735.1972647083157,0.0,0.0,0.0,21998.065825219375
2010-01-12,19282.4607481199,11759.198978217786,42676.05644009975,19282.4607481199,19282.4607481199,8061.494245070498,8061.494245070498,8061.494245070498,8061.494245070498,8061.494245070498,8061.494245070498,0.0,0.0,0.0,27343.954993190397
2010-01-13,19302.052935728738,8031.513924885318,39360.51215673665,19302.052935728738,19302.052935728738,4702.881908650036,4702.881908650036,4702.881908650036,4702.881908650036,4702.881908650036,4702.881908650036,0.0,0.0,0.0,24004.934844378775
2010-01-14,19321.645123337577,15453.69256410031,46767.58771254467,19321.645123337577,19321.645123337577,11937.40700986659,11937.40700986659,11937.40700986659,11937.40700986659,11937.40700986659,11937.40700986659,0.0,0.0,0.0,31259.052133204168
2010-01-15,19341.237310946413,5164.330683442345,36218.39352984004,19341.237310946413,19341.237310946413,1156.184180550984,1156.184180550984,1156.184180550984,1156.184180550984,1156.184180550984,1156.184180550984,0.0,0.0,0.0,20497.421491497396
2010-01-16,19360.829573459432,-18933.14062202463,12678.269774858427,19360.829573459432,19360.829573459432,-22522.744569802562,-22522.744569802562,-22522.744569802562,-22522.744569802562,-22522.744569802562,-22522.744569802562,0.0,0.0,0.0,-3161.91499634313
2010-01-17,19380.421835972447,-3577.664351744626,27904.712835808405,19380.421835972447,19380.421835972447,-6070.420039120669,-6070.420039120669,-6070.420039120669,-6070.420039120669,-6070.420039120669,-6070.420039120669,0.0,0.0,0.0,13310.001796851779
2010-01-18,19400.014098485462,6918.439372052434,37565.19738470982,19400.014098485462,19400.014098485462,2735.197264716051,2735.197264716051,2735.197264716051,2735.197264716051,2735.197264716051,2735.197264716051,0.0,0.0,0.0,22135.211363201513
2010-01-19,19419.606360998478,11026.270049287026,43177.6113877277,19419.606360998478,19419.606360998478,8061.49424508266,8061.49424508266,8061.49424508266,8061.49424508266,8061.49424508266,8061.49424508266,0.0,0.0,0.0,27481.100606081138
2010-01-20,19439.198623511493,8330.64623314346,39879.09971519146,19439.198623511493,19439.198623511493,4702.881908673928,4702.881908673928,4702.881908673928,4702.881908673928,4702.881908673928,4702.881908673928,0.0,0.0,0.0,24142.08053218542
2010-01-21,19458.790886024508,15294.554296125496,48239.143377046814,19458.790886024508,19458.790886024508,11937.407009859498,11937.407009859498,11937.407009859498,11937.407009859498,11937.407009859498,11937.407009859498,0.0,0.0,0.0,31396.197895884005
2010-01-22,19478.383148537527,4748.997738637128,36276.34106674762,19478.383148537527,19478.383148537527,1156.1841805617091,1156.1841805617091,1156.1841805617091,1156.1841805617091,1156.1841805617091,1156.1841805617091,0.0,0.0,0.0,20634.567329099234
2010-01-23,19497.975411050542,-20210.588478597812,11376.347421596285,19497.975411050542,19497.975411050542,-22522.744569813167,-22522.744569813167,-22522.744569813167,-22522.744569813167,-22522.744569813167,-22522.744569813167,0.0,0.0,0.0,-3024.769158762625
2010-01-24,19517.567673563557,-2030.9105760382042,29188.529006100114,19517.567673563557,19517.567673563557,-6070.420039102156,-6070.420039102156,-6070.420039102156,-6070.420039102156,-6070.420039102156,-6070.420039102156,0.0,0.0,0.0,13447.147634461402
2010-01-25,19537.159936076572,6181.308018086513,37690.98499308426,19537.159936076572,19537.159936076572,2735.1972647237867,2735.1972647237867,2735.1972647237867,2735.1972647237867,2735.1972647237867,2735.1972647237867,0.0,0.0,0.0,22272.357200800358
2010-01-26,19556.752198589587,10671.439606002596,43389.47141926961,19556.752198589587,19556.752198589587,8061.494245074321,8061.494245074321,8061.494245074321,8061.494245074321,8061.494245074321,8061.494245074321,0.0,0.0,0.0,27618.24644366391
2010-01-27,19576.344461102603,8401.272517881687,40060.617192722086,19576.344461102603,19576.344461102603,4702.881908643256,4702.881908643256,4702.881908643256,4702.881908643256,4702.881908643256,4702.881908643256,0.0,0.0,0.0,24279.22636974586
2010-01-28,19595.93672361562,16338.599778454965,46703.214455975445,19595.93672361562,19595.93672361562,11937.407009882634,11937.407009882634,11937.407009882634,11937.407009882634,11937.407009882634,11937.407009882634,0.0,0.0,0.0,31533.343733498255
2010-01-29,19615.528986128636,6018.079479036781,36272.9157052184,19615.528986128636,19615.528986128636,1156.1841805504089,1156.1841805504089,1156.1841805504089,1156.1841805504089,1156.1841805504089,1156.1841805504089,0.0,0.0,0.0,20771.713166679045
2010-01-30,19635.121248641648,-18607.479897569418,12709.21705966251,19635.121248641648,19635.121248641648,-22522.744569793274,-22522.744569793274,-22522.744569793274,-22522.744569793274,-22522.744569793274,-22522.744569793274,0.0,0.0,0.0,-2887.6233211516264
2010-01-31,19654.713511154663,-2066.787700607734,29400.253318147912,19654.713511154663,19654.713511154663,-6070.420039089848,-6070.420039089848,-6070.420039089848,-6070.420039089848,-6070.420039089848,-6070.420039089848,0.0,0.0,0.0,13584.293472064815
2010-02-01,19674.30577366768,5892.907499586678,36748.70779064318,19674.30577366768,19674.30577366768,2735.1972647315206,2735.1972647315206,2735.1972647315206,2735.1972647315206,2735.1972647315206,2735.1972647315206,0.0,0.0,0.0,22409.503038399198
2010-02-02,19693.898036180697,11954.699370594451,42901.497785769345,19693.898036180697,19693.898036180697,8061.494245096593,8061.494245096593,8061.494245096593,8061.494245096593,8061.494245096593,8061.494245096593,0.0,0.0,0.0,27755.39228127729
2010-02-03,19713.490298693712,7765.788267610011,40775.42170378904,19713.490298693712,19713.490298693712,4702.881908654942,4702.881908654942,4702.881908654942,4702.881908654942,4702.881908654942,4702.881908654942,0.0,0.0,0.0,24416.372207348653
2010-02-04,19733.082561206727,15867.558493548751,46474.86810994154,19733.082561206727,19733.082561206727,11937.407009846876,11937.407009846876,11937.407009846876,11937.407009846876,11937.407009846876,11937.407009846876,0.0,0.0,0.0,31670.489571053604
2010-02-05,19752.674823719743,5403.542290986365,35478.208189457466,19752.674823719743,19752.674823719743,1156.1841805391075,1156.1841805391075,1156.1841805391075,1156.1841805391075,1156.1841805391075,1156.1841805391075,0.0,0.0,0.0,20908.85900425885
2010-02-06,19772.267086232758,-19282.9999767694,14033.081275570303,19772.267086232758,19772.267086232758,-22522.744569816616,-22522.744569816616,-22522.744569816616,-22522.744569816616,-22522.744569816616,-22522.744569816616,0.0,0.0,0.0,-2750.477483583858
2010-02-07,19791.859348745777,-1725.2354837207065,29621.289104782718,19791.859348745777,19791.859348745777,-6070.420039118032,-6070.420039118032,-6070.420039118032,-6070.420039118032,-6070.420039118032,-6070.420039118032,0.0,0.0,0.0,13721.439309627745
2010-02-08,19811.451614421832,6973.044421662364,37572.2559197405,19811.451614421832,19811.451614421832,2735.1972647143566,2735.1972647143566,2735.1972647143566,2735.1972647143566,2735.1972647143566,2735.1972647143566,0.0,0.0,0.0,22546.648879136188
2010-02-09,19831.043880097888,12274.21957412691,43391.04957254562,19831.043880097888,19831.043880097888,8061.494245088254,8061.494245088254,8061.494245088254,8061.494245088254,8061.494245088254,8061.494245088254,0.0,0.0,0.0,27892.53812518614
2010-02-10,19850.636145773944,8445.85144734408,39881.29513699046,19850.636145773944,19850.636145773944,4702.881908639342,4702.881908639342,4702.881908639342,4702.881908639342,4702.881908639342,4702.881908639342,0.0,0.0,0.0,24553.518054413285
2010-02-11,19870.22841145,16734.83490622767,47680.945254082435,19870.22841145,19870.22841145,11937.407009868446,11937.407009868446,11937.407009868446,11937.407009868446,11937.407009868446,11937.407009868446,0.0,0.0,0.0,31807.635421318446
2010-02-12,19889.820677126056,5014.538397683194,36816.740137706925,19889.820677126056,19889.820677126056,1156.1841805278066,1156.1841805278066,1156.1841805278066,1156.1841805278066,1156.1841805278066,1156.1841805278066,0.0,0.0,0.0,21046.00485765386
2010-02-13,19909.41294280211,-19237.357544951323,12604.989877901528,19909.41294280211,19909.41294280211,-22522.744569796727,-22522.744569796727,-22522.744569796727,-22522.744569796727,-22522.744569796727,-22522.744569796727,0.0,0.0,0.0,-2613.3316269946154
2010-02-14,19929.005208478167,-1851.7585298219512,28014.393080942253,19929.005208478167,19929.005208478167,-6070.420039102622,-6070.420039102622,-6070.420039102622,-6070.420039102622,-6070.420039102622,-6070.420039102622,0.0,0.0,0.0,13858.585169375547
2010-02-15,19948.597474154223,6227.47281772431,37723.39017477825,19948.597474154223,19948.597474154223,2735.1972647317425,2735.1972647317425,2735.1972647317425,2735.1972647317425,2735.1972647317425,2735.1972647317425,0.0,0.0,0.0,22683.794738885965
2010-02-16,19968.18973983028,12293.739096792697,43273.29279463602,19968.18973983028,19968.18973983028,8061.49424506953,8061.49424506953,8061.49424506953,8061.49424506953,8061.49424506953,8061.49424506953,0.0,0.0,0.0,28029.68398489981
2010-02-17,19987.782005506335,8763.453442194877,40280.01640096652,19987.782005506335,19987.782005506335,4702.8819086783105,4702.8819086783105,4702.8819086783105,4702.8819086783105,4702.8819086783105,4702.8819086783105,0.0,0.0,0.0,24690.663914184646
2010-02-18,20007.37427118239,16429.849211415083,48039.39190379704,20007.37427118239,20007.37427118239,11937.407009891584,11937.407009891584,11937.407009891584,11937.407009891584,11937.407009891584,11937.407009891584,0.0,0.0,0.0,31944.781281073974
2010-02-19,20026.966536858446,6813.20893886454,36541.41384482978,20026.966536858446,20026.966536858446,1156.1841805385334,1156.1841805385334,1156.1841805385334,1156.1841805385334,1156.1841805385334,1156.1841805385334,0.0,0.0,0.0,21183.15071739698
2010-02-20,20046.558802534502,-17831.683882070985,12990.79610910705,20046.558802534502,20046.558802534502,-22522.744569804825,-22522.744569804825,-22522.744569804825,-22522.744569804825,-22522.744569804825,-22522.744569804825,0.0,0.0,0.0,-2476.1857672703227
2010-02-21,20066.151068210558,-1558.7953357985589,29402.595166620544,20066.151068210558,20066.151068210558,-6070.420039090314,-6070.420039090314,-6070.420039090314,-6070.420039090314,-6070.420039090314,-6070.420039090314,0.0,0.0,0.0,13995.731029120245
2010-02-22,20085.743333886614,6524.188175952885,37056.68149326986,20085.743333886614,20085.743333886614,2735.1972647298244,2735.1972647298244,2735.1972647298244,2735.1972647298244,2735.1972647298244,2735.1972647298244,0.0,0.0,0.0,22820.94059861644
2010-02-23,20105.33559956267,12816.770945644574,44317.672481619,20105.33559956267,20105.33559956267,8061.494245071297,8061.494245071297,8061.494245071297,8061.494245071297,8061.494245071297,8061.494245071297,0.0,0.0,0.0,28166.82984463397
2010-02-24,20124.927865238722,10296.417518771163,40055.27468014351,20124.927865238722,20124.927865238722,4702.881908647638,4702.881908647638,4702.881908647638,4702.881908647638,4702.881908647638,4702.881908647638,0.0,0.0,0.0,24827.809773886358
2010-02-25,20144.520130914778,15682.519680985726,48475.82567030801,20144.520130914778,20144.520130914778,11937.407009884488,11937.407009884488,11937.407009884488,11937.407009884488,11937.407009884488,11937.407009884488,0.0,0.0,0.0,32081.927140799264
2010-02-26,20164.112396590837,4833.42926506285,37652.706484899136,20164.112396590837,20164.112396590837,1156.1841805516005,1156.1841805516005,1156.1841805516005,1156.1841805516005,1156.1841805516005,1156.1841805516005,0.0,0.0,0.0,21320.29657714244
2010-02-27,20183.704662266893,-16957.51870321196,13941.94695381088,20183.704662266893,20183.704662266893,-22522.744569812923,-22522.744569812923,-22522.744569812923,-22522.744569812923,-22522.744569812923,-22522.744569812923,0.0,0.0,0.0,-2339.03990754603
2010-02-28,20203.29692794295,-1130.3801481088992,29896.378008159372,20203.29692794295,20203.29692794295,-6070.420039071801,-6070.420039071801,-6070.420039071801,-6070.420039071801,-6070.420039071801,-6070.420039071801,0.0,0.0,0.0,14132.87688887115
2010-03-01,20222.889193619005,7330.586404339506,41008.426023079264,20222.889193619005,20222.889193619005,2735.1972647126568,2735.1972647126568,2735.1972647126568,2735.1972647126568,2735.1972647126568,2735.1972647126568,0.0,0.0,0.0,22958.08645833166
2010-03-02,20242.48145929506,12985.524594193535,43892.461380567554,20242.48145929506,20242.48145929506,8061.494245083461,8061.494245083461,8061.494245083461,8061.494245083461,8061.494245083461,8061.494245083461,0.0,0.0,0.0,28303.97570437852
2010-03-03,20262.0751366316,8437.561989531578,41850.488583495215,20262.0751366316,20262.0751366316,4702.881908659323,4702.881908659323,4702.881908659323,4702.881908659323,4702.881908659323,4702.881908659323,0.0,0.0,0.0,24964.957045290925
2010-03-04,20281.668813968143,16021.662954236226,48588.74520412658,20281.668813968143,20281.668813968143,11937.407009906057,11937.407009906057,11937.407009906057,11937.407009906057,11937.407009906057,11937.407009906057,0.0,0.0,0.0,32219.0758238742
2010-03-05,20301.262491304682,5022.03197305313,37855.12925293248,20301.262491304682,20301.262491304682,1156.1841805623249,1156.1841805623249,1156.1841805623249,1156.1841805623249,1156.1841805623249,1156.1841805623249,0.0,0.0,0.0,21457.44667186701
2010-03-06,20320.85616864122,-18117.16124327574,13685.255336368877,20320.85616864122,20320.85616864122,-22522.74456980828,-22522.74456980828,-22522.74456980828,-22522.74456980828,-22522.74456980828,-22522.74456980828,0.0,0.0,0.0,-2201.88840116706
2010-03-07,20340.44984597776,-472.59806641287736,30075.022929955023,20340.44984597776,20340.44984597776,-6070.420039099984,-6070.420039099984,-6070.420039099984,-6070.420039099984,-6070.420039099984,-6070.420039099984,0.0,0.0,0.0,14270.029806877777
2010-03-08,20360.043523314303,7544.433593045046,39196.71414735964,20360.043523314303,20360.043523314303,2735.197264720391,2735.197264720391,2735.197264720391,2735.197264720391,2735.197264720391,2735.197264720391,0.0,0.0,0.0,23095.240788034695
2010-03-09,20379.637200650843,12638.753391189235,44405.58928231836,20379.637200650843,20379.637200650843,8061.494245075123,8061.494245075123,8061.494245075123,8061.494245075123,8061.494245075123,8061.494245075123,0.0,0.0,0.0,28441.131445725965
2010-03-10,20399.230877987382,9131.669402338359,41109.66362997302,20399.230877987382,20399.230877987382,4702.881908671007,4702.881908671007,4702.881908671007,4702.881908671007,4702.881908671007,4702.881908671007,0.0,0.0,0.0,25102.11278665839
2010-03-11,20418.82455532392,15887.204090392283,47604.562696335895,20418.82455532392,20418.82455532392,11937.4070098703,11937.4070098703,11937.4070098703,11937.4070098703,11937.4070098703,11937.4070098703,0.0,0.0,0.0,32356.23156519422
2010-03-12,20438.418232660464,5783.268252653983,36170.47521134305,20438.418232660464,20438.418232660464,1156.1841806217878,1156.1841806217878,1156.1841806217878,1156.1841806217878,1156.1841806217878,1156.1841806217878,0.0,0.0,0.0,21594.602413282253
2010-03-13,20458.011909997003,-17942.102685244434,14717.412812670846,20458.011909997003,20458.011909997003,-22522.744569801132,-22522.744569801132,-22522.744569801132,-22522.744569801132,-22522.744569801132,-22522.744569801132,0.0,0.0,0.0,-2064.732659804129
2010-03-14,20477.605587333543,-1207.8080236125131,29527.939330763464,20477.605587333543,20477.605587333543,-6070.420039084574,-6070.420039084574,-6070.420039084574,-6070.420039084574,-6070.420039084574,-6070.420039084574,0.0,0.0,0.0,14407.18554824897
2010-03-15,20497.199264670086,8324.339235912257,38891.99807932522,20497.199264670086,20497.199264670086,2735.197264712879,2735.197264712879,2735.197264712879,2735.197264712879,2735.197264712879,2735.197264712879,0.0,0.0,0.0,23232.396529382964
2010-03-16,20516.792942006625,12697.851638488562,44500.142574893674,20516.792942006625,20516.792942006625,8061.494245087284,8061.494245087284,8061.494245087284,8061.494245087284,8061.494245087284,8061.494245087284,0.0,0.0,0.0,28578.28718709391
2010-03-17,20536.386619343168,9661.142426784118,40545.46236354389,20536.386619343168,20536.386619343168,4702.88190866762,4702.88190866762,4702.88190866762,4702.88190866762,4702.88190866762,4702.88190866762,0.0,0.0,0.0,25239.268528010787
2010-03-18,20555.980296679707,17163.26019261031,48805.827343884455,20555.980296679707,20555.980296679707,11937.407009893437,11937.407009893437,11937.407009893437,11937.407009893437,11937.407009893437,11937.407009893437,0.0,0.0,0.0,32493.387306573146
2010-03-19,20575.573974016246,6853.090319998717,37653.17156523095,20575.573974016246,20575.573974016246,1156.1841805861193,1156.1841805861193,1156.1841805861193,1156.1841805861193,1156.1841805861193,1156.1841805861193,0.0,0.0,0.0,21731.758154602365
2010-03-20,20595.16765135279,-19044.881047702765,13798.337330987108,20595.16765135279,20595.16765135279,-22522.74456980923,-22522.74456980923,-22522.74456980923,-22522.74456980923,-22522.74456980923,-22522.74456980923,0.0,0.0,0.0,-1927.5769184564415
2010-03-21,20614.76132868933,-1565.9997875032575,30156.74656758254,20614.76132868933,20614.76132868933,-6070.420039069164,-6070.420039069164,-6070.420039069164,-6070.420039069164,-6070.420039069164,-6070.420039069164,0.0,0.0,0.0,14544.341289620164
2010-03-22,20634.355006025868,9174.994697184899,39780.88580903424,20634.355006025868,20634.355006025868,2735.197264715018,2735.197264715018,2735.197264715018,2735.197264715018,2735.197264715018,2735.197264715018,0.0,0.0,0.0,23369.552270740885
2010-03-23,20653.948683362407,12627.883229125233,44040.850759932924,20653.948683362407,20653.948683362407,8061.494245068559,8061.494245068559,8061.494245068559,8061.494245068559,8061.494245068559,8061.494245068559,0.0,0.0,0.0,28715.442928430966
2010-03-24,20673.542360698946,9203.213301054326,40993.30631611053,20673.542360698946,20673.542360698946,4702.881908652023,4702.881908652023,4702.881908652023,4702.881908652023,4702.881908652023,4702.881908652023,0.0,0.0,0.0,25376.42426935097
2010-03-25,20693.136039082732,17111.168049691463,48207.98050488605,20693.136039082732,20693.136039082732,11937.407009886341,11937.407009886341,11937.407009886341,11937.407009886341,11937.407009886341,11937.407009886341,0.0,0.0,0.0,32630.543048969073
2010-03-26,20712.729717466522,6443.24398284184,36833.552275556125,20712.729717466522,20712.729717466522,1156.1841805504514,1156.1841805504514,1156.1841805504514,1156.1841805504514,1156.1841805504514,1156.1841805504514,0.0,0.0,0.0,21868.913898016974
2010-03-27,20732.323395850304,-17608.88433348311,13710.98639300047,20732.323395850304,20732.323395850304,-22522.744569802082,-22522.744569802082,-22522.744569802082,-22522.744569802082,-22522.744569802082,-22522.744569802082,0.0,0.0,0.0,-1790.4211739517777
2010-03-28,20751.917074234094,-1979.848739581059,30336.818092538288,20751.917074234094,20751.917074234094,-6070.420039094242,-6070.420039094242,-6070.420039094242,-6070.420039094242,-6070.420039094242,-6070.420039094242,0.0,0.0,0.0,14681.497035139852
2010-03-29,20771.51075261788,7988.731916721828,39681.237584864,20771.51075261788,20771.51075261788,2735.1972647131006,2735.1972647131006,2735.1972647131006,2735.1972647131006,2735.1972647131006,2735.1972647131006,0.0,0.0,0.0,23506.70801733098
2010-03-30,20791.10443100167,13914.440182639095,45513.311282425144,20791.10443100167,20791.10443100167,8061.4942450807175,8061.4942450807175,8061.4942450807175,8061.4942450807175,8061.4942450807175,8061.4942450807175,0.0,0.0,0.0,28852.598676082387
2010-03-31,20810.698109385452,9366.47524704626,40440.06699386577,20810.698109385452,20810.698109385452,4702.881908663705,4702.881908663705,4702.881908663705,4702.881908663705,4702.881908663705,4702.881908663705,0.0,0.0,0.0,25513.580018049157
2010-04-01,20830.29178776924,17279.863678121594,48375.26372642746,20830.29178776924,20830.29178776924,11937.407009880817,11937.407009880817,11937.407009880817,11937.407009880817,11937.407009880817,11937.407009880817,0.0,0.0,0.0,32767.69879765006
2010-04-02,20849.885466153028,6781.829743280208,37434.9324646636,20849.885466153028,20849.885466153028,1156.184180609911,1156.184180609911,1156.184180609911,1156.184180609911,1156.184180609911,1156.184180609911,0.0,0.0,0.0,22006.06964676294
2010-04-03,20869.479144536814,-17261.431663012394,14410.502342057367,20869.479144536814,20869.479144536814,-22522.744569812683,-22522.744569812683,-22522.744569812683,-22522.744569812683,-22522.744569812683,-22522.744569812683,0.0,0.0,0.0,-1653.2654252758693
2010-04-04,20889.0728229206,-1057.6996097378835,30104.73258066334,20889.0728229206,20889.0728229206,-6070.420039081936,-6070.420039081936,-6070.420039081936,-6070.420039081936,-6070.420039081936,-6070.420039081936,0.0,0.0,0.0,14818.652783838665
2010-04-05,20908.66650130439,7269.438085969787,39557.33381465675,20908.66650130439,20908.66650130439,2735.197264720835,2735.197264720835,2735.197264720835,2735.197264720835,2735.197264720835,2735.197264720835,0.0,0.0,0.0,23643.863766025224
2010-04-06,20928.260179688175,14691.096440517116,45193.34685059113,20928.260179688175,20928.260179688175,8061.494245092879,8061.494245092879,8061.494245092879,8061.494245092879,8061.494245092879,8061.494245092879,0.0,0.0,0.0,28989.754424781055
2010-04-07,20947.85385807196,10273.809335864586,42177.406088311465,20947.85385807196,20947.85385807196,4702.881908648109,4702.881908648109,4702.881908648109,4702.881908648109,4702.881908648109,4702.881908648109,0.0,0.0,0.0,25650.73576672007
2010-04-08,20967.447536455747,18203.02277555537,48501.9244640777,20967.447536455747,20967.447536455747,11937.40700987529,11937.40700987529,11937.40700987529,11937.40700987529,11937.40700987529,11937.40700987529,0.0,0.0,0.0,32904.85454633104
2010-04-09,20987.041214839533,6627.166443891369,38204.646502464944,20987.041214839533,20987.041214839533,1156.1841805742417,1156.1841805742417,1156.1841805742417,1156.1841805742417,1156.1841805742417,1156.1841805742417,0.0,0.0,0.0,22143.225395413774
2010-04-10,21006.634893223323,-17022.791752975605,14927.825475695785,21006.634893223323,21006.634893223323,-22522.744569805538,-22522.744569805538,-22522.744569805538,-22522.744569805538,-22522.744569805538,-22522.744569805538,0.0,0.0,0.0,-1516.109676582215
2010-04-11,21026.228571607106,-1846.4103030441258,30223.592401852555,21026.228571607106,21026.228571607106,-6070.4200390665255,-6070.4200390665255,-6070.4200390665255,-6070.4200390665255,-6070.4200390665255,-6070.4200390665255,0.0,0.0,0.0,14955.808532540581
2010-04-12,21045.822249990895,6181.378313322796,39373.35515954597,21045.822249990895,21045.822249990895,2735.197264718917,2735.197264718917,2735.197264718917,2735.197264718917,2735.197264718917,2735.197264718917,0.0,0.0,0.0,23781.019514709813
2010-04-13,21065.41592837468,13099.47831467559,44999.50210952563,21065.41592837468,21065.41592837468,8061.494245074154,8061.494245074154,8061.494245074154,8061.494245074154,8061.494245074154,8061.494245074154,0.0,0.0,0.0,29126.910173448836
2010-04-14,21085.00960675847,11085.035249280312,41080.38762250954,21085.00960675847,21085.00960675847,4702.881908672001,4702.881908672001,4702.881908672001,4702.881908672001,4702.881908672001,4702.881908672001,0.0,0.0,0.0,25787.89151543047
2010-04-15,21104.603285142253,17272.316424321416,48920.56071029054,21104.603285142253,21104.603285142253,11937.407009868195,11937.407009868195,11937.407009868195,11937.407009868195,11937.407009868195,11937.407009868195,0.0,0.0,0.0,33042.01029501045
2010-04-16,21124.196963526043,5816.290560574675,37632.62870239995,21124.196963526043,21124.196963526043,1156.1841805629415,1156.1841805629415,1156.1841805629415,1156.1841805629415,1156.1841805629415,1156.1841805629415,0.0,0.0,0.0,22280.381144088984
2010-04-17,21143.79071339059,-17346.63897916692,14218.353130291931,21143.79071339059,21143.79071339059,-22522.74456979839,-22522.74456979839,-22522.74456979839,-22522.74456979839,-22522.74456979839,-22522.74456979839,0.0,0.0,0.0,-1378.9538564077993
2010-04-18,21163.38446325514,-288.97217599754265,31390.607442998262,21163.38446325514,21163.38446325514,-6070.420039132097,-6070.420039132097,-6070.420039132097,-6070.420039132097,-6070.420039132097,-6070.420039132097,0.0,0.0,0.0,15092.964424123044
2010-04-19,21182.978213119688,7840.538545342315,40446.99588462345,21182.978213119688,21182.978213119688,2735.197264711401,2735.197264711401,2735.197264711401,2735.197264711401,2735.197264711401,2735.197264711401,0.0,0.0,0.0,23918.17547783109
2010-04-20,21202.571962984242,12961.61405648883,45308.34056658163,21202.571962984242,21202.571962984242,8061.494245086314,8061.494245086314,8061.494245086314,8061.494245086314,8061.494245086314,8061.494245086314,0.0,0.0,0.0,29264.066208070555
2010-04-21,21222.16571284879,9578.116636722929,42542.84467098731,21222.16571284879,21222.16571284879,4702.881908656405,4702.881908656405,4702.881908656405,4702.881908656405,4702.881908656405,4702.881908656405,0.0,0.0,0.0,25925.047621505197
2010-04-22,21241.759462713337,18231.39015814557,49881.460360015684,21241.759462713337,21241.759462713337,11937.407009861101,11937.407009861101,11937.407009861101,11937.407009861101,11937.407009861101,11937.407009861101,0.0,0.0,0.0,33179.166472574434
2010-04-23,21261.353212577887,6753.914708436897,38557.38990718949,21261.353212577887,21261.353212577887,1156.1841805272727,1156.1841805272727,1156.1841805272727,1156.1841805272727,1156.1841805272727,1156.1841805272727,0.0,0.0,0.0,22417.53739310516
2010-04-24,21280.94696244244,-17697.604603965243,15547.589308589744,21280.94696244244,21280.94696244244,-22522.74456980899,-22522.74456980899,-22522.74456980899,-22522.74456980899,-22522.74456980899,-22522.74456980899,0.0,0.0,0.0,-1241.7976073665523
2010-04-25,21300.540712306985,135.7287590391335,30352.97760392839,21300.540712306985,21300.540712306985,-6070.420039113584,-6070.420039113584,-6070.420039113584,-6070.420039113584,-6070.420039113584,-6070.420039113584,0.0,0.0,0.0,15230.120673193402
2010-04-26,21320.134462171533,8117.526655558419,39588.01016889423,21320.134462171533,21320.134462171533,2735.1972647191383,2735.1972647191383,2735.1972647191383,2735.1972647191383,2735.1972647191383,2735.1972647191383,0.0,0.0,0.0,24055.331726890672
2010-04-27,21339.728212036083,14557.840907642561,44310.77575053138,21339.728212036083,21339.728212036083,8061.494245077978,8061.494245077978,8061.494245077978,8061.494245077978,8061.494245077978,8061.494245077978,0.0,0.0,0.0,29401.22245711406
2010-04-28,21359.321961900634,10269.982735049989,42531.612129366746,21359.321961900634,21359.321961900634,4702.881908680296,4702.881908680296,4702.881908680296,4702.881908680296,4702.881908680296,4702.881908680296,0.0,0.0,0.0,26062.203870580932
2010-04-29,21378.915711765185,19009.486149449873,50221.86895566633,21378.915711765185,21378.915711765185,11937.407009884239,11937.407009884239,11937.407009884239,11937.407009884239,11937.407009884239,11937.407009884239,0.0,0.0,0.0,33316.32272164943
2010-04-30,21398.509461629732,6103.510616282092,39132.47898536233,21398.509461629732,21398.509461629732,1156.1841805623653,1156.1841805623653,1156.1841805623653,1156.1841805623653,1156.1841805623653,1156.1841805623653,0.0,0.0,0.0,22554.6936421921
2010-05-01,21418.103211494283,-17633.82505738626,14747.276253177908,21418.103211494283,21418.103211494283,-22522.74456980184,-22522.74456980184,-22522.74456980184,-22522.74456980184,-22522.74456980184,-22522.74456980184,0.0,0.0,0.0,-1104.6413583075555
2010-05-02,21437.69696135883,-1543.4966171824774,30946.301891008363,21437.69696135883,21437.69696135883,-6070.420039101276,-6070.420039101276,-6070.420039101276,-6070.420039101276,-6070.420039101276,-6070.420039101276,0.0,0.0,0.0,15367.276922257553
2010-05-03,21457.29071122338,8071.422323376596,39840.161897788275,21457.29071122338,21457.29071122338,2735.197264726873,2735.197264726873,2735.197264726873,2735.197264726873,2735.197264726873,2735.197264726873,0.0,0.0,0.0,24192.487975950255
2010-05-04,21476.884461087928,14008.334149492977,44507.05455258308,21476.884461087928,21476.884461087928,8061.494245090138,8061.494245090138,8061.494245090138,8061.494245090138,8061.494245090138,8061.494245090138,0.0,0.0,0.0,29538.378706178068
2010-05-05,21496.47821095248,9590.009893689867,42071.00112554882,21496.47821095248,21496.47821095248,4702.881908649625,4702.881908649625,4702.881908649625,4702.881908649625,4702.881908649625,4702.881908649625,0.0,0.0,0.0,26199.360119602105
2010-05-06,21516.071960817026,17093.0203432115,49840.49918862275,21516.071960817026,21516.071960817026,11937.40700984848,11937.40700984848,11937.40700984848,11937.40700984848,11937.40700984848,11937.40700984848,0.0,0.0,0.0,33453.47897066551
2010-05-07,21535.66571068158,6662.009147933067,38302.31220594457,21535.66571068158,21535.66571068158,1156.1841805510658,1156.1841805510658,1156.1841805510658,1156.1841805510658,1156.1841805510658,1156.1841805510658,0.0,0.0,0.0,22691.849891232647
2010-05-08,21555.25946054613,-16747.13665986651,15805.735843604709,21555.25946054613,21555.25946054613,-22522.74456980994,-22522.74456980994,-22522.74456980994,-22522.74456980994,-22522.74456980994,-22522.74456980994,0.0,0.0,0.0,-967.4851092638091
2010-05-09,21574.853236053725,-316.89060151881887,29996.72984990777,21574.853236053725,21574.853236053725,-6070.420039085865,-6070.420039085865,-6070.420039085865,-6070.420039085865,-6070.420039085865,-6070.420039085865,0.0,0.0,0.0,15504.43319696786
2010-05-10,21594.44701156132,8687.592219651371,40873.50837972462,21594.44701156132,21594.44701156132,2735.1972647097064,2735.1972647097064,2735.1972647097064,2735.1972647097064,2735.1972647097064,2735.1972647097064,0.0,0.0,0.0,24329.644276271025
2010-05-11,21614.040787068912,13930.439103982178,44341.098091040636,21614.040787068912,21614.040787068912,8061.494245091908,8061.494245091908,8061.494245091908,8061.494245091908,8061.494245091908,8061.494245091908,0.0,0.0,0.0,29675.53503216082
2010-05-12,21633.634562576506,10820.000803956249,41413.250408029686,21633.634562576506,21633.634562576506,4702.881908634027,4702.881908634027,4702.881908634027,4702.881908634027,4702.881908634027,4702.881908634027,0.0,0.0,0.0,26336.516471210532
2010-05-13,21653.2283380841,17621.68313003678,47702.357501660845,21653.2283380841,21653.2283380841,11937.407009870049,11937.407009870049,11937.407009870049,11937.407009870049,11937.407009870049,11937.407009870049,0.0,0.0,0.0,33590.63534795415
2010-05-14,21672.822113591697,7145.21075510747,39556.55502255677,21672.822113591697,21672.822113591697,1156.1841805397644,1156.1841805397644,1156.1841805397644,1156.1841805397644,1156.1841805397644,1156.1841805397644,0.0,0.0,0.0,22829.00629413146
2010-05-15,21692.41588909929,-16624.07072487802,15362.517705326432,21692.41588909929,21692.41588909929,-22522.74456979255,-22522.74456979255,-22522.74456979255,-22522.74456979255,-22522.74456979255,-22522.74456979255,0.0,0.0,0.0,-830.3286806932592
2010-05-16,21712.00966460689,-268.4009196810204,31109.990119387974,21712.00966460689,21712.00966460689,-6070.4200391140475,-6070.4200391140475,-6070.4200391140475,-6070.4200391140475,-6070.4200391140475,-6070.4200391140475,0.0,0.0,0.0,15641.589625492841
2010-05-17,21731.603440114483,8068.4585532163155,40631.571175410594,21731.603440114483,21731.603440114483,2735.1972647270923,2735.1972647270923,2735.1972647270923,2735.1972647270923,2735.1972647270923,2735.1972647270923,0.0,0.0,0.0,24466.800704841575
2010-05-18,21751.197215622076,13651.179539596798,46642.482639760674,21751.197215622076,21751.197215622076,8061.494245083572,8061.494245083572,8061.494245083572,8061.494245083572,8061.494245083572,8061.494245083572,0.0,0.0,0.0,29812.69146070565
2010-05-19,21770.79099112967,10006.616234924793,41895.99650317009,21770.79099112967,21770.79099112967,4702.881908672994,4702.881908672994,4702.881908672994,4702.881908672994,4702.881908672994,4702.881908672994,0.0,0.0,0.0,26473.672899802663
2010-05-20,21790.384766637268,17105.04741648506,49415.31203313172,21790.384766637268,21790.384766637268,11937.407009862955,11937.407009862955,11937.407009862955,11937.407009862955,11937.407009862955,11937.407009862955,0.0,0.0,0.0,33727.79177650022
2010-05-21,21809.97854214486,7131.434319740837,38443.67259567773,21809.97854214486,21809.97854214486,1156.1841805504905,1156.1841805504905,1156.1841805504905,1156.1841805504905,1156.1841805504905,1156.1841805504905,0.0,0.0,0.0,22966.162722695353
2010-05-22,21829.57231765246,-16075.187693468888,15937.007840341492,21829.57231765246,21829.57231765246,-22522.744569800645,-22522.744569800645,-22522.744569800645,-22522.744569800645,-22522.744569800645,-22522.744569800645,0.0,0.0,0.0,-693.1722521481861
2010-05-23,21849.166093160053,719.745899286843,32740.50020176882,21849.166093160053,21849.166093160053,-6070.420039101741,-6070.420039101741,-6070.420039101741,-6070.420039101741,-6070.420039101741,-6070.420039101741,0.0,0.0,0.0,15778.746054058312
2010-05-24,21868.759868667647,9043.526788778074,40558.81475689366,21868.759868667647,21868.759868667647,2735.197264725175,2735.197264725175,2735.197264725175,2735.197264725175,2735.197264725175,2735.197264725175,0.0,0.0,0.0,24603.95713339282
2010-05-25,21888.353644175244,14467.638310091623,46227.591023078785,21888.353644175244,21888.353644175244,8061.494245075237,8061.494245075237,8061.494245075237,8061.494245075237,8061.494245075237,8061.494245075237,0.0,0.0,0.0,29949.84788925048
2010-05-26,21907.947419682838,11074.491341018524,42398.417163550024,21907.947419682838,21907.947419682838,4702.88190864232,4702.88190864232,4702.88190864232,4702.88190864232,4702.88190864232,4702.88190864232,0.0,0.0,0.0,26610.82932832516
2010-05-27,21927.54119519043,18009.798668067797,49613.612551728766,21927.54119519043,21927.54119519043,11937.407009886092,11937.407009886092,11937.407009886092,11937.407009886092,11937.407009886092,11937.407009886092,0.0,0.0,0.0,33864.94820507652
2010-05-28,21947.134970698025,8417.103377364627,39186.28949783364,21947.134970698025,21947.134970698025,1156.1841805635572,1156.1841805635572,1156.1841805635572,1156.1841805635572,1156.1841805635572,1156.1841805635572,0.0,0.0,0.0,23103.31915126158
2010-05-29,21966.72874620562,-17043.243149655398,15419.769723305335,21966.72874620562,21966.72874620562,-22522.744569808747,-22522.744569808747,-22522.744569808747,-22522.744569808747,-22522.744569808747,-22522.744569808747,0.0,0.0,0.0,-556.0158236031275
2010-05-30,21986.322521713213,-510.8738968266119,31987.733344430842,21986.322521713213,21986.322521713213,-6070.420039083229,-6070.420039083229,-6070.420039083229,-6070.420039083229,-6070.420039083229,-6070.420039083229,0.0,0.0,0.0,15915.902482629983
2010-05-31,22005.91629722081,9032.90581227257,40785.45560750933,22005.91629722081,22005.91629722081,2735.1972647329103,2735.1972647329103,2735.1972647329103,2735.1972647329103,2735.1972647329103,2735.1972647329103,0.0,0.0,0.0,24741.11356195372
2010-06-01,22025.510086780505,14059.093910608495,46127.08496292442,22025.510086780505,22025.510086780505,8061.494245087113,8061.494245087113,8061.494245087113,8061.494245087113,8061.494245087113,8061.494245087113,0.0,0.0,0.0,30087.004331867618
2010-06-02,22045.103876340196,11193.443094786235,42766.080650289514,22045.103876340196,22045.103876340196,4702.881908654006,4702.881908654006,4702.881908654006,4702.881908654006,4702.881908654006,4702.881908654006,0.0,0.0,0.0,26747.985784994202
2010-06-03,22064.697665899886,17861.625618591042,49138.80461107125,22064.697665899886,22064.697665899886,11937.40700990766,11937.40700990766,11937.40700990766,11937.40700990766,11937.40700990766,11937.40700990766,0.0,0.0,0.0,34002.104675807546
2010-06-04,22084.29145545958,7310.7575094524445,38858.82485141657,22084.29145545958,22084.29145545958,1156.184180527888,1156.184180527888,1156.184180527888,1156.184180527888,1156.184180527888,1156.184180527888,0.0,0.0,0.0,23240.47563598747
2010-06-05,22103.88524501927,-15619.054732351113,15746.268910875935,22103.88524501927,22103.88524501927,-22522.744569816845,-22522.744569816845,-22522.744569816845,-22522.744569816845,-22522.744569816845,-22522.744569816845,0.0,0.0,0.0,-418.8593247975732
2010-06-06,22123.479034578962,-1541.2057636455738,31842.23110464606,22123.479034578962,22123.479034578962,-6070.420039111412,-6070.420039111412,-6070.420039111412,-6070.420039111412,-6070.420039111412,-6070.420039111412,0.0,0.0,0.0,16053.05899546755
2010-06-07,22143.072824138657,10203.570682191987,41682.88783043737,22143.072824138657,22143.072824138657,2735.197264715744,2735.197264715744,2735.197264715744,2735.197264715744,2735.197264715744,2735.197264715744,0.0,0.0,0.0,24878.270088854402
2010-06-08,22162.666613698348,14353.227515080454,45926.549864765606,22162.666613698348,22162.666613698348,8061.494245078778,8061.494245078778,8061.494245078778,8061.494245078778,8061.494245078778,8061.494245078778,0.0,0.0,0.0,30224.160858777126
2010-06-09,22182.260403258042,11684.233469180712,42967.728444473934,22182.260403258042,22182.260403258042,4702.881908665691,4702.881908665691,4702.881908665691,4702.881908665691,4702.881908665691,4702.881908665691,0.0,0.0,0.0,26885.142311923733
2010-06-10,22201.854192817733,18735.208811229113,50584.84478352648,22201.854192817733,22201.854192817733,11937.407009871902,11937.407009871902,11937.407009871902,11937.407009871902,11937.407009871902,11937.407009871902,0.0,0.0,0.0,34139.26120268964
2010-06-11,22221.447982377424,7626.564021517398,39202.38370071304,22221.447982377424,22221.447982377424,1156.1841806337459,1156.1841806337459,1156.1841806337459,1156.1841806337459,1156.1841806337459,1156.1841806337459,0.0,0.0,0.0,23377.63216301117
2010-06-12,22241.041771937118,-15038.939282183252,15367.585211038544,22241.041771937118,22241.041771937118,-22522.744569796952,-22522.744569796952,-22522.744569796952,-22522.744569796952,-22522.744569796952,-22522.744569796952,0.0,0.0,0.0,-281.7027978598344
2010-06-13,22260.635561496805,381.86674641963396,30866.943600542018,22260.635561496805,22260.635561496805,-6070.4200390959995,-6070.4200390959995,-6070.4200390959995,-6070.4200390959995,-6070.4200390959995,-6070.4200390959995,0.0,0.0,0.0,16190.215522400806
2010-06-14,22280.2293510565,9653.627198460275,40764.52829147446,22280.2293510565,22280.2293510565,2735.1972647138277,2735.1972647138277,2735.1972647138277,2735.1972647138277,2735.1972647138277,2735.1972647138277,0.0,0.0,0.0,25015.426615770328
2010-06-15,22299.823140616194,14187.323662979145,46025.928947096814,22299.823140616194,22299.823140616194,8061.494245090939,8061.494245090939,8061.494245090939,8061.494245090939,8061.494245090939,8061.494245090939,0.0,0.0,0.0,30361.317385707134
2010-06-16,22319.416930175885,11204.586585000325,44328.55758116085,22319.416930175885,22319.416930175885,4702.881908677376,4702.881908677376,4702.881908677376,4702.881908677376,4702.881908677376,4702.881908677376,0.0,0.0,0.0,27022.29883885326
2010-06-17,22339.010719735576,19801.316338155193,50804.94397031518,22339.010719735576,22339.010719735576,11937.40700989504,11937.40700989504,11937.40700989504,11937.40700989504,11937.40700989504,11937.40700989504,0.0,0.0,0.0,34276.417729630615
2010-06-18,22358.60450929527,8879.192797825219,39629.70842004025,22358.60450929527,22358.60450929527,1156.1841805980757,1156.1841805980757,1156.1841805980757,1156.1841805980757,1156.1841805980757,1156.1841805980757,0.0,0.0,0.0,23514.788689893347
2010-06-19,22378.19829885496,-15711.096277700592,14901.219553560615,22378.19829885496,22378.19829885496,-22522.744569805054,-22522.744569805054,-22522.744569805054,-22522.744569805054,-22522.744569805054,-22522.744569805054,0.0,0.0,0.0,-144.54627095009346
2010-06-20,22397.79208841465,1218.0512804647428,31600.1035628601,22397.79208841465,22397.79208841465,-6070.42003908059,-6070.42003908059,-6070.42003908059,-6070.42003908059,-6070.42003908059,-6070.42003908059,0.0,0.0,0.0,16327.372049334062
2010-06-21,22417.385877974342,10123.878916609034,40305.92681427372,22417.385877974342,22417.385877974342,2735.1972647312145,2735.1972647312145,2735.1972647312145,2735.1972647312145,2735.1972647312145,2735.1972647312145,0.0,0.0,0.0,25152.583142705556
2010-06-22,22436.979667534037,14594.429007555034,47226.52951653766,22436.979667534037,22436.979667534037,8061.494245072212,8061.494245072212,8061.494245072212,8061.494245072212,8061.494245072212,8061.494245072212,0.0,0.0,0.0,30498.47391260625
2010-06-23,22456.573457093727,10513.897433970733,43664.3705719344,22456.573457093727,22456.573457093727,4702.881908646705,4702.881908646705,4702.881908646705,4702.881908646705,4702.881908646705,4702.881908646705,0.0,0.0,0.0,27159.455365740432
2010-06-24,22476.167247154182,18429.838676122334,49741.1839407643,22476.167247154182,22476.167247154182,11937.407009887947,11937.407009887947,11937.407009887947,11937.407009887947,11937.407009887947,11937.407009887947,0.0,0.0,0.0,34413.57425704213
2010-06-25,22495.76103721464,7684.0405920659705,40046.51500239796,22495.76103721464,22495.76103721464,1156.184180586775,1156.184180586775,1156.184180586775,1156.184180586775,1156.184180586775,1156.184180586775,0.0,0.0,0.0,23651.945217801414
2010-06-26,22515.3548272751,-16612.25086763712,15955.365245754387,22515.3548272751,22515.3548272751,-22522.744569797906,-22522.744569797906,-22522.744569797906,-22522.744569797906,-22522.744569797906,-22522.744569797906,0.0,0.0,0.0,-7.389742522806046
2010-06-27,22534.948617335554,1087.3807952364477,32481.419644344365,22534.948617335554,22534.948617335554,-6070.42003906518,-6070.42003906518,-6070.42003906518,-6070.42003906518,-6070.42003906518,-6070.42003906518,0.0,0.0,0.0,16464.528578270372
2010-06-28,22554.542407396013,9574.89473031841,41275.61384919303,22554.542407396013,22554.542407396013,2735.1972647181033,2735.1972647181033,2735.1972647181033,2735.1972647181033,2735.1972647181033,2735.1972647181033,0.0,0.0,0.0,25289.739672114116
2010-06-29,22574.13619745647,14064.875906019306,46404.856783187424,22574.13619745647,22574.13619745647,8061.494245084374,8061.494245084374,8061.494245084374,8061.494245084374,8061.494245084374,8061.494245084374,0.0,0.0,0.0,30635.630442540845
2010-06-30,22593.729987516926,12051.252814163274,42666.59109101384,22593.729987516926,22593.729987516926,4702.88190865839,4702.88190865839,4702.88190865839,4702.88190865839,4702.88190865839,4702.88190865839,0.0,0.0,0.0,27296.611896175316
2010-07-01,22613.323777577385,18776.256709440062,50704.533726130125,22613.323777577385,22613.323777577385,11937.40700988085,11937.40700988085,11937.40700988085,11937.40700988085,11937.40700988085,11937.40700988085,0.0,0.0,0.0,34550.73078745823
2010-07-02,22632.917567637844,8085.01655198631,39781.55874907503,22632.917567637844,22632.917567637844,1156.184180575474,1156.184180575474,1156.184180575474,1156.184180575474,1156.184180575474,1156.184180575474,0.0,0.0,0.0,23789.101748213317
2010-07-03,22652.5113576983,-15455.333364143693,15373.045801327347,22652.5113576983,22652.5113576983,-22522.744569808507,-22522.744569808507,-22522.744569808507,-22522.744569808507,-22522.744569808507,-22522.744569808507,0.0,0.0,0.0,129.76678788979189
2010-07-04,22672.105147758757,-554.3191170572575,30952.51790292736,22672.105147758757,22672.105147758757,-6070.420039093365,-6070.420039093365,-6070.420039093365,-6070.420039093365,-6070.420039093365,-6070.420039093365,0.0,0.0,0.0,16601.68510866539
2010-07-05,22691.698937819216,10145.01835949537,41524.31371505381,22691.698937819216,22691.698937819216,2735.1972647161842,2735.1972647161842,2735.1972647161842,2735.1972647161842,2735.1972647161842,2735.1972647161842,0.0,0.0,0.0,25426.8962025354
2010-07-06,22711.29272787967,16041.060021329084,46430.98835292206,22711.29272787967,22711.29272787967,8061.494245076038,8061.494245076038,8061.494245076038,8061.494245076038,8061.494245076038,8061.494245076038,0.0,0.0,0.0,30772.78697295571
2010-07-07,22730.88651794013,12312.126563890875,43493.286724422054,22730.88651794013,22730.88651794013,4702.881908642792,4702.881908642792,4702.881908642792,4702.881908642792,4702.881908642792,4702.881908642792,0.0,0.0,0.0,27433.768426582923
2010-07-08,22750.480308000584,19358.522463986603,49358.72751305545,22750.480308000584,22750.480308000584,11937.407009873756,11937.407009873756,11937.407009873756,11937.407009873756,11937.407009873756,11937.407009873756,0.0,0.0,0.0,34687.88731787434
2010-07-09,22770.074098061043,8354.520122583768,40190.18797247889,22770.074098061043,22770.074098061043,1156.1841806105679,1156.1841806105679,1156.1841806105679,1156.1841806105679,1156.1841806105679,1156.1841806105679,0.0,0.0,0.0,23926.258278671612
2010-07-10,22789.667888121498,-16171.449341270692,15512.817333173167,22789.667888121498,22789.667888121498,-22522.74456980136,-22522.74456980136,-22522.74456980136,-22522.74456980136,-22522.74456980136,-22522.74456980136,0.0,0.0,0.0,266.9233183201359
2010-07-11,22809.261678181956,-17.92631938316494,31353.269923981235,22809.261678181956,22809.261678181956,-6070.420039077953,-6070.420039077953,-6070.420039077953,-6070.420039077953,-6070.420039077953,-6070.420039077953,0.0,0.0,0.0,16738.841639104
2010-07-12,22828.85546824241,10524.14978675392,41871.62064889859,22828.85546824241,22828.85546824241,2735.197264714269,2735.197264714269,2735.197264714269,2735.197264714269,2735.197264714269,2735.197264714269,0.0,0.0,0.0,25564.05273295668
2010-07-13,22848.44925830287,14587.150656214184,45691.92761172704,22848.44925830287,22848.44925830287,8061.494245067699,8061.494245067699,8061.494245067699,8061.494245067699,8061.494245067699,8061.494245067699,0.0,0.0,0.0,30909.943503370567
2010-07-14,22868.043048363328,11524.736349486162,42760.827110956736,22868.043048363328,22868.043048363328,4702.881908666685,4702.881908666685,4702.881908666685,4702.881908666685,4702.881908666685,4702.881908666685,0.0,0.0,0.0,27570.924957030013
2010-07-15,22887.636838423783,19833.62045594527,50696.7937316379,22887.636838423783,22887.636838423783,11937.4070098698,11937.4070098698,11937.4070098698,11937.4070098698,11937.4070098698,11937.4070098698,0.0,0.0,0.0,34825.043848293586
2010-07-16,22907.230631486585,7047.91507201977,39646.942976275925,22907.230631486585,22907.230631486585,1156.1841805748986,1156.1841805748986,1156.1841805748986,1156.1841805748986,1156.1841805748986,1156.1841805748986,0.0,0.0,0.0,24063.414812061485
2010-07-17,22926.824424549384,-15241.695532871512,16939.944319756665,22926.824424549384,22926.824424549384,-22522.744569809456,-22522.744569809456,-22522.744569809456,-22522.744569809456,-22522.744569809456,-22522.744569809456,0.0,0.0,0.0,404.0798547399281
2010-07-18,22946.41821761218,1654.8626643514615,31879.647008461772,22946.41821761218,22946.41821761218,-6070.420039065645,-6070.420039065645,-6070.420039065645,-6070.420039065645,-6070.420039065645,-6070.420039065645,0.0,0.0,0.0,16875.998178546535
2010-07-19,22966.012010674982,9717.025205808446,41755.20446552399,22966.012010674982,22966.012010674982,2735.1972647067532,2735.1972647067532,2735.1972647067532,2735.1972647067532,2735.1972647067532,2735.1972647067532,0.0,0.0,0.0,25701.209275381734
2010-07-20,22985.60580373778,15028.162391016536,46902.17212070168,22985.60580373778,22985.60580373778,8061.494245069472,8061.494245069472,8061.494245069472,8061.494245069472,8061.494245069472,8061.494245069472,0.0,0.0,0.0,31047.100048807253
2010-07-21,23005.199596800576,12051.429590569252,43128.556322069264,23005.199596800576,23005.199596800576,4702.881908651087,4702.881908651087,4702.881908651087,4702.881908651087,4702.881908651087,4702.881908651087,0.0,0.0,0.0,27708.081505451664
2010-07-22,23024.793389863375,18873.49690523085,51614.148702588864,23024.793389863375,23024.793389863375,11937.407009862703,11937.407009862703,11937.407009862703,11937.407009862703,11937.407009862703,11937.407009862703,0.0,0.0,0.0,34962.200399726076
2010-07-23,23044.387182926173,7423.52817316764,39014.74875637581,23044.387182926173,23044.387182926173,1156.1841805392294,1156.1841805392294,1156.1841805392294,1156.1841805392294,1156.1841805392294,1156.1841805392294,0.0,0.0,0.0,24200.571363465402
2010-07-24,23063.980975988976,-15615.039633157068,15972.453595748257,23063.980975988976,23063.980975988976,-22522.744569817558,-22522.744569817558,-22522.744569817558,-22522.744569817558,-22522.744569817558,-22522.744569817558,0.0,0.0,0.0,541.2364061714179
2010-07-25,23083.57476905177,1294.8889213963805,33527.7634346728,23083.57476905177,23083.57476905177,-6070.420039125008,-6070.420039125008,-6070.420039125008,-6070.420039125008,-6070.420039125008,-6070.420039125008,0.0,0.0,0.0,17013.154729926762
2010-07-26,23103.16856211457,10511.095178401238,42537.073878139236,23103.16856211457,23103.16856211457,2735.1972647144885,2735.1972647144885,2735.1972647144885,2735.1972647144885,2735.1972647144885,2735.1972647144885,0.0,0.0,0.0,25838.36582682906
2010-07-27,23122.76235517737,14425.84511127971,47124.52483432604,23122.76235517737,23122.76235517737,8061.4942450816325,8061.4942450816325,8061.4942450816325,8061.4942450816325,8061.4942450816325,8061.4942450816325,0.0,0.0,0.0,31184.256600259003
2010-07-28,23142.35614824017,12749.833544403577,42785.02726276268,23142.35614824017,23142.35614824017,4702.881908662771,4702.881908662771,4702.881908662771,4702.881908662771,4702.881908662771,4702.881908662771,0.0,0.0,0.0,27845.23805690294
2010-07-29,23161.949941302966,19323.043159345365,51493.05597571281,23161.949941302966,23161.949941302966,11937.407009884273,11937.407009884273,11937.407009884273,11937.407009884273,11937.407009884273,11937.407009884273,0.0,0.0,0.0,35099.35695118724
2010-07-30,23181.543734365765,8901.99738913845,40976.46969970225,23181.543734365765,23181.543734365765,1156.1841805743245,1156.1841805743245,1156.1841805743245,1156.1841805743245,1156.1841805743245,1156.1841805743245,0.0,0.0,0.0,24337.72791494009
2010-07-31,23201.137527428564,-15056.942370706336,16920.981893870976,23201.137527428564,23201.137527428564,-22522.74456981291,-22522.74456981291,-22522.74456981291,-22522.74456981291,-22522.74456981291,-22522.74456981291,0.0,0.0,0.0,678.3929576156552
2010-08-01,23220.731320491363,611.2342839503937,32142.685191312576,23220.731320491363,23220.731320491363,-6070.4200391127015,-6070.4200391127015,-6070.4200391127015,-6070.4200391127015,-6070.4200391127015,-6070.4200391127015,0.0,0.0,0.0,17150.31128137866
2010-08-02,23240.325113554158,11231.995231784354,42221.000017039725,23240.325113554158,23240.325113554158,2735.197264722225,2735.197264722225,2735.197264722225,2735.197264722225,2735.197264722225,2735.197264722225,0.0,0.0,0.0,25975.522378276382
2010-08-03,23259.91890661696,14652.41984612173,47552.29704638803,23259.91890661696,23259.91890661696,8061.494245093792,8061.494245093792,8061.494245093792,8061.494245093792,8061.494245093792,8061.494245093792,0.0,0.0,0.0,31321.413151710753
2010-08-04,23279.51269967976,13147.291341295075,44329.77391970823,23279.51269967976,23279.51269967976,4702.881908674457,4702.881908674457,4702.881908674457,4702.881908674457,4702.881908674457,4702.881908674457,0.0,0.0,0.0,27982.394608354218
2010-08-05,23299.106492742558,19716.234030320862,50712.057823761475,23299.106492742558,23299.106492742558,11937.407009850083,11937.407009850083,11937.407009850083,11937.407009850083,11937.407009850083,11937.407009850083,0.0,0.0,0.0,35236.51350259264
2010-08-06,23318.700285805357,7829.182955540372,40699.53629495213,23318.700285805357,23318.700285805357,1156.1841805630233,1156.1841805630233,1156.1841805630233,1156.1841805630233,1156.1841805630233,1156.1841805630233,0.0,0.0,0.0,24474.88446636838
2010-08-07,23338.29407886816,-15872.177695407698,16230.54824617252,23338.29407886816,23338.29407886816,-22522.744569805764,-22522.744569805764,-22522.744569805764,-22522.744569805764,-22522.744569805764,-22522.744569805764,0.0,0.0,0.0,815.5495090623954
2010-08-08,23357.887872565552,3015.948234635044,32887.470334978345,23357.887872565552,23357.887872565552,-6070.420039097293,-6070.420039097293,-6070.420039097293,-6070.420039097293,-6070.420039097293,-6070.420039097293,0.0,0.0,0.0,17287.46783346826
2010-08-09,23377.48166626295,9301.477998284072,42079.93192828235,23377.48166626295,23377.48166626295,2735.1972647203047,2735.1972647203047,2735.1972647203047,2735.1972647203047,2735.1972647203047,2735.1972647203047,0.0,0.0,0.0,26112.678930983253
2010-08-10,23397.075459960346,15122.036258466573,47277.04560837761,23397.075459960346,23397.075459960346,8061.494245095563,8061.494245095563,8061.494245095563,8061.494245095563,8061.494245095563,8061.494245095563,0.0,0.0,0.0,31458.56970505591
2010-08-11,23416.669253657743,13291.251776446341,44113.272942320975,23416.669253657743,23416.669253657743,4702.881908655992,4702.881908655992,4702.881908655992,4702.881908655992,4702.881908655992,4702.881908655992,0.0,0.0,0.0,28119.551162313735
2010-08-12,23436.26304735514,20154.107497311,51018.89841665674,23436.26304735514,23436.26304735514,11937.407009871653,11937.407009871653,11937.407009871653,11937.407009871653,11937.407009871653,11937.407009871653,0.0,0.0,0.0,35373.670057226795
2010-08-13,23455.856841052533,9178.705777361887,41441.762033209925,23455.856841052533,23455.856841052533,1156.1841805517229,1156.1841805517229,1156.1841805517229,1156.1841805517229,1156.1841805517229,1156.1841805517229,0.0,0.0,0.0,24612.041021604255
2010-08-14,23475.45063474993,-14241.445729579236,17888.12583133471,23475.45063474993,23475.45063474993,-22522.74456979862,-22522.74456979862,-22522.74456979862,-22522.74456979862,-22522.74456979862,-22522.74456979862,0.0,0.0,0.0,952.7060649513114
2010-08-15,23495.04442844733,1766.1232610964782,33614.175023772994,23495.04442844733,23495.04442844733,-6070.420039125475,-6070.420039125475,-6070.420039125475,-6070.420039125475,-6070.420039125475,-6070.420039125475,0.0,0.0,0.0,17424.624389321856
2010-08-16,23514.638222144724,9985.521767671904,42796.33829368391,23514.638222144724,23514.638222144724,2735.1972647224443,2735.1972647224443,2735.1972647224443,2735.1972647224443,2735.1972647224443,2735.1972647224443,0.0,0.0,0.0,26249.835486867167
2010-08-17,23534.23201584212,16038.193002890559,47196.965663768526,23534.23201584212,23534.23201584212,8061.494245087228,8061.494245087228,8061.494245087228,8061.494245087228,8061.494245087228,8061.494245087228,0.0,0.0,0.0,31595.726260929347
2010-08-18,23553.825809539518,11064.759356250173,43357.070993209614,23553.825809539518,23553.825809539518,4702.881908667677,4702.881908667677,4702.881908667677,4702.881908667677,4702.881908667677,4702.881908667677,0.0,0.0,0.0,28256.707718207195
2010-08-19,23573.419603236915,20228.63496013962,51237.15189728713,23573.419603236915,23573.419603236915,11937.407009864559,11937.407009864559,11937.407009864559,11937.407009864559,11937.407009864559,11937.407009864559,0.0,0.0,0.0,35510.826613101475
2010-08-20,23593.01339693431,8537.571980664181,41575.56968451382,23593.01339693431,23593.01339693431,1156.1841805160532,1156.1841805160532,1156.1841805160532,1156.1841805160532,1156.1841805160532,1156.1841805160532,0.0,0.0,0.0,24749.197577450366
2010-08-21,23612.607190631705,-13553.111723027676,17883.371881829862,23612.607190631705,23612.607190631705,-22522.744569793973,-22522.744569793973,-22522.744569793973,-22522.744569793973,-22522.744569793973,-22522.744569793973,0.0,0.0,0.0,1089.8626208377318
2010-08-22,23632.2009843291,2065.915558907233,32994.03658699454,23632.2009843291,23632.2009843291,-6070.420039110066,-6070.420039110066,-6070.420039110066,-6070.420039110066,-6070.420039110066,-6070.420039110066,0.0,0.0,0.0,17561.780945219034
2010-08-23,23651.794778026502,9622.37631882853,42997.5302408187,23651.794778026502,23651.794778026502,2735.197264720528,2735.197264720528,2735.197264720528,2735.197264720528,2735.197264720528,2735.197264720528,0.0,0.0,0.0,26386.99204274703
2010-08-24,23671.388571723895,16136.547577671581,48493.632155802654,23671.388571723895,23671.388571723895,8061.494245078889,8061.494245078889,8061.494245078889,8061.494245078889,8061.494245078889,8061.494245078889,0.0,0.0,0.0,31732.882816802783
2010-08-25,23690.982365421292,11902.11619804295,43617.26522290745,23690.982365421292,23690.982365421292,4702.881908679362,4702.881908679362,4702.881908679362,4702.881908679362,4702.881908679362,4702.881908679362,0.0,0.0,0.0,28393.864274100655
2010-08-26,23710.57615911869,20629.78132890969,52218.28744173207,23710.57615911869,23710.57615911869,11937.407009887696,11937.407009887696,11937.407009887696,11937.407009887696,11937.407009887696,11937.407009887696,0.0,0.0,0.0,35647.98316900639
2010-08-27,23730.169952816086,7596.678628562109,39284.11855638125,23730.169952816086,23730.169952816086,1156.1841805755137,1156.1841805755137,1156.1841805755137,1156.1841805755137,1156.1841805755137,1156.1841805755137,0.0,0.0,0.0,24886.3541333916
2010-08-28,23749.763746513483,-13333.42745897826,17124.089872088014,23749.763746513483,23749.763746513483,-22522.744569819817,-22522.744569819817,-22522.744569819817,-22522.744569819817,-22522.744569819817,-22522.744569819817,0.0,0.0,0.0,1227.019176693666
2010-08-29,23769.357540210876,2232.916507400309,33711.96549244068,23769.357540210876,23769.357540210876,-6070.4200390946535,-6070.4200390946535,-6070.4200390946535,-6070.4200390946535,-6070.4200390946535,-6070.4200390946535,0.0,0.0,0.0,17698.937501116223
2010-08-30,23788.951333908273,10750.110929504,43884.06165579711,23788.951333908273,23788.951333908273,2735.1972647282614,2735.1972647282614,2735.1972647282614,2735.1972647282614,2735.1972647282614,2735.1972647282614,0.0,0.0,0.0,26524.148598636533
2010-08-31,23808.545124480024,16837.46459450979,48282.205896460815,23808.545124480024,23808.545124480024,8061.494245091053,8061.494245091053,8061.494245091053,8061.494245091053,8061.494245091053,8061.494245091053,0.0,0.0,0.0,31870.039369571077
2010-09-01,23828.13891505177,12769.13368882572,43956.3688982672,23828.13891505177,23828.13891505177,4702.88190864869,4702.88190864869,4702.88190864869,4702.88190864869,4702.88190864869,4702.88190864869,0.0,0.0,0.0,28531.020823700463
2010-09-02,23847.732705623523,19823.470312971265,52207.51718148297,23847.732705623523,23847.732705623523,11937.4070098806,11937.4070098806,11937.4070098806,11937.4070098806,11937.4070098806,11937.4070098806,0.0,0.0,0.0,35785.13971550412
2010-09-03,23867.326496195266,9805.196901652163,40643.552802237726,23867.326496195266,23867.326496195266,1156.1841805398456,1156.1841805398456,1156.1841805398456,1156.1841805398456,1156.1841805398456,1156.1841805398456,0.0,0.0,0.0,25023.510676735114
2010-09-04,23886.920286767017,-15128.58504948238,17830.65850962587,23886.920286767017,23886.920286767017,-22522.744569812665,-22522.744569812665,-22522.744569812665,-22522.744569812665,-22522.744569812665,-22522.744569812665,0.0,0.0,0.0,1364.1757169543525
2010-09-05,23906.51407733877,952.6142072126237,32967.869127192316,23906.51407733877,23906.51407733877,-6070.420039079244,-6070.420039079244,-6070.420039079244,-6070.420039079244,-6070.420039079244,-6070.420039079244,0.0,0.0,0.0,17836.094038259525
2010-09-06,23926.107867910516,11137.328148539735,42893.86119231391,23926.107867910516,23926.107867910516,2735.197264711096,2735.197264711096,2735.197264711096,2735.197264711096,2735.197264711096,2735.197264711096,0.0,0.0,0.0,26661.305132621612
2010-09-07,23945.701658482263,15941.530647928903,48433.45327081961,23945.701658482263,23945.701658482263,8061.494245072325,8061.494245072325,8061.494245072325,8061.494245072325,8061.494245072325,8061.494245072325,0.0,0.0,0.0,32007.195903554588
2010-09-08,23965.29544905401,13915.803990341912,44034.414728433265,23965.29544905401,23965.29544905401,4702.881908687657,4702.881908687657,4702.881908687657,4702.881908687657,4702.881908687657,4702.881908687657,0.0,0.0,0.0,28668.177357741668
2010-09-09,23984.88923962576,19655.816867978523,52502.79116906454,23984.88923962576,23984.88923962576,11937.407009873506,11937.407009873506,11937.407009873506,11937.407009873506,11937.407009873506,11937.407009873506,0.0,0.0,0.0,35922.29624949927
2010-09-10,24004.48303019751,10232.78405462794,40781.35029100147,24004.48303019751,24004.48303019751,1156.1841805285442,1156.1841805285442,1156.1841805285442,1156.1841805285442,1156.1841805285442,1156.1841805285442,0.0,0.0,0.0,25160.667210726053
2010-09-11,24024.076820769256,-12843.890192357112,17690.26140257109,24024.076820769256,24024.076820769256,-22522.744569792776,-22522.744569792776,-22522.744569792776,-22522.744569792776,-22522.744569792776,-22522.744569792776,0.0,0.0,0.0,1501.3322509764803
2010-09-12,24043.670611341004,2666.475698668263,32921.46707109976,24043.670611341004,24043.670611341004,-6070.420039107429,-6070.420039107429,-6070.420039107429,-6070.420039107429,-6070.420039107429,-6070.420039107429,0.0,0.0,0.0,17973.250572233574
2010-09-13,24063.264401912755,10508.419551110466,43060.92842071078,24063.264401912755,24063.264401912755,2735.1972647188304,2735.1972647188304,2735.1972647188304,2735.1972647188304,2735.1972647188304,2735.1972647188304,0.0,0.0,0.0,26798.461666631585
2010-09-14,24082.858192484502,16239.13249877537,49348.57189073357,24082.858192484502,24082.858192484502,8061.494245094593,8061.494245094593,8061.494245094593,8061.494245094593,8061.494245094593,8061.494245094593,0.0,0.0,0.0,32144.352437579095
2010-09-15,24102.451983056253,13703.56644223089,45465.09809051255,24102.451983056253,24102.451983056253,4702.881908672059,4702.881908672059,4702.881908672059,4702.881908672059,4702.881908672059,4702.881908672059,0.0,0.0,0.0,28805.33389172831
2010-09-16,24122.045773628,20804.99210119355,52068.59318210633,24122.045773628,24122.045773628,11937.407009866412,11937.407009866412,11937.407009866412,11937.407009866412,11937.407009866412,11937.407009866412,0.0,0.0,0.0,36059.45278349442
2010-09-17,24141.63956419975,9227.5926251757,41158.3816216199,24141.63956419975,24141.63956419975,1156.184180539271,1156.184180539271,1156.184180539271,1156.184180539271,1156.184180539271,1156.184180539271,0.0,0.0,0.0,25297.823744739024
2010-09-18,24161.233354771495,-13129.811589552106,17795.112510604005,24161.233354771495,24161.233354771495,-22522.744569800878,-22522.744569800878,-22522.744569800878,-22522.744569800878,-22522.744569800878,-22522.744569800878,0.0,0.0,0.0,1638.4887849706174
2010-09-19,24180.827145343246,1542.85127537635,33098.01383326071,24180.827145343246,24180.827145343246,-6070.420039088914,-6070.420039088914,-6070.420039088914,-6070.420039088914,-6070.420039088914,-6070.420039088914,0.0,0.0,0.0,18110.407106254333
2010-09-20,24200.420935914997,10313.562608746044,42864.355149568444,24200.420935914997,24200.420935914997,2735.1972647265648,2735.1972647265648,2735.1972647265648,2735.1972647265648,2735.1972647265648,2735.1972647265648,0.0,0.0,0.0,26935.618200641562
2010-09-21,24220.014726486745,15501.11490353218,47556.16985542712,24220.014726486745,24220.014726486745,8061.494245065761,8061.494245065761,8061.494245065761,8061.494245065761,8061.494245065761,8061.494245065761,0.0,0.0,0.0,32281.508971552506
2010-09-22,24231.860480786978,13976.051972711273,45231.95726529437,24231.860480786978,24231.860480786978,4702.881908641388,4702.881908641388,4702.881908641388,4702.881908641388,4702.881908641388,4702.881908641388,0.0,0.0,0.0,28934.742389428364
2010-09-23,24243.70623508721,21478.056449349668,52195.28935596288,24243.70623508721,24243.70623508721,11937.40700988955,11937.40700988955,11937.40700988955,11937.40700988955,11937.40700988955,11937.40700988955,0.0,0.0,0.0,36181.11324497676
2010-09-24,24255.551989387444,8726.214663506802,41534.9348504664,24255.551989387444,24255.551989387444,1156.1841805987326,1156.1841805987326,1156.1841805987326,1156.1841805987326,1156.1841805987326,1156.1841805987326,0.0,0.0,0.0,25411.736169986176
2010-09-25,24267.397743687678,-13861.468849986628,18123.498028647202,24267.397743687678,24267.397743687678,-22522.74456979373,-22522.74456979373,-22522.74456979373,-22522.74456979373,-22522.74456979373,-22522.74456979373,0.0,0.0,0.0,1744.6531738939484
2010-09-26,24279.243497987914,2960.9727849775454,33865.4187971868,24279.243497987914,24279.243497987914,-6070.420039076607,-6070.420039076607,-6070.420039076607,-6070.420039076607,-6070.420039076607,-6070.420039076607,0.0,0.0,0.0,18208.823458911305
2010-09-27,24291.089252288148,10966.137416284628,42403.938889102195,24291.089252288148,24291.089252288148,2735.1972647343,2735.1972647343,2735.1972647343,2735.1972647343,2735.1972647343,2735.1972647343,0.0,0.0,0.0,27026.286517022447
2010-09-28,24302.93500658838,16566.010558310907,47440.03964760205,24302.93500658838,24302.93500658838,8061.494245088029,8061.494245088029,8061.494245088029,8061.494245088029,8061.494245088029,8061.494245088029,0.0,0.0,0.0,32364.42925167641
2010-09-29,24314.780760888618,13598.29120016736,46177.90996901308,24314.780760888618,24314.780760888618,4702.881908653072,4702.881908653072,4702.881908653072,4702.881908653072,4702.881908653072,4702.881908653072,0.0,0.0,0.0,29017.66266954169
2010-09-30,24326.62651518885,21159.654464179916,51678.458913064715,24326.62651518885,24326.62651518885,11937.407009853792,11937.407009853792,11937.407009853792,11937.407009853792,11937.407009853792,11937.407009853792,0.0,0.0,0.0,36264.03352504264
2010-10-01,24338.472269489088,9695.950316430582,41376.04829087709,24338.472269489088,24338.472269489088,1156.1841805874312,1156.1841805874312,1156.1841805874312,1156.1841805874312,1156.1841805874312,1156.1841805874312,0.0,0.0,0.0,25494.65645007652
2010-10-02,24350.31802378932,-13619.246107024472,17474.91022656354,24350.31802378932,24350.31802378932,-22522.744569817074,-22522.744569817074,-22522.744569817074,-22522.744569817074,-22522.744569817074,-22522.744569817074,0.0,0.0,0.0,1827.573453972247
2010-10-03,24362.163778089554,1864.226162264321,35348.693351662325,24362.163778089554,24362.163778089554,-6070.42003910479,-6070.42003910479,-6070.42003910479,-6070.42003910479,-6070.42003910479,-6070.42003910479,0.0,0.0,0.0,18291.743738984766
2010-10-04,24374.009532389788,10860.63170416188,42265.314589509035,24374.009532389788,24374.009532389788,2735.1972647171337,2735.1972647171337,2735.1972647171337,2735.1972647171337,2735.1972647171337,2735.1972647171337,0.0,0.0,0.0,27109.206797106923
2010-10-05,24385.855286690025,16748.91575233061,48335.56147590184,24385.855286690025,24385.855286690025,8061.494245079692,8061.494245079692,8061.494245079692,8061.494245079692,8061.494245079692,8061.494245079692,0.0,0.0,0.0,32447.349531769716
2010-10-06,24397.701040990258,14466.817020166796,45207.63651560714,24397.701040990258,24397.701040990258,4702.881908637476,4702.881908637476,4702.881908637476,4702.881908637476,4702.881908637476,4702.881908637476,0.0,0.0,0.0,29100.582949627733
2010-10-07,24409.54679529049,20308.989479553617,51783.60317227946,24409.54679529049,24409.54679529049,11937.407009875362,11937.407009875362,11937.407009875362,11937.407009875362,11937.407009875362,11937.407009875362,0.0,0.0,0.0,36346.95380516585
2010-10-08,24421.392549590724,9794.70161306484,41220.68895303346,24421.392549590724,24421.392549590724,1156.1841806225248,1156.1841806225248,1156.1841806225248,1156.1841806225248,1156.1841806225248,1156.1841806225248,0.0,0.0,0.0,25577.576730213248
2010-10-09,24433.23830389096,-15039.971966962816,16360.840093431307,24433.23830389096,24433.23830389096,-22522.74456979718,-22522.74456979718,-22522.74456979718,-22522.74456979718,-22522.74456979718,-22522.74456979718,0.0,0.0,0.0,1910.4937340937795
2010-10-10,24445.084058191198,2269.9280454263885,34296.125107038555,24445.084058191198,24445.084058191198,-6070.420039089379,-6070.420039089379,-6070.420039089379,-6070.420039089379,-6070.420039089379,-6070.420039089379,0.0,0.0,0.0,18374.66401910182
2010-10-11,24456.92981249143,11498.949835849864,42931.768462742504,24456.92981249143,24456.92981249143,2735.1972647192724,2735.1972647192724,2735.1972647192724,2735.1972647192724,2735.1972647192724,2735.1972647192724,0.0,0.0,0.0,27192.127077210702
2010-10-12,24468.775566791664,17280.11699057486,49838.46530860956,24468.775566791664,24468.775566791664,8061.494245071356,8061.494245071356,8061.494245071356,8061.494245071356,8061.494245071356,8061.494245071356,0.0,0.0,0.0,32530.26981186302
2010-10-13,24480.621321091898,12817.050271397366,45631.23495636179,24480.621321091898,24480.621321091898,4702.881908676441,4702.881908676441,4702.881908676441,4702.881908676441,4702.881908676441,4702.881908676441,0.0,0.0,0.0,29183.50322976834
2010-10-14,24492.467075392135,21201.184557447225,52295.00725134046,24492.467075392135,24492.467075392135,11937.407009898498,11937.407009898498,11937.407009898498,11937.407009898498,11937.407009898498,11937.407009898498,0.0,0.0,0.0,36429.874085290634
2010-10-15,24483.224346825293,10082.264561360214,42059.857712960365,24483.224346825293,24483.224346825293,1156.184180586855,1156.184180586855,1156.184180586855,1156.184180586855,1156.184180586855,1156.184180586855,0.0,0.0,0.0,25639.408527412146
2010-10-16,24473.98161825845,-13808.26986687209,17869.264439055176,24473.98161825845,24473.98161825845,-22522.744569805276,-22522.744569805276,-22522.744569805276,-22522.744569805276,-22522.744569805276,-22522.744569805276,0.0,0.0,0.0,1951.2370484531748
2010-10-17,24464.73888969161,2389.585783173851,34154.46921613318,24464.73888969161,24464.73888969161,-6070.420039077073,-6070.420039077073,-6070.420039077073,-6070.420039077073,-6070.420039077073,-6070.420039077073,0.0,0.0,0.0,18394.318850614538
2010-10-18,24455.496161124767,11686.814955973161,42438.17936042321,24455.496161124767,24455.496161124767,2735.197264717355,2735.197264717355,2735.197264717355,2735.197264717355,2735.197264717355,2735.197264717355,0.0,0.0,0.0,27190.693425842124
2010-10-19,24446.253432557925,16300.758177893806,47552.59306533794,24446.253432557925,24446.253432557925,8061.494245073126,8061.494245073126,8061.494245073126,8061.494245073126,8061.494245073126,8061.494245073126,0.0,0.0,0.0,32507.74767763105
2010-10-20,24437.010703991087,13821.756550709559,45549.87147382687,24437.010703991087,24437.010703991087,4702.88190864577,4702.88190864577,4702.88190864577,4702.88190864577,4702.88190864577,4702.88190864577,0.0,0.0,0.0,29139.892612636857
2010-10-21,24427.76797542424,20161.589628700665,52832.64086125466,24427.76797542424,24427.76797542424,11937.407009891404,11937.407009891404,11937.407009891404,11937.407009891404,11937.407009891404,11937.407009891404,0.0,0.0,0.0,36365.17498531564
2010-10-22,24418.5252468574,10664.554695794632,41448.748654814,24418.5252468574,24418.5252468574,1156.1841805755548,1156.1841805755548,1156.1841805755548,1156.1841805755548,1156.1841805755548,1156.1841805755548,0.0,0.0,0.0,25574.709427432954
2010-10-23,24409.28251829056,-14356.535145180023,18797.90314572106,24409.28251829056,24409.28251829056,-22522.744569813378,-22522.744569813378,-22522.744569813378,-22522.744569813378,-22522.744569813378,-22522.744569813378,0.0,0.0,0.0,1886.5379484771838
2010-10-24,24400.03978972372,2636.408982319945,34015.465513622374,24400.03978972372,24400.03978972372,-6070.420039058559,-6070.420039058559,-6070.420039058559,-6070.420039058559,-6070.420039058559,-6070.420039058559,0.0,0.0,0.0,18329.61975066516
2010-10-25,24390.797061156878,12213.484253085422,42623.56469724964,24390.797061156878,24390.797061156878,2735.197264719492,2735.197264719492,2735.197264719492,2735.197264719492,2735.197264719492,2735.197264719492,0.0,0.0,0.0,27125.99432587637
2010-10-26,24381.554332590036,17686.065396639726,47905.498343286956,24381.554332590036,24381.554332590036,8061.494245085286,8061.494245085286,8061.494245085286,8061.494245085286,8061.494245085286,8061.494245085286,0.0,0.0,0.0,32443.048577675323
2010-10-27,24372.311604023194,13150.335586485444,45509.98868067648,24372.311604023194,24372.311604023194,4702.881908657455,4702.881908657455,4702.881908657455,4702.881908657455,4702.881908657455,4702.881908657455,0.0,0.0,0.0,29075.19351268065
2010-10-28,24363.068875456353,19499.121128054787,51712.55850776848,24363.068875456353,24363.068875456353,11937.407009885877,11937.407009885877,11937.407009885877,11937.407009885877,11937.407009885877,11937.407009885877,0.0,0.0,0.0,36300.47588534223
2010-10-29,24353.826146889514,10099.032672364832,41853.08222263117,24353.826146889514,24353.826146889514,1156.1841805398867,1156.1841805398867,1156.1841805398867,1156.1841805398867,1156.1841805398867,1156.1841805398867,0.0,0.0,0.0,25510.0103274294
2010-10-30,24344.58341832267,-15191.532318248075,16623.041239963233,24344.58341832267,24344.58341832267,-22522.74456980873,-22522.74456980873,-22522.74456980873,-22522.74456980873,-22522.74456980873,-22522.74456980873,0.0,0.0,0.0,1821.8388485139403
2010-10-31,24335.340689755827,2659.87270130747,34998.61442383043,24335.340689755827,24335.340689755827,-6070.420039086742,-6070.420039086742,-6070.420039086742,-6070.420039086742,-6070.420039086742,-6070.420039086742,0.0,0.0,0.0,18264.920650669086
2010-11-01,24326.09796118899,11336.521547324517,43508.33549096821,24326.09796118899,24326.09796118899,2735.197264717574,2735.197264717574,2735.197264717574,2735.197264717574,2735.197264717574,2735.197264717574,0.0,0.0,0.0,27061.295225906564
2010-11-02,24316.855232622147,16651.23140926454,47625.34104813581,24316.855232622147,24316.855232622147,8061.494245076952,8061.494245076952,8061.494245076952,8061.494245076952,8061.494245076952,8061.494245076952,0.0,0.0,0.0,32378.3494776991
2010-11-03,24307.612504055305,12790.636586898845,45432.138897531506,24307.612504055305,24307.612504055305,4702.881908669139,4702.881908669139,4702.881908669139,4702.881908669139,4702.881908669139,4702.881908669139,0.0,0.0,0.0,29010.494412724445
2010-11-04,24298.369775488467,20440.64768615238,51929.46350418936,24298.369775488467,24298.369775488467,11937.407009851686,11937.407009851686,11937.407009851686,11937.407009851686,11937.407009851686,11937.407009851686,0.0,0.0,0.0,36235.77678534015
2010-11-05,24289.12704692162,9689.831571430128,41065.158801009056,24289.12704692162,24289.12704692162,1156.1841805993477,1156.1841805993477,1156.1841805993477,1156.1841805993477,1156.1841805993477,1156.1841805993477,0.0,0.0,0.0,25445.311227520968
2010-11-06,24279.88431835478,-12850.377167712842,17227.643253822655,24279.88431835478,24279.88431835478,-22522.744569801587,-22522.744569801587,-22522.744569801587,-22522.744569801587,-22522.744569801587,-22522.744569801587,0.0,0.0,0.0,1757.1397485531925
2010-11-07,24247.344485638405,2995.551960984717,34301.73574366634,24247.344485638405,24247.344485638405,-6070.42003910872,-6070.42003910872,-6070.42003910872,-6070.42003910872,-6070.42003910872,-6070.42003910872,0.0,0.0,0.0,18176.924446529687
2010-11-08,24214.804652922026,11219.545646487606,42924.16472248947,24214.804652922026,24214.804652922026,2735.1972647156576,2735.1972647156576,2735.1972647156576,2735.1972647156576,2735.1972647156576,2735.1972647156576,0.0,0.0,0.0,26950.001917637685
2010-11-09,24182.264820205648,17192.81207868539,47981.77518697784,24182.264820205648,24182.264820205648,8061.494245089112,8061.494245089112,8061.494245089112,8061.494245089112,8061.494245089112,8061.494245089112,0.0,0.0,0.0,32243.759065294762
2010-11-10,24149.724987489273,13101.275074389878,43705.12245064997,24149.724987489273,24149.724987489273,4702.8819086657495,4702.8819086657495,4702.8819086657495,4702.8819086657495,4702.8819086657495,4702.8819086657495,0.0,0.0,0.0,28852.606896155023
2010-11-11,24117.1851547729,19042.476432497657,51223.837098642296,24117.1851547729,24117.1851547729,11937.407009873255,11937.407009873255,11937.407009873255,11937.407009873255,11937.407009873255,11937.407009873255,0.0,0.0,0.0,36054.59216464615
2010-11-12,24084.64532205652,8967.442682437766,40385.82735129383,24084.64532205652,24084.64532205652,1156.18418056368,1156.18418056368,1156.18418056368,1156.18418056368,1156.18418056368,1156.18418056368,0.0,0.0,0.0,25240.8295026202
2010-11-13,24052.10548934014,-13090.45036033912,17680.6198344423,24052.10548934014,24052.10548934014,-22522.744569809685,-22522.744569809685,-22522.744569809685,-22522.744569809685,-22522.744569809685,-22522.744569809685,0.0,0.0,0.0,1529.3609195304562
2010-11-14,24019.565656623763,2735.6279500915707,34473.740049889755,24019.565656623763,24019.565656623763,-6070.4200390964115,-6070.4200390964115,-6070.4200390964115,-6070.4200390964115,-6070.4200390964115,-6070.4200390964115,0.0,0.0,0.0,17949.145617527352
2010-11-15,23987.02582390739,9873.771512538622,41612.716953396404,23987.02582390739,23987.02582390739,2735.1972647177963,2735.1972647177963,2735.1972647177963,2735.1972647177963,2735.1972647177963,2735.1972647177963,0.0,0.0,0.0,26722.223088625185
2010-11-16,23954.48599119101,15666.102113209701,47713.899633301386,23954.48599119101,23954.48599119101,8061.494245070385,8061.494245070385,8061.494245070385,8061.494245070385,8061.494245070385,8061.494245070385,0.0,0.0,0.0,32015.980236261395
2010-11-17,23921.94615847463,13675.706843624977,44554.10974824523,23921.94615847463,23921.94615847463,4702.8819086501535,4702.8819086501535,4702.8819086501535,4702.8819086501535,4702.8819086501535,4702.8819086501535,0.0,0.0,0.0,28624.828067124785
2010-11-18,23889.406325758257,19043.46708684156,50984.25665269125,23889.406325758257,23889.406325758257,11937.407009866163,11937.407009866163,11937.407009866163,11937.407009866163,11937.407009866163,11937.407009866163,0.0,0.0,0.0,35826.81333562442
2010-11-19,23856.86649304188,8673.127257489828,41192.21632069581,23856.86649304188,23856.86649304188,1156.1841805280098,1156.1841805280098,1156.1841805280098,1156.1841805280098,1156.1841805280098,1156.1841805280098,0.0,0.0,0.0,25013.05067356989
2010-11-20,23824.326660325503,-14491.963232316237,16891.175140269825,23824.326660325503,23824.326660325503,-22522.744569802537,-22522.744569802537,-22522.744569802537,-22522.744569802537,-22522.744569802537,-22522.744569802537,0.0,0.0,0.0,1301.5820905229666
2010-11-21,23791.78682760913,504.8808643746039,34146.803053079995,23791.78682760913,23791.78682760913,-6070.420039121494,-6070.420039121494,-6070.420039121494,-6070.420039121494,-6070.420039121494,-6070.420039121494,0.0,0.0,0.0,17721.366788487634
2010-11-22,23759.24699489275,11676.90046998214,42337.36956139224,23759.24699489275,23759.24699489275,2735.1972647158777,2735.1972647158777,2735.1972647158777,2735.1972647158777,2735.1972647158777,2735.1972647158777,0.0,0.0,0.0,26494.444259608626
2010-11-23,23726.70716217637,15599.345474576241,46145.54882182491,23726.70716217637,23726.70716217637,8061.4942450825465,8061.4942450825465,8061.4942450825465,8061.4942450825465,8061.4942450825465,8061.4942450825465,0.0,0.0,0.0,31788.20140725892
2010-11-24,23694.167329459997,12665.546814772088,43435.670597754586,23694.167329459997,23694.167329459997,4702.881908674044,4702.881908674044,4702.881908674044,4702.881908674044,4702.881908674044,4702.881908674044,0.0,0.0,0.0,28397.04923813404
2010-11-25,23661.627496743615,19820.143452014992,50923.1663136566,23661.627496743615,23661.627496743615,11937.407009887731,11937.407009887731,11937.407009887731,11937.407009887731,11937.407009887731,11937.407009887731,0.0,0.0,0.0,35599.034506631346
2010-11-26,23629.08766402724,9795.118148641182,41011.440052839695,23629.08766402724,23629.08766402724,1156.184180587472,1156.184180587472,1156.184180587472,1156.184180587472,1156.184180587472,1156.184180587472,0.0,0.0,0.0,24785.271844614712
2010-11-27,23596.547831310865,-14366.061627569887,17385.974994380635,23596.547831310865,23596.547831310865,-22522.744569813138,-22522.744569813138,-22522.744569813138,-22522.744569813138,-22522.744569813138,-22522.744569813138,0.0,0.0,0.0,1073.8032614977274
2010-11-28,23564.007998594487,2676.539278694075,32771.438088945564,23564.007998594487,23564.007998594487,-6070.420039106081,-6070.420039106081,-6070.420039106081,-6070.420039106081,-6070.420039106081,-6070.420039106081,0.0,0.0,0.0,17493.587959488406
2010-11-29,23530.573208160888,11667.860292736565,41749.28620300452,23530.573208160888,23530.573208160888,2735.1972647236134,2735.1972647236134,2735.1972647236134,2735.1972647236134,2735.1972647236134,2735.1972647236134,0.0,0.0,0.0,26265.770472884502
2010-11-30,23497.13841772729,16216.602555707617,48166.69363665852,23497.13841772729,23497.13841772729,8061.4942450947065,8061.4942450947065,8061.4942450947065,8061.4942450947065,8061.4942450947065,8061.4942450947065,0.0,0.0,0.0,31558.632662821994
2010-12-01,23463.70362729369,12175.275655578916,42953.5788604,23463.70362729369,23463.70362729369,4702.881908643373,4702.881908643373,4702.881908643373,4702.881908643373,4702.881908643373,4702.881908643373,0.0,0.0,0.0,28166.58553593706
2010-12-02,23430.268836860094,18975.856103674138,51677.25498942289,23430.268836860094,23430.268836860094,11937.407009882203,11937.407009882203,11937.407009882203,11937.407009882203,11937.407009882203,11937.407009882203,0.0,0.0,0.0,35367.6758467423
2010-12-03,23396.83404642649,9091.056174945894,40804.04615690862,23396.83404642649,23396.83404642649,1156.1841805518022,1156.1841805518022,1156.1841805518022,1156.1841805518022,1156.1841805518022,1156.1841805518022,0.0,0.0,0.0,24553.018226978293
2010-12-04,23363.399255992892,-14960.334565914645,17089.86903024725,23363.399255992892,23363.399255992892,-22522.74456980599,-22522.74456980599,-22522.74456980599,-22522.74456980599,-22522.74456980599,-22522.74456980599,0.0,0.0,0.0,840.6546861869028
2010-12-05,23329.964465559293,860.7401289711261,33287.86150835698,23329.964465559293,23329.964465559293,-6070.420039090671,-6070.420039090671,-6070.420039090671,-6070.420039090671,-6070.420039090671,-6070.420039090671,0.0,0.0,0.0,17259.544426468623
2010-12-06,23296.529675125694,9551.144655389824,41930.54327897905,23296.529675125694,23296.529675125694,2735.1972647216953,2735.1972647216953,2735.1972647216953,2735.1972647216953,2735.1972647216953,2735.1972647216953,0.0,0.0,0.0,26031.726939847387
2010-12-07,23263.0948846921,17149.222809287534,47796.62891811952,23263.0948846921,23263.0948846921,8061.49424507598,8061.49424507598,8061.49424507598,8061.49424507598,8061.49424507598,8061.49424507598,0.0,0.0,0.0,31324.58912976808
2010-12-08,23229.660094258496,12525.402960180476,43681.41486207036,23229.660094258496,23229.660094258496,4702.88190868234,4702.88190868234,4702.88190868234,4702.88190868234,4702.88190868234,4702.88190868234,0.0,0.0,0.0,27932.542002940834
2010-12-09,23196.225303824896,19897.590197126494,51630.58962190345,23196.225303824896,23196.225303824896,11937.40700987511,11937.40700987511,11937.40700987511,11937.40700987511,11937.40700987511,11937.40700987511,0.0,0.0,0.0,35133.63231370001
2010-12-10,23162.7905133913,7695.675268882902,39662.84923064006,23162.7905133913,23162.7905133913,1156.1841805405004,1156.1841805405004,1156.1841805405004,1156.1841805405004,1156.1841805405004,1156.1841805405004,0.0,0.0,0.0,24318.974693931803
2010-12-11,23129.3557229577,-15851.038360228547,16524.71046294098,23129.3557229577,23129.3557229577,-22522.744569816587,-22522.744569816587,-22522.744569816587,-22522.744569816587,-22522.744569816587,-22522.744569816587,0.0,0.0,0.0,606.6111531411152
2010-12-12,23095.9209325241,563.3824446606801,32954.21962728828,23095.9209325241,23095.9209325241,-6070.420039118855,-6070.420039118855,-6070.420039118855,-6070.420039118855,-6070.420039118855,-6070.420039118855,0.0,0.0,0.0,17025.500893405246
2010-12-13,23062.486142090504,9678.326843649265,41935.26359505707,23062.486142090504,23062.486142090504,2735.197264714181,2735.197264714181,2735.197264714181,2735.197264714181,2735.197264714181,2735.197264714181,0.0,0.0,0.0,25797.683406804685
2010-12-14,23029.0513516569,14663.616761049381,46652.99458353369,23029.0513516569,23029.0513516569,8061.494245088142,8061.494245088142,8061.494245088142,8061.494245088142,8061.494245088142,8061.494245088142,0.0,0.0,0.0,31090.545596745043
2010-12-15,22995.616561223305,11798.392604154456,43239.88508136546,22995.616561223305,22995.616561223305,4702.881908666743,4702.881908666743,4702.881908666743,4702.881908666743,4702.881908666743,4702.881908666743,0.0,0.0,0.0,27698.498469890048
2010-12-16,22962.181770789703,18662.97208154656,51132.575768183,22962.181770789703,22962.181770789703,11937.407009868017,11937.407009868017,11937.407009868017,11937.407009868017,11937.407009868017,11937.407009868017,0.0,0.0,0.0,34899.58878065772
2010-12-17,22928.746980356103,9215.424869243314,40137.204772558944,22928.746980356103,22928.746980356103,1156.1841805048323,1156.1841805048323,1156.1841805048323,1156.1841805048323,1156.1841805048323,1156.1841805048323,0.0,0.0,0.0,24084.931160860935
2010-12-18,22895.312189922508,-15991.13031027479,15789.051940109344,22895.312189922508,22895.312189922508,-22522.7445697967,-22522.7445697967,-22522.7445697967,-22522.7445697967,-22522.7445697967,-22522.7445697967,0.0,0.0,0.0,372.56762012580657
2010-12-19,22861.87739948891,-912.5596680729,31966.72149903733,22861.87739948891,22861.87739948891,-6070.42003910034,-6070.42003910034,-6070.42003910034,-6070.42003910034,-6070.42003910034,-6070.42003910034,0.0,0.0,0.0,16791.45736038857
2010-12-20,22828.442609055306,10390.530396340533,41310.35311259193,22828.442609055306,22828.442609055306,2735.197264721917,2735.197264721917,2735.197264721917,2735.197264721917,2735.197264721917,2735.197264721917,0.0,0.0,0.0,25563.63987377722
2010-12-21,22795.00781862171,15750.796034421417,46902.202667844744,22795.00781862171,22795.00781862171,8061.494245069414,8061.494245069414,8061.494245069414,8061.494245069414,8061.494245069414,8061.494245069414,0.0,0.0,0.0,30856.502063691125
2010-12-22,22761.573027500483,11704.292699456093,43055.37333943407,22761.573027500483,22761.573027500483,4702.881908678427,4702.881908678427,4702.881908678427,4702.881908678427,4702.881908678427,4702.881908678427,0.0,0.0,0.0,27464.45493617891
2010-12-23,22728.138236379258,19579.494876990302,49463.02331137027,22728.138236379258,22728.138236379258,11937.407009891152,11937.407009891152,11937.407009891152,11937.407009891152,11937.407009891152,11937.407009891152,0.0,0.0,0.0,34665.54524627041
2010-12-24,22694.703445258034,7755.523513703588,38839.039850538014,22694.703445258034,22694.703445258034,1156.1841805399267,1156.1841805399267,1156.1841805399267,1156.1841805399267,1156.1841805399267,1156.1841805399267,0.0,0.0,0.0,23850.88762579796
2010-12-25,22661.26865413681,-14582.326434671224,15326.174939403396,22661.26865413681,22661.26865413681,-22522.74456978955,-22522.74456978955,-22522.74456978955,-22522.74456978955,-22522.74456978955,-22522.74456978955,0.0,0.0,0.0,138.5240843472602
2010-12-26,22627.83386301559,1530.5277942235257,33011.429001787714,22627.83386301559,22627.83386301559,-6070.420039088033,-6070.420039088033,-6070.420039088033,-6070.420039088033,-6070.420039088033,-6070.420039088033,0.0,0.0,0.0,16557.413823927556
2010-12-27,22594.399071894364,8323.417541094619,40683.83721959455,22594.399071894364,22594.399071894364,2735.197264729651,2735.197264729651,2735.197264729651,2735.197264729651,2735.197264729651,2735.197264729651,0.0,0.0,0.0,25329.596336624014
2010-12-28,22560.96428077314,14712.59195097588,46352.67319131429,22560.96428077314,22560.96428077314,8061.494245091681,8061.494245091681,8061.494245091681,8061.494245091681,8061.494245091681,8061.494245091681,0.0,0.0,0.0,30622.458525864822
2010-12-29,22527.529489651915,12496.34584208693,42491.02393091525,22527.529489651915,22527.529489651915,4702.881908647755,4702.881908647755,4702.881908647755,4702.881908647755,4702.881908647755,4702.881908647755,0.0,0.0,0.0,27230.41139829967
2010-12-30,22494.094698530687,17986.467038925868,50348.705338878906,22494.094698530687,22494.094698530687,11937.407009855395,11937.407009855395,11937.407009855395,11937.407009855395,11937.407009855395,11937.407009855395,0.0,0.0,0.0,34431.50170838608
2010-12-31,22460.659907409463,8522.743521169048,39499.535022160075,22460.659907409463,22460.659907409463,1156.1841805286267,1156.1841805286267,1156.1841805286267,1156.1841805286267,1156.1841805286267,1156.1841805286267,0.0,0.0,0.0,23616.84408793809
2011-01-01,22427.225116288242,-16815.316811861714,16125.965152775583,22427.225116288242,22427.225116288242,-22522.744569812898,-22522.744569812898,-22522.744569812898,-22522.744569812898,-22522.744569812898,-22522.744569812898,0.0,0.0,0.0,-95.51945352465555
2011-01-02,22393.790325167014,-1166.1430818548354,31946.83483593212,22393.790325167014,22393.790325167014,-6070.420039072622,-6070.420039072622,-6070.420039072622,-6070.420039072622,-6070.420039072622,-6070.420039072622,0.0,0.0,0.0,16323.370286094392
2011-01-03,22360.355534045793,9885.521477788572,41439.42643334518,22360.355534045793,22360.355534045793,2735.197264712485,2735.197264712485,2735.197264712485,2735.197264712485,2735.197264712485,2735.197264712485,0.0,0.0,0.0,25095.55279875828
2011-01-04,22326.920742924565,14400.218899256432,45639.737792010594,22326.920742924565,22326.920742924565,8061.494245083345,8061.494245083345,8061.494245083345,8061.494245083345,8061.494245083345,8061.494245083345,0.0,0.0,0.0,30388.41498800791
2011-01-05,22293.48595180334,10484.673025579265,42878.71235524373,22293.48595180334,22293.48595180334,4702.881908632157,4702.881908632157,4702.881908632157,4702.881908632157,4702.881908632157,4702.881908632157,0.0,0.0,0.0,26996.367860435497
2011-01-06,22260.051160682116,19420.65894802371,50614.28665778496,22260.051160682116,22260.051160682116,11937.407009876964,11937.407009876964,11937.407009876964,11937.407009876964,11937.407009876964,11937.407009876964,0.0,0.0,0.0,34197.45817055908
2011-01-07,22226.616369560892,7506.451118150825,39646.68555406067,22226.616369560892,22226.616369560892,1156.1841805880856,1156.1841805880856,1156.1841805880856,1156.1841805880856,1156.1841805880856,1156.1841805880856,0.0,0.0,0.0,23382.80055014898
2011-01-08,22193.18157843967,-15603.003054290892,15922.456408626429,22193.18157843967,22193.18157843967,-22522.744569793005,-22522.744569793005,-22522.744569793005,-22522.744569793005,-22522.744569793005,-22522.744569793005,0.0,0.0,0.0,-329.5629913533339
2011-01-09,22159.746787318447,1458.360063896576,32346.188439913436,22159.746787318447,22159.746787318447,-6070.420039100808,-6070.420039100808,-6070.420039100808,-6070.420039100808,-6070.420039100808,-6070.420039100808,0.0,0.0,0.0,16089.326748217638
2011-01-10,22126.311996197222,9378.406749597809,40515.64095500593,22126.311996197222,22126.311996197222,2735.1972647298717,2735.1972647298717,2735.1972647298717,2735.1972647298717,2735.1972647298717,2735.1972647298717,0.0,0.0,0.0,24861.509260927094
2011-01-11,22092.877205075998,13451.845699573289,45750.865983858646,22092.877205075998,22092.877205075998,8061.49424507501,8061.49424507501,8061.49424507501,8061.49424507501,8061.49424507501,8061.49424507501,0.0,0.0,0.0,30154.371450151008
2011-01-12,22059.442413954774,11132.33046903191,42229.93699090385,22059.442413954774,22059.442413954774,4702.881908671124,4702.881908671124,4702.881908671124,4702.881908671124,4702.881908671124,4702.881908671124,0.0,0.0,0.0,26762.324322625896
2011-01-13,22026.007622833557,18093.880912692293,49097.431571659174,22026.007622833557,22026.007622833557,11937.407009869868,11937.407009869868,11937.407009869868,11937.407009869868,11937.407009869868,11937.407009869868,0.0,0.0,0.0,33963.414632703425
2011-01-14,21992.572834326475,7266.918362136919,39001.097481057994,21992.572834326475,21992.572834326475,1156.184180598815,1156.184180598815,1156.184180598815,1156.184180598815,1156.184180598815,1156.184180598815,0.0,0.0,0.0,23148.75701492529
2011-01-15,21959.138045819393,-16350.140612526504,14111.758990433158,21959.138045819393,21959.138045819393,-22522.744569801103,-22522.744569801103,-22522.744569801103,-22522.744569801103,-22522.744569801103,-22522.744569801103,0.0,0.0,0.0,-563.6065239817108
2011-01-16,21925.70325731231,87.17399878428009,31397.002216533,21925.70325731231,21925.70325731231,-6070.4200390885,-6070.4200390885,-6070.4200390885,-6070.4200390885,-6070.4200390885,-6070.4200390885,0.0,0.0,0.0,15855.28321822381
2011-01-17,21892.26846880523,9516.945013928584,40680.343240128546,21892.26846880523,21892.26846880523,2735.1972647279563,2735.1972647279563,2735.1972647279563,2735.1972647279563,2735.1972647279563,2735.1972647279563,0.0,0.0,0.0,24627.465733533187
2011-01-18,21858.833680298147,13261.465140676879,44846.29648807087,21858.833680298147,21858.833680298147,8061.494245066673,8061.494245066673,8061.494245066673,8061.494245066673,8061.494245066673,8061.494245066673,0.0,0.0,0.0,29920.32792536482
2011-01-19,21825.39889179107,10680.987898618469,42421.80892087143,21825.39889179107,21825.39889179107,4702.881908640452,4702.881908640452,4702.881908640452,4702.881908640452,4702.881908640452,4702.881908640452,0.0,0.0,0.0,26528.28080043152
2011-01-20,21791.964103283986,18653.850740544698,49965.92071892147,21791.964103283986,21791.964103283986,11937.407009893006,11937.407009893006,11937.407009893006,11937.407009893006,11937.407009893006,11937.407009893006,0.0,0.0,0.0,33729.371113176996
2011-01-21,21758.5293147769,8475.331422051306,38244.829937810326,21758.5293147769,21758.5293147769,1156.184180587513,1156.184180587513,1156.184180587513,1156.184180587513,1156.184180587513,1156.184180587513,0.0,0.0,0.0,22914.713495364413
2011-01-22,21725.094526269822,-17403.046705537497,14215.02492205991,21725.094526269822,21725.094526269822,-22522.744569809205,-22522.744569809205,-22522.744569809205,-22522.744569809205,-22522.744569809205,-22522.744569809205,0.0,0.0,0.0,-797.6500435393828
2011-01-23,21691.659737762737,350.99049218645814,30303.941720863157,21691.659737762737,21691.659737762737,-6070.420039069985,-6070.420039069985,-6070.420039069985,-6070.420039069985,-6070.420039069985,-6070.420039069985,0.0,0.0,0.0,15621.239698692752
2011-01-24,21658.224949255655,8694.206715454418,40120.74452211499,21658.224949255655,21658.224949255655,2735.197264714846,2735.197264714846,2735.197264714846,2735.197264714846,2735.197264714846,2735.197264714846,0.0,0.0,0.0,24393.4222139705
2011-01-25,21624.790160748576,13239.021220148996,45894.831372838176,21624.790160748576,21624.790160748576,8061.494245088939,8061.494245088939,8061.494245088939,8061.494245088939,8061.494245088939,8061.494245088939,0.0,0.0,0.0,29686.284405837516
2011-01-26,21591.35537224149,10889.49920994985,41899.428328605645,21591.35537224149,21591.35537224149,4702.881908652137,4702.881908652137,4702.881908652137,4702.881908652137,4702.881908652137,4702.881908652137,0.0,0.0,0.0,26294.237280893627
2011-01-27,21557.920583734413,17494.54390449506,48226.43772860227,21557.920583734413,21557.920583734413,11937.407009914576,11937.407009914576,11937.407009914576,11937.407009914576,11937.407009914576,11937.407009914576,0.0,0.0,0.0,33495.32759364899
2011-01-28,21524.48579522733,6380.475340423116,38178.99695929977,21524.48579522733,21524.48579522733,1156.1841805518447,1156.1841805518447,1156.1841805518447,1156.1841805518447,1156.1841805518447,1156.1841805518447,0.0,0.0,0.0,22680.669975779176
2011-01-29,21491.051006720245,-15938.376056733317,14523.307473065792,21491.051006720245,21491.051006720245,-22522.744569817296,-22522.744569817296,-22522.744569817296,-22522.744569817296,-22522.744569817296,-22522.744569817296,0.0,0.0,0.0,-1031.693563097051
2011-01-30,21457.616218213167,153.30989762651814,30294.38148457659,21457.616218213167,21457.616218213167,-6070.4200390981705,-6070.4200390981705,-6070.4200390981705,-6070.4200390981705,-6070.4200390981705,-6070.4200390981705,0.0,0.0,0.0,15387.196179114995
2011-01-31,21424.181429706085,7949.742036717887,38891.99270490102,21424.181429706085,21424.181429706085,2735.197264712927,2735.197264712927,2735.197264712927,2735.197264712927,2735.197264712927,2735.197264712927,0.0,0.0,0.0,24159.37869441901
2011-02-01,21390.746641199,14122.774826935383,45684.56953224658,21390.746641199,21390.746641199,8061.494245080605,8061.494245080605,8061.494245080605,8061.494245080605,8061.494245080605,8061.494245080605,0.0,0.0,0.0,29452.240886279604
2011-02-02,21357.31185269192,10762.485658562158,42036.574351832554,21357.31185269192,21357.31185269192,4702.881908663823,4702.881908663823,4702.881908663823,4702.881908663823,4702.881908663823,4702.881908663823,0.0,0.0,0.0,26060.193761355746
2011-02-03,21323.877064184835,17365.728701517233,47709.50914296539,21323.877064184835,21323.877064184835,11937.407009851724,11937.407009851724,11937.407009851724,11937.407009851724,11937.407009851724,11937.407009851724,0.0,0.0,0.0,33261.28407403656
2011-02-04,21290.442275677753,7744.579373303093,37583.5374563273,21290.442275677753,21290.442275677753,1156.1841806113039,1156.1841806113039,1156.1841806113039,1156.1841806113039,1156.1841806113039,1156.1841806113039,0.0,0.0,0.0,22446.626456289057
2011-02-05,21257.00752680957,-17921.13624034979,13883.42972833964,21257.00752680957,21257.00752680957,-22522.744569797407,-22522.744569797407,-22522.744569797407,-22522.744569797407,-22522.744569797407,-22522.744569797407,0.0,0.0,0.0,-1265.7370429878356
2011-02-06,21223.572777941386,-566.871950835842,32265.576347066228,21223.572777941386,21223.572777941386,-6070.420039082757,-6070.420039082757,-6070.420039082757,-6070.420039082757,-6070.420039082757,-6070.420039082757,0.0,0.0,0.0,15153.15273885863
2011-02-07,21190.1380290732,8322.556877808262,39731.409000681786,21190.1380290732,21190.1380290732,2735.197264720661,2735.197264720661,2735.197264720661,2735.197264720661,2735.197264720661,2735.197264720661,0.0,0.0,0.0,23925.33529379386
2011-02-08,21156.703280205016,12688.035902371348,45587.72468222533,21156.703280205016,21156.703280205016,8061.4942450927665,8061.4942450927665,8061.4942450927665,8061.4942450927665,8061.4942450927665,8061.4942450927665,0.0,0.0,0.0,29218.197525297783
2011-02-09,21123.26853133683,9274.413213580312,40776.29071116801,21123.26853133683,21123.26853133683,4702.8819086755075,4702.8819086755075,4702.8819086755075,4702.8819086755075,4702.8819086755075,4702.8819086755075,0.0,0.0,0.0,25826.150440012338
2011-02-10,21089.833782468646,17024.400340263743,49175.56806507493,21089.833782468646,21089.833782468646,11937.407009846198,11937.407009846198,11937.407009846198,11937.407009846198,11937.407009846198,11937.407009846198,0.0,0.0,0.0,33027.24079231484
2011-02-11,21056.39903360046,6253.886931343273,38109.819207996865,21056.39903360046,21056.39903360046,1156.1841805756371,1156.1841805756371,1156.1841805756371,1156.1841805756371,1156.1841805756371,1156.1841805756371,0.0,0.0,0.0,22212.5832141761
2011-02-12,21022.964284732272,-16602.213955560117,13850.973344748425,21022.964284732272,21022.964284732272,-22522.74456980551,-22522.74456980551,-22522.74456980551,-22522.74456980551,-22522.74456980551,-22522.74456980551,0.0,0.0,0.0,-1499.7802850732369
2011-02-13,20989.52953586409,-459.1296205782694,31647.38352875986,20989.52953586409,20989.52953586409,-6070.420039067349,-6070.420039067349,-6070.420039067349,-6070.420039067349,-6070.420039067349,-6070.420039067349,0.0,0.0,0.0,14919.109496796742
2011-02-14,20956.0947869959,7715.275451511711,39206.694004049976,20956.0947869959,20956.0947869959,2735.1972647283983,2735.1972647283983,2735.1972647283983,2735.1972647283983,2735.1972647283983,2735.1972647283983,0.0,0.0,0.0,23691.2920517243
2011-02-15,20922.660038127717,13618.812730327281,44391.93958854405,20922.660038127717,20922.660038127717,8061.49424507404,8061.49424507404,8061.49424507404,8061.49424507404,8061.49424507404,8061.49424507404,0.0,0.0,0.0,28984.15428320176
2011-02-16,20889.22528925953,9557.79856985766,41484.208383282785,20889.22528925953,20889.22528925953,4702.881908644837,4702.881908644837,4702.881908644837,4702.881908644837,4702.881908644837,4702.881908644837,0.0,0.0,0.0,25592.10719790437
2011-02-17,20855.790540391346,16662.48399398607,48018.6508588051,20855.790540391346,20855.790540391346,11937.407009867764,11937.407009867764,11937.407009867764,11937.407009867764,11937.407009867764,11937.407009867764,0.0,0.0,0.0,32793.19755025911
2011-02-18,20822.355791523165,6674.710662144756,37683.90334518604,20822.355791523165,20822.355791523165,1156.1841805643348,1156.1841805643348,1156.1841805643348,1156.1841805643348,1156.1841805643348,1156.1841805643348,0.0,0.0,0.0,21978.5399720875
2011-02-19,20788.92104265498,-17739.29235314825,15473.341294036834,20788.92104265498,20788.92104265498,-22522.74456979836,-22522.74456979836,-22522.74456979836,-22522.74456979836,-22522.74456979836,-22522.74456979836,0.0,0.0,0.0,-1733.8235271433805
2011-02-20,20755.48629378679,-1287.7634753759123,31043.285447792525,20755.48629378679,20755.48629378679,-6070.420039132918,-6070.420039132918,-6070.420039132918,-6070.420039132918,-6070.420039132918,-6070.420039132918,0.0,0.0,0.0,14685.066254653873
2011-02-21,20722.05154491861,8755.28090574249,38508.13409693159,20722.05154491861,20722.05154491861,2735.197264720882,2735.197264720882,2735.197264720882,2735.197264720882,2735.197264720882,2735.197264720882,0.0,0.0,0.0,23457.24880963949
2011-02-22,20688.61679605042,13228.16007276709,45186.20358811607,20688.61679605042,20688.61679605042,8061.4942450862,8061.4942450862,8061.4942450862,8061.4942450862,8061.4942450862,8061.4942450862,0.0,0.0,0.0,28750.11104113662
2011-02-23,20655.182047182236,9521.510321360563,41863.83695085253,20655.182047182236,20655.182047182236,4702.88190865652,4702.88190865652,4702.88190865652,4702.88190865652,4702.88190865652,4702.88190865652,0.0,0.0,0.0,25358.063955838756
2011-02-24,20621.74729831405,17491.477427228157,49230.55520706035,20621.74729831405,20621.74729831405,11937.407009889333,11937.407009889333,11937.407009889333,11937.407009889333,11937.407009889333,11937.407009889333,0.0,0.0,0.0,32559.154308203382
2011-02-25,20588.312549445865,5580.706513599702,37131.67046111046,20588.312549445865,20588.312549445865,1156.184180553034,1156.184180553034,1156.184180553034,1156.184180553034,1156.184180553034,1156.184180553034,0.0,0.0,0.0,21744.4967299989
2011-02-26,20554.87780057768,-17530.5498571065,13650.104347027182,20554.87780057768,20554.87780057768,-22522.744569808965,-22522.744569808965,-22522.744569808965,-22522.744569808965,-22522.744569808965,-22522.744569808965,0.0,0.0,0.0,-1967.8667692312847
2011-02-27,20521.44305170949,-2090.569471698532,30335.706631502006,20521.44305170949,20521.44305170949,-6070.420039117509,-6070.420039117509,-6070.420039117509,-6070.420039117509,-6070.420039117509,-6070.420039117509,0.0,0.0,0.0,14451.023012591982
2011-02-28,20494.730610913888,7505.14555471919,38741.46955189644,20494.730610913888,20494.730610913888,2735.1972647189646,2735.1972647189646,2735.1972647189646,2735.1972647189646,2735.1972647189646,2735.1972647189646,0.0,0.0,0.0,23229.927875632853
2011-03-01,20468.01817011829,12073.211564726738,44368.61933487228,20468.01817011829,20468.01817011829,8061.494245077862,8061.494245077862,8061.494245077862,8061.494245077862,8061.494245077862,8061.494245077862,0.0,0.0,0.0,28529.51241519615
2011-03-02,20441.30572932269,8487.992013316647,42854.091891935845,20441.30572932269,20441.30572932269,4702.881908640922,4702.881908640922,4702.881908640922,4702.881908640922,4702.881908640922,4702.881908640922,0.0,0.0,0.0,25144.18763796361
2011-03-03,20414.59328852709,16015.027826899892,48168.45443113999,20414.59328852709,20414.59328852709,11937.40700988381,11937.40700988381,11937.40700988381,11937.40700988381,11937.40700988381,11937.40700988381,0.0,0.0,0.0,32352.000298410898
2011-03-04,20387.88084773149,6453.950824750207,37545.002703811726,20387.88084773149,20387.88084773149,1156.1841805881265,1156.1841805881265,1156.1841805881265,1156.1841805881265,1156.1841805881265,1156.1841805881265,0.0,0.0,0.0,21544.065028319616
2011-03-05,20361.16840693589,-18358.570452908185,13013.902445096439,20361.16840693589,20361.16840693589,-22522.744569801816,-22522.744569801816,-22522.744569801816,-22522.744569801816,-22522.744569801816,-22522.744569801816,0.0,0.0,0.0,-2161.5761628659275
2011-03-06,20334.45596614029,-2287.2715473114204,29983.43248867873,20334.45596614029,20334.45596614029,-6070.420039102097,-6070.420039102097,-6070.420039102097,-6070.420039102097,-6070.420039102097,-6070.420039102097,0.0,0.0,0.0,14264.035927038192
2011-03-07,20307.743525344686,6167.769643239376,38395.10323113963,20307.743525344686,20307.743525344686,2735.197264717047,2735.197264717047,2735.197264717047,2735.197264717047,2735.197264717047,2735.197264717047,0.0,0.0,0.0,23042.940790061733
2011-03-08,20281.031084549086,13281.938326629996,43881.54258634208,20281.031084549086,20281.031084549086,8061.494245069528,8061.494245069528,8061.494245069528,8061.494245069528,8061.494245069528,8061.494245069528,0.0,0.0,0.0,28342.525329618613
2011-03-09,20254.318643753486,9333.01670568929,41907.3932248853,20254.318643753486,20254.318643753486,4702.881908677022,4702.881908677022,4702.881908677022,4702.881908677022,4702.881908677022,4702.881908677022,0.0,0.0,0.0,24957.200552430506
2011-03-10,20227.60620295789,16730.394842744518,47481.011289172086,20227.60620295789,20227.60620295789,11937.407009876715,11937.407009876715,11937.407009876715,11937.407009876715,11937.407009876715,11937.407009876715,0.0,0.0,0.0,32165.013212834605
2011-03-11,20200.893762162286,6078.011479290328,37229.33991742628,20200.893762162286,20200.893762162286,1156.184180552459,1156.184180552459,1156.184180552459,1156.184180552459,1156.184180552459,1156.184180552459,0.0,0.0,0.0,21357.077942714746
2011-03-12,20174.18132136669,-17336.786867036877,13747.687718581403,20174.18132136669,20174.18132136669,-22522.74456980991,-22522.74456980991,-22522.74456980991,-22522.74456980991,-22522.74456980991,-22522.74456980991,0.0,0.0,0.0,-2348.563248443221
2011-03-13,20147.46888057109,-1565.9083082575557,30316.47812029364,20147.46888057109,20147.46888057109,-6070.420039089791,-6070.420039089791,-6070.420039089791,-6070.420039089791,-6070.420039089791,-6070.420039089791,0.0,0.0,0.0,14077.048841481299
2011-03-14,20120.756439775487,7561.622045600516,38127.46202255562,20120.756439775487,20120.756439775487,2735.1972647095345,2735.1972647095345,2735.1972647095345,2735.1972647095345,2735.1972647095345,2735.1972647095345,0.0,0.0,0.0,22855.953704485022
2011-03-15,20094.043998979887,12875.795862475925,44054.22149477421,20094.043998979887,20094.043998979887,8061.494245071297,8061.494245071297,8061.494245071297,8061.494245071297,8061.494245071297,8061.494245071297,0.0,0.0,0.0,28155.538244051182
2011-03-16,20067.331558184287,9468.121487642962,40195.82149371583,20067.331558184287,20067.331558184287,4702.881908661426,4702.881908661426,4702.881908661426,4702.881908661426,4702.881908661426,4702.881908661426,0.0,0.0,0.0,24770.213466845715
2011-03-17,20040.619117388687,16388.792673827866,47669.07814792583,20040.619117388687,20040.619117388687,11937.40700986962,11937.40700986962,11937.40700986962,11937.40700986962,11937.40700986962,11937.40700986962,0.0,0.0,0.0,31978.02612725831
2011-03-18,20013.90667659309,5246.291168954502,36828.09088710339,20013.90667659309,20013.90667659309,1156.1841805167908,1156.1841805167908,1156.1841805167908,1156.1841805167908,1156.1841805167908,1156.1841805167908,0.0,0.0,0.0,21170.09085710988
2011-03-19,19987.194235797488,-17376.557894420668,13227.38830084819,19987.194235797488,19987.194235797488,-22522.74456979252,-22522.74456979252,-22522.74456979252,-22522.74456979252,-22522.74456979252,-22522.74456979252,0.0,0.0,0.0,-2535.5503339950337
2011-03-20,19960.481795001888,-1533.0957823001686,29976.485347528658,19960.481795001888,19960.481795001888,-6070.4200391117665,-6070.4200391117665,-6070.4200391117665,-6070.4200391117665,-6070.4200391117665,-6070.4200391117665,0.0,0.0,0.0,13890.061755890121
2011-03-21,19933.769354206288,7588.521891028603,38974.25491034994,19933.769354206288,19933.769354206288,2735.197264717268,2735.197264717268,2735.197264717268,2735.197264717268,2735.197264717268,2735.197264717268,0.0,0.0,0.0,22668.966618923558
2011-03-22,19922.152120350747,13138.3033349289,44019.20166110495,19922.152120350747,19922.152120350747,8061.494245083458,8061.494245083458,8061.494245083458,8061.494245083458,8061.494245083458,8061.494245083458,0.0,0.0,0.0,27983.646365434204
2011-03-23,19910.534886495203,8887.41504411246,40596.17924255001,19910.534886495203,19910.534886495203,4702.881908673111,4702.881908673111,4702.881908673111,4702.881908673111,4702.881908673111,4702.881908673111,0.0,0.0,0.0,24613.416795168312
2011-03-24,19898.917652639662,15644.219604809296,47588.31941351664,19898.917652639662,19898.917652639662,11937.407009891189,11937.407009891189,11937.407009891189,11937.407009891189,11937.407009891189,11937.407009891189,0.0,0.0,0.0,31836.324662530853
2011-03-25,19887.300418784118,4932.961537285315,38068.62356531953,19887.300418784118,19887.300418784118,1156.1841805518843,1156.1841805518843,1156.1841805518843,1156.1841805518843,1156.1841805518843,1156.1841805518843,0.0,0.0,0.0,21043.484599336003
2011-03-26,19875.683184928577,-18697.171275734978,12989.032307919419,19875.683184928577,19875.683184928577,-22522.74456980062,-22522.74456980062,-22522.74456980062,-22522.74456980062,-22522.74456980062,-22522.74456980062,0.0,0.0,0.0,-2647.0613848720423
2011-03-27,19864.065951073037,-928.4611263157335,30124.4065885259,19864.065951073037,19864.065951073037,-6070.420039099461,-6070.420039099461,-6070.420039099461,-6070.420039099461,-6070.420039099461,-6070.420039099461,0.0,0.0,0.0,13793.645911973575
2011-03-28,19852.448717217496,6896.7958445539425,38231.74838261449,19852.448717217496,19852.448717217496,2735.197264725004,2735.197264725004,2735.197264725004,2735.197264725004,2735.197264725004,2735.197264725004,0.0,0.0,0.0,22587.6459819425
2011-03-29,19840.83148336195,12463.96030978695,45105.731731083586,19840.83148336195,19840.83148336195,8061.4942450956205,8061.4942450956205,8061.4942450956205,8061.4942450956205,8061.4942450956205,8061.4942450956205,0.0,0.0,0.0,27902.325728457574
2011-03-30,19829.214249506407,8548.728730227207,39845.696746629525,19829.214249506407,19829.214249506407,4702.881908642438,4702.881908642438,4702.881908642438,4702.881908642438,4702.881908642438,4702.881908642438,0.0,0.0,0.0,24532.096158148845
2011-03-31,19817.597015650863,17114.915728224947,47295.81777177879,19817.597015650863,19817.597015650863,11937.407009857,11937.407009857,11937.407009857,11937.407009857,11937.407009857,11937.407009857,0.0,0.0,0.0,31755.004025507864
2011-04-01,19805.979781795322,5104.816775626965,36097.875966183514,19805.979781795322,19805.979781795322,1156.1841805405836,1156.1841805405836,1156.1841805405836,1156.1841805405836,1156.1841805405836,1156.1841805405836,0.0,0.0,0.0,20962.163962335904
2011-04-02,19794.36254793978,-18853.386133610118,13508.317504011457,19794.36254793978,19794.36254793978,-22522.744569808718,-22522.744569808718,-22522.744569808718,-22522.744569808718,-22522.744569808718,-22522.744569808718,0.0,0.0,0.0,-2728.382021868936
2011-04-03,19782.745314084237,-2349.1610689434515,29726.05861472183,19782.745314084237,19782.745314084237,-6070.42003908405,-6070.42003908405,-6070.42003908405,-6070.42003908405,-6070.42003908405,-6070.42003908405,0.0,0.0,0.0,13712.325275000188
2011-04-04,19771.128080228696,6252.130852787861,37682.09988530953,19771.128080228696,19771.128080228696,2735.197264723086,2735.197264723086,2735.197264723086,2735.197264723086,2735.197264723086,2735.197264723086,0.0,0.0,0.0,22506.325344951783
2011-04-05,19759.510846373152,12263.578111522393,45014.32807220445,19759.510846373152,19759.510846373152,8061.494245087002,8061.494245087002,8061.494245087002,8061.494245087002,8061.494245087002,8061.494245087002,0.0,0.0,0.0,27821.005091460152
2011-04-06,19747.89361251761,8117.363892247744,40123.082877274814,19747.89361251761,19747.89361251761,4702.8819086541225,4702.8819086541225,4702.8819086541225,4702.8819086541225,4702.8819086541225,4702.8819086541225,0.0,0.0,0.0,24450.775521171734
2011-04-07,19736.27637866207,15441.944178473605,47800.28452040997,19736.27637866207,19736.27637866207,11937.407009878569,11937.407009878569,11937.407009878569,11937.407009878569,11937.407009878569,11937.407009878569,0.0,0.0,0.0,31673.683388540638
2011-04-08,19724.65914480653,6267.030170935336,36736.27097618882,19724.65914480653,19724.65914480653,1156.1841805292813,1156.1841805292813,1156.1841805292813,1156.1841805292813,1156.1841805292813,1156.1841805292813,0.0,0.0,0.0,20880.843325335813
2011-04-09,19713.041910950986,-17774.182190025247,13118.539185089414,19713.041910950986,19713.041910950986,-22522.744569816816,-22522.744569816816,-22522.744569816816,-22522.744569816816,-22522.744569816816,-22522.744569816816,0.0,0.0,0.0,-2809.70265886583
2011-04-10,19701.42467709544,-1462.4997348233926,29980.652693540495,19701.42467709544,19701.42467709544,-6070.420039112233,-6070.420039112233,-6070.420039112233,-6070.420039112233,-6070.420039112233,-6070.420039112233,0.0,0.0,0.0,13631.00463798321
2011-04-11,19689.8074432399,6714.300222739711,38967.49496702684,19689.8074432399,19689.8074432399,2735.1972647252246,2735.1972647252246,2735.1972647252246,2735.1972647252246,2735.1972647252246,2735.1972647252246,0.0,0.0,0.0,22425.004707965127
2011-04-12,19678.190209384356,10500.126452073135,44002.40538504134,19678.190209384356,19678.190209384356,8061.494245058168,8061.494245058168,8061.494245058168,8061.494245058168,8061.494245058168,8061.494245058168,0.0,0.0,0.0,27739.684454442526
2011-04-13,19666.572975528816,9570.553971439374,39241.10487979071,19666.572975528816,19666.572975528816,4702.881908665807,4702.881908665807,4702.881908665807,4702.881908665807,4702.881908665807,4702.881908665807,0.0,0.0,0.0,24369.454884194623
2011-04-14,19675.774589733897,14744.60230062541,46717.45326764635,19675.774589733897,19675.774589733897,11937.407009871473,11937.407009871473,11937.407009871473,11937.407009871473,11937.407009871473,11937.407009871473,0.0,0.0,0.0,31613.18159960537
2011-04-15,19684.976203938983,5196.7605452615335,36544.04774843603,19684.976203938983,19684.976203938983,1156.1841804936125,1156.1841804936125,1156.1841804936125,1156.1841804936125,1156.1841804936125,1156.1841804936125,0.0,0.0,0.0,20841.160384432595
2011-04-16,19694.177818144064,-18140.57499215701,13486.62107655575,19694.177818144064,19694.177818144064,-22522.744569796923,-22522.744569796923,-22522.744569796923,-22522.744569796923,-22522.744569796923,-22522.744569796923,0.0,0.0,0.0,-2828.5667516528592
2011-04-17,19703.379432349146,-1398.7770000277985,28660.18430115296,19703.379432349146,19703.379432349146,-6070.4200390968235,-6070.4200390968235,-6070.4200390968235,-6070.4200390968235,-6070.4200390968235,-6070.4200390968235,0.0,0.0,0.0,13632.959393252322
2011-04-18,19712.581046554227,6997.775000272904,38635.11300282438,19712.581046554227,19712.581046554227,2735.1972647233074,2735.1972647233074,2735.1972647233074,2735.1972647233074,2735.1972647233074,2735.1972647233074,0.0,0.0,0.0,22447.778311277536
2011-04-19,19721.78266075931,11751.455292230621,42790.338288544444,19721.78266075931,19721.78266075931,8061.494245070328,8061.494245070328,8061.494245070328,8061.494245070328,8061.494245070328,8061.494245070328,0.0,0.0,0.0,27783.276905829636
2011-04-20,19730.98427496439,8240.998257702588,41319.53188773597,19730.98427496439,19730.98427496439,4702.881908677492,4702.881908677492,4702.881908677492,4702.881908677492,4702.881908677492,4702.881908677492,0.0,0.0,0.0,24433.866183641883
2011-04-21,19740.185889169472,15795.425678072757,46876.82748031622,19740.185889169472,19740.185889169472,11937.40700989461,11937.40700989461,11937.40700989461,11937.40700989461,11937.40700989461,11937.40700989461,0.0,0.0,0.0,31677.592899064082
2011-04-22,19749.387503374557,5758.820099597597,37786.9284746935,19749.387503374557,19749.387503374557,1156.1841805994695,1156.1841805994695,1156.1841805994695,1156.1841805994695,1156.1841805994695,1156.1841805994695,0.0,0.0,0.0,20905.571683974027
2011-04-23,19758.589117579642,-18739.432954359985,13018.372186795996,19758.589117579642,19758.589117579642,-22522.744569820272,-22522.744569820272,-22522.744569820272,-22522.744569820272,-22522.744569820272,-22522.744569820272,0.0,0.0,0.0,-2764.1554522406295
2011-04-24,19767.790731784724,-862.3432255951512,28590.66455822394,19767.790731784724,19767.790731784724,-6070.420039081412,-6070.420039081412,-6070.420039081412,-6070.420039081412,-6070.420039081412,-6070.420039081412,0.0,0.0,0.0,13697.370692703313
2011-04-25,19776.992345989805,6296.699586895457,39101.83114971642,19776.992345989805,19776.992345989805,2735.19726473104,2735.19726473104,2735.19726473104,2735.19726473104,2735.19726473104,2735.19726473104,0.0,0.0,0.0,22512.189610720845
2011-04-26,19786.193960194887,10402.383327096077,43863.52011777506,19786.193960194887,19786.193960194887,8061.494245092596,8061.494245092596,8061.494245092596,8061.494245092596,8061.494245092596,8061.494245092596,0.0,0.0,0.0,27847.688205287483
2011-04-27,19795.39557439997,8005.306469713779,40241.00845307489,19795.39557439997,19795.39557439997,4702.88190864682,4702.88190864682,4702.88190864682,4702.88190864682,4702.88190864682,4702.88190864682,0.0,0.0,0.0,24498.27748304679
2011-04-28,19804.59718860505,16573.44725823975,47895.192611511775,19804.59718860505,19804.59718860505,11937.407009887516,11937.407009887516,11937.407009887516,11937.407009887516,11937.407009887516,11937.407009887516,0.0,0.0,0.0,31742.004198492567
2011-04-29,19813.798802810135,4695.265785248862,37451.2833928967,19813.798802810135,19813.798802810135,1156.1841805638014,1156.1841805638014,1156.1841805638014,1156.1841805638014,1156.1841805638014,1156.1841805638014,0.0,0.0,0.0,20969.982983373935
2011-04-30,19823.000417015217,-17437.120014532393,14791.64442580666,19823.000417015217,19823.000417015217,-22522.74456981312,-22522.74456981312,-22522.74456981312,-22522.74456981312,-22522.74456981312,-22522.74456981312,0.0,0.0,0.0,-2699.7441527979026
2011-05-01,19832.202031220302,-1044.1532701901847,29781.72994624829,19832.202031220302,19832.202031220302,-6070.420039066002,-6070.420039066002,-6070.420039066002,-6070.420039066002,-6070.420039066002,-6070.420039066002,0.0,0.0,0.0,13761.781992154301
2011-05-02,19841.403645425384,5370.888576848472,37823.25696794648,19841.403645425384,19841.403645425384,2735.1972647082766,2735.1972647082766,2735.1972647082766,2735.1972647082766,2735.1972647082766,2735.1972647082766,0.0,0.0,0.0,22576.60091013366
2011-05-03,19850.605259630465,12129.442026916302,43402.53443529552,19850.605259630465,19850.605259630465,8061.49424508426,8061.49424508426,8061.49424508426,8061.49424508426,8061.49424508426,8061.49424508426,0.0,0.0,0.0,27912.099504714726
2011-05-04,19859.806873835547,8632.717996251742,41155.65627984408,19859.806873835547,19859.806873835547,4702.881908685788,4702.881908685788,4702.881908685788,4702.881908685788,4702.881908685788,4702.881908685788,0.0,0.0,0.0,24562.688782521334
2011-05-05,19869.00848804063,15616.9272671052,45970.68190100951,19869.00848804063,19869.00848804063,11937.407009880424,11937.407009880424,11937.407009880424,11937.407009880424,11937.407009880424,11937.407009880424,0.0,0.0,0.0,31806.41549792105
2011-05-06,19878.21010224571,5574.605373138303,37245.40187697211,19878.21010224571,19878.21010224571,1156.184180576866,1156.184180576866,1156.184180576866,1156.184180576866,1156.184180576866,1156.184180576866,0.0,0.0,0.0,21034.394282822577
2011-05-07,19908.98922910789,-18337.21252412287,13059.411335050592,19908.98922910789,19908.98922910789,-22522.74456979323,-22522.74456979323,-22522.74456979323,-22522.74456979323,-22522.74456979323,-22522.74456979323,0.0,0.0,0.0,-2613.7553406853403
2011-05-08,19939.768355970064,-2063.7066173880967,28921.90176660776,19939.768355970064,19939.768355970064,-6070.420039094186,-6070.420039094186,-6070.420039094186,-6070.420039094186,-6070.420039094186,-6070.420039094186,0.0,0.0,0.0,13869.348316875878
2011-05-09,19970.547482832244,7140.110004547227,39473.78644067676,19970.547482832244,19970.547482832244,2735.1972647160133,2735.1972647160133,2735.1972647160133,2735.1972647160133,2735.1972647160133,2735.1972647160133,0.0,0.0,0.0,22705.74474754826
2011-05-10,20001.32660969442,12035.613134382158,43262.4597501475,20001.32660969442,20001.32660969442,8061.494245096422,8061.494245096422,8061.494245096422,8061.494245096422,8061.494245096422,8061.494245096422,0.0,0.0,0.0,28062.820854790843
2011-05-11,20032.105736556594,8805.019513032114,40463.81274453647,20032.105736556594,20032.105736556594,4702.881908670191,4702.881908670191,4702.881908670191,4702.881908670191,4702.881908670191,4702.881908670191,0.0,0.0,0.0,24734.987645226785
2011-05-12,20062.884863418774,16342.904504193657,47744.67529983776,20062.884863418774,20062.884863418774,11937.407009873326,11937.407009873326,11937.407009873326,11937.407009873326,11937.407009873326,11937.407009873326,0.0,0.0,0.0,32000.291873292103
2011-05-13,20093.663990280947,6155.792564634764,37582.660858313975,20093.663990280947,20093.663990280947,1156.1841805875943,1156.1841805875943,1156.1841805875943,1156.1841805875943,1156.1841805875943,1156.1841805875943,0.0,0.0,0.0,21249.848170868543
2011-05-14,20124.443117143124,-18299.821362034552,12640.650613063746,20124.443117143124,20124.443117143124,-22522.74456980133,-22522.74456980133,-22522.74456980133,-22522.74456980133,-22522.74456980133,-22522.74456980133,0.0,0.0,0.0,-2398.3014526582047
2011-05-15,20155.2222440053,-1365.2985702718433,29379.218093786243,20155.2222440053,20155.2222440053,-6070.420039075672,-6070.420039075672,-6070.420039075672,-6070.420039075672,-6070.420039075672,-6070.420039075672,0.0,0.0,0.0,14084.802204929629
2011-05-16,20186.001370867474,6930.627262526276,38911.74612357074,20186.001370867474,20186.001370867474,2735.1972647237476,2735.1972647237476,2735.1972647237476,2735.1972647237476,2735.1972647237476,2735.1972647237476,0.0,0.0,0.0,22921.198635591223
2011-05-17,20216.78049772965,12095.369209099694,43703.96210791191,20216.78049772965,20216.78049772965,8061.494245067587,8061.494245067587,8061.494245067587,8061.494245067587,8061.494245067587,8061.494245067587,0.0,0.0,0.0,28278.27474279724
2011-05-18,20247.559624591828,9007.058368693482,41806.35099917037,20247.559624591828,20247.559624591828,4702.881908639519,4702.881908639519,4702.881908639519,4702.881908639519,4702.881908639519,4702.881908639519,0.0,0.0,0.0,24950.441533231347
2011-05-19,20278.338751454005,15992.084297252586,48077.09026226162,20278.338751454005,20278.338751454005,11937.407009869368,11937.407009869368,11937.407009869368,11937.407009869368,11937.407009869368,11937.407009869368,0.0,0.0,0.0,32215.74576132337
2011-05-20,20309.11787831618,5178.896374634098,37611.87218410106,20309.11787831618,20309.11787831618,1156.1841805762915,1156.1841805762915,1156.1841805762915,1156.1841805762915,1156.1841805762915,1156.1841805762915,0.0,0.0,0.0,21465.302058892474
2011-05-21,20339.89700517836,-17758.74419069803,13081.733125451283,20339.89700517836,20339.89700517836,-22522.744569794184,-22522.744569794184,-22522.744569794184,-22522.744569794184,-22522.744569794184,-22522.744569794184,0.0,0.0,0.0,-2182.847564615822
2011-05-22,20370.676132040535,-1217.2814139252253,30752.778782923,20370.676132040535,20370.676132040535,-6070.420039063363,-6070.420039063363,-6070.420039063363,-6070.420039063363,-6070.420039063363,-6070.420039063363,0.0,0.0,0.0,14300.256092977172
2011-05-23,20401.45525890271,6018.1886978207995,38494.111629295294,20401.45525890271,20401.45525890271,2735.1972647162347,2735.1972647162347,2735.1972647162347,2735.1972647162347,2735.1972647162347,2735.1972647162347,0.0,0.0,0.0,23136.652523618948
2011-05-24,20432.23438576489,13611.11352069978,43471.673737229554,20432.23438576489,20432.23438576489,8061.494245089855,8061.494245089855,8061.494245089855,8061.494245089855,8061.494245089855,8061.494245089855,0.0,0.0,0.0,28493.728630854745
2011-05-25,20463.01351262706,8404.876296758202,40585.174280933854,20463.01351262706,20463.01351262706,4702.881908651203,4702.881908651203,4702.881908651203,4702.881908651203,4702.881908651203,4702.881908651203,0.0,0.0,0.0,25165.895421278263
2011-05-26,20493.792639489242,17093.04727599233,47326.28648169945,20493.792639489242,20493.792639489242,11937.407009862276,11937.407009862276,11937.407009862276,11937.407009862276,11937.407009862276,11937.407009862276,0.0,0.0,0.0,32431.199649351518
2011-05-27,20524.571766351415,5241.5613365335585,36749.67370482284,20524.571766351415,20524.571766351415,1156.1841805649901,1156.1841805649901,1156.1841805649901,1156.1841805649901,1156.1841805649901,1156.1841805649901,0.0,0.0,0.0,21680.755946916404
2011-05-28,20555.350893213596,-17117.29119420537,12661.08739974036,20555.350893213596,20555.350893213596,-22522.74456981753,-22522.74456981753,-22522.74456981753,-22522.74456981753,-22522.74456981753,-22522.74456981753,0.0,0.0,0.0,-1967.3936766039333
2011-05-29,20606.690025033906,-1555.6241280165427,30577.003767339214,20606.690025033906,20606.690025033906,-6070.420039091548,-6070.420039091548,-6070.420039091548,-6070.420039091548,-6070.420039091548,-6070.420039091548,0.0,0.0,0.0,14536.26998594236
2011-05-30,20658.029156854212,6986.152106406861,39467.1766165664,20658.029156854212,20658.029156854212,2735.1972647143175,2735.1972647143175,2735.1972647143175,2735.1972647143175,2735.1972647143175,2735.1972647143175,0.0,0.0,0.0,23393.226421568528
2011-05-31,20709.368288674523,13160.364019278635,44105.24482156068,20709.368288674523,20709.368288674523,8061.494245081521,8061.494245081521,8061.494245081521,8061.494245081521,8061.494245081521,8061.494245081521,0.0,0.0,0.0,28770.862533756044
2011-06-01,20760.707420494826,9252.68668246865,41122.148666213565,20760.707420494826,20760.707420494826,4702.881908635605,4702.881908635605,4702.881908635605,4702.881908635605,4702.881908635605,4702.881908635605,0.0,0.0,0.0,25463.58932913043
2011-06-02,20812.046552315132,15644.775727749922,48847.883255872235,20812.046552315132,20812.046552315132,11937.407009883844,11937.407009883844,11937.407009883844,11937.407009883844,11937.407009883844,11937.407009883844,0.0,0.0,0.0,32749.453562198978
2011-06-03,20863.385684135443,6603.205819296384,38088.78156084211,20863.385684135443,20863.385684135443,1156.184180600086,1156.184180600086,1156.184180600086,1156.184180600086,1156.184180600086,1156.184180600086,0.0,0.0,0.0,22019.569864735528
2011-06-04,20914.72481595575,-17824.21807868881,13777.626097220793,20914.72481595575,20914.72481595575,-22522.744569797636,-22522.744569797636,-22522.744569797636,-22522.744569797636,-22522.744569797636,-22522.744569797636,0.0,0.0,0.0,-1608.019753841887
2011-06-05,20966.063947776056,-268.55052737249423,29843.378437645,20966.063947776056,20966.063947776056,-6070.4200391135255,-6070.4200391135255,-6070.4200391135255,-6070.4200391135255,-6070.4200391135255,-6070.4200391135255,0.0,0.0,0.0,14895.64390866253
2011-06-06,21017.403079596363,9003.775360026302,39887.30912567047,21017.403079596363,21017.403079596363,2735.1972647220505,2735.1972647220505,2735.1972647220505,2735.1972647220505,2735.1972647220505,2735.1972647220505,0.0,0.0,0.0,23752.600344318413
2011-06-07,21068.74221141667,13221.533885043169,45301.38089077119,21068.74221141667,21068.74221141667,8061.494245073181,8061.494245073181,8061.494245073181,8061.494245073181,8061.494245073181,8061.494245073181,0.0,0.0,0.0,29130.236456489853
2011-06-08,21120.081343236976,8740.260892303913,41694.68612240486,21120.081343236976,21120.081343236976,4702.881908674573,4702.881908674573,4702.881908674573,4702.881908674573,4702.881908674573,4702.881908674573,0.0,0.0,0.0,25822.963251911548
2011-06-09,21171.42047505729,17932.687056821887,49099.31927710431,21171.42047505729,21171.42047505729,11937.407009849656,11937.407009849656,11937.407009849656,11937.407009849656,11937.407009849656,11937.407009849656,0.0,0.0,0.0,33108.82748490694
2011-06-10,21222.759606877593,6377.074665943748,37909.67147004764,21222.759606877593,21222.759606877593,1156.1841805644171,1156.1841805644171,1156.1841805644171,1156.1841805644171,1156.1841805644171,1156.1841805644171,0.0,0.0,0.0,22378.94378744201
2011-06-11,21274.098738697903,-17345.018252767655,13607.321979650469,21274.098738697903,21274.098738697903,-22522.744569805734,-22522.744569805734,-22522.744569805734,-22522.744569805734,-22522.744569805734,-22522.744569805734,0.0,0.0,0.0,-1248.6458311078313
2011-06-12,21325.43787051821,192.03549408956573,31302.61839768808,21325.43787051821,21325.43787051821,-6070.420039101219,-6070.420039101219,-6070.420039101219,-6070.420039101219,-6070.420039101219,-6070.420039101219,0.0,0.0,0.0,15255.01783141699
2011-06-13,21376.777002338516,9957.411529895458,40078.98248503208,21376.777002338516,21376.777002338516,2735.1972647201324,2735.1972647201324,2735.1972647201324,2735.1972647201324,2735.1972647201324,2735.1972647201324,0.0,0.0,0.0,24111.97426705865
2011-06-14,21428.116134158827,13438.348289485946,45184.590406899944,21428.116134158827,21428.116134158827,8061.494245074952,8061.494245074952,8061.494245074952,8061.494245074952,8061.494245074952,8061.494245074952,0.0,0.0,0.0,29489.610379233778
2011-06-15,21479.45526597913,10978.750838653566,42348.868002573865,21479.45526597913,21479.45526597913,4702.881908656109,4702.881908656109,4702.881908656109,4702.881908656109,4702.881908656109,4702.881908656109,0.0,0.0,0.0,26182.33717463524
2011-06-16,21530.794397799436,19120.08348569113,48858.70325273388,21530.794397799436,21530.794397799436,11937.407009871224,11937.407009871224,11937.407009871224,11937.407009871224,11937.407009871224,11937.407009871224,0.0,0.0,0.0,33468.20140767066
2011-06-17,21582.133529619747,7150.94855668451,38295.00780116301,21582.133529619747,21582.133529619747,1156.1841805531162,1156.1841805531162,1156.1841805531162,1156.1841805531162,1156.1841805531162,1156.1841805531162,0.0,0.0,0.0,22738.31771017286
2011-06-18,21633.47266144005,-17071.032188519795,15513.342477240747,21633.47266144005,21633.47266144005,-22522.744569813833,-22522.744569813833,-22522.744569813833,-22522.744569813833,-22522.744569813833,-22522.744569813833,0.0,0.0,0.0,-889.2719083737829
2011-06-19,21684.81179326036,54.86183263195535,30732.55095477227,21684.81179326036,21684.81179326036,-6070.420039123195,-6070.420039123195,-6070.420039123195,-6070.420039123195,-6070.420039123195,-6070.420039123195,0.0,0.0,0.0,15614.391754137165
2011-06-20,21736.150925080667,8581.65664007761,39685.03713109909,21736.150925080667,21736.150925080667,2735.1972647222733,2735.1972647222733,2735.1972647222733,2735.1972647222733,2735.1972647222733,2735.1972647222733,0.0,0.0,0.0,24471.34818980294
2011-06-21,21807.0723959469,14312.391553247853,44521.59887645008,21807.0723959469,21807.0723959469,8061.494245087114,8061.494245087114,8061.494245087114,8061.494245087114,8061.494245087114,8061.494245087114,0.0,0.0,0.0,29868.566641034013
2011-06-22,21877.99386681313,10206.690921723157,43509.71174428288,21877.99386681313,21877.99386681313,4702.881908667792,4702.881908667792,4702.881908667792,4702.881908667792,4702.881908667792,4702.881908667792,0.0,0.0,0.0,26580.87577548092
2011-06-23,21948.915337679355,17268.62915338744,50094.56694074044,21948.915337679355,21948.915337679355,11937.407009892793,11937.407009892793,11937.407009892793,11937.407009892793,11937.407009892793,11937.407009892793,0.0,0.0,0.0,33886.322347572146
2011-06-24,22019.836808545577,7492.218728412177,40120.566156235494,22019.836808545577,22019.836808545577,1156.1841805174465,1156.1841805174465,1156.1841805174465,1156.1841805174465,1156.1841805174465,1156.1841805174465,0.0,0.0,0.0,23176.020989063025
2011-06-25,22090.758279411813,-16360.209308396146,15009.13971955911,22090.758279411813,22090.758279411813,-22522.744569809183,-22522.744569809183,-22522.744569809183,-22522.744569809183,-22522.744569809183,-22522.744569809183,0.0,0.0,0.0,-431.9862903973699
2011-06-26,22161.67975027804,503.4104732353909,31617.690443429103,22161.67975027804,22161.67975027804,-6070.420039110887,-6070.420039110887,-6070.420039110887,-6070.420039110887,-6070.420039110887,-6070.420039110887,0.0,0.0,0.0,16091.259711167153
2011-06-27,22232.601221144265,9961.010784042965,41109.61825943394,22232.601221144265,22232.601221144265,2735.197264720355,2735.197264720355,2735.197264720355,2735.197264720355,2735.197264720355,2735.197264720355,0.0,0.0,0.0,24967.79848586462
2011-06-28,22303.522692010494,14028.366022160562,45779.55359337276,22303.522692010494,22303.522692010494,8061.494245078778,8061.494245078778,8061.494245078778,8061.494245078778,8061.494245078778,8061.494245078778,0.0,0.0,0.0,30365.016937089273
2011-06-29,22374.444162876724,12023.769698214459,44510.70984276651,22374.444162876724,22374.444162876724,4702.881908652195,4702.881908652195,4702.881908652195,4702.881908652195,4702.881908652195,4702.881908652195,0.0,0.0,0.0,27077.326071528918
2011-06-30,22445.365633742957,18264.770777927723,50143.20790058214,22445.365633742957,22445.365633742957,11937.407009858603,11937.407009858603,11937.407009858603,11937.407009858603,11937.407009858603,11937.407009858603,0.0,0.0,0.0,34382.77264360156
2011-07-01,22516.28710460918,7096.937743419187,38740.0475147357,22516.28710460918,22516.28710460918,1156.1841805769077,1156.1841805769077,1156.1841805769077,1156.1841805769077,1156.1841805769077,1156.1841805769077,0.0,0.0,0.0,23672.471285186086
2011-07-02,22587.20857547541,-14787.463603612121,16216.882822373433,22587.20857547541,22587.20857547541,-22522.74456980454,-22522.74456980454,-22522.74456980454,-22522.74456980454,-22522.74456980454,-22522.74456980454,0.0,0.0,0.0,64.46400567087039
2011-07-03,22658.13004634164,972.6420635347766,33007.68572496072,22658.13004634164,22658.13004634164,-6070.4200390954775,-6070.4200390954775,-6070.4200390954775,-6070.4200390954775,-6070.4200390954775,-6070.4200390954775,0.0,0.0,0.0,16587.71000724616
2011-07-04,22729.051517207863,10511.88258249127,41727.1268200255,22729.051517207863,22729.051517207863,2735.1972647184366,2735.1972647184366,2735.1972647184366,2735.1972647184366,2735.1972647184366,2735.1972647184366,0.0,0.0,0.0,25464.2487819263
2011-07-05,22799.97298807409,14692.501844451432,46081.861755438986,22799.97298807409,22799.97298807409,8061.494245090939,8061.494245090939,8061.494245090939,8061.494245090939,8061.494245090939,8061.494245090939,0.0,0.0,0.0,30861.46723316503
2011-07-06,22870.894458940325,11406.517629427306,44953.40139461098,22870.894458940325,22870.894458940325,4702.881908648805,4702.881908648805,4702.881908648805,4702.881908648805,4702.881908648805,4702.881908648805,0.0,0.0,0.0,27573.77636758913
2011-07-07,22941.81592980655,19502.097035742452,51732.65154988063,22941.81592980655,22941.81592980655,11937.407009880171,11937.407009880171,11937.407009880171,11937.407009880171,11937.407009880171,11937.407009880171,0.0,0.0,0.0,34879.22293968672
2011-07-08,23012.737400672773,8075.664252091701,40753.019766911464,23012.737400672773,23012.737400672773,1156.1841805412394,1156.1841805412394,1156.1841805412394,1156.1841805412394,1156.1841805412394,1156.1841805412394,0.0,0.0,0.0,24168.921581214014
2011-07-09,23083.658871539006,-15892.31961861905,15909.908740498104,23083.658871539006,23083.658871539006,-22522.74456981264,-22522.74456981264,-22522.74456981264,-22522.74456981264,-22522.74456981264,-22522.74456981264,0.0,0.0,0.0,560.9143017263668
2011-07-10,23154.580342405236,-122.57676837870902,32390.298814179543,23154.580342405236,23154.580342405236,-6070.42003908317,-6070.42003908317,-6070.42003908317,-6070.42003908317,-6070.42003908317,-6070.42003908317,0.0,0.0,0.0,17084.160303322067
2011-07-11,23225.501813271465,9684.84571767998,42818.04614669089,23225.501813271465,23225.501813271465,2735.1972647205744,2735.1972647205744,2735.1972647205744,2735.1972647205744,2735.1972647205744,2735.1972647205744,0.0,0.0,0.0,25960.699077992038
2011-07-12,23296.42328413769,16465.258756618347,46036.702487528615,23296.42328413769,23296.42328413769,8061.494245072213,8061.494245072213,8061.494245072213,8061.494245072213,8061.494245072213,8061.494245072213,0.0,0.0,0.0,31357.917529209903
2011-07-13,23367.34475500392,13010.817546886754,43486.49195559864,23367.34475500392,23367.34475500392,4702.881908660491,4702.881908660491,4702.881908660491,4702.881908660491,4702.881908660491,4702.881908660491,0.0,0.0,0.0,28070.226663664413
2011-07-14,23438.266225870153,19812.708546475544,51543.33312734068,23438.266225870153,23438.266225870153,11937.407009873077,11937.407009873077,11937.407009873077,11937.407009873077,11937.407009873077,11937.407009873077,0.0,0.0,0.0,35375.673235743234
2011-07-15,23509.187696736375,9668.105037195071,40881.16201914739,23509.187696736375,23509.187696736375,1156.1841805055703,1156.1841805055703,1156.1841805055703,1156.1841805055703,1156.1841805055703,1156.1841805055703,0.0,0.0,0.0,24665.371877241945
2011-07-16,23580.1091676026,-13548.785945083906,16850.94392504912,23580.1091676026,23580.1091676026,-22522.744569792747,-22522.744569792747,-22522.744569792747,-22522.744569792747,-22522.744569792747,-22522.744569792747,0.0,0.0,0.0,1057.3645978098539
2011-07-17,23651.030638468837,1739.096972823249,32943.08890238375,23651.030638468837,23651.030638468837,-6070.420039108251,-6070.420039108251,-6070.420039108251,-6070.420039108251,-6070.420039108251,-6070.420039108251,0.0,0.0,0.0,17580.610599360585
2011-07-18,23721.952109335063,10563.562011614282,42419.77435304214,23721.952109335063,23721.952109335063,2735.1972647186585,2735.1972647186585,2735.1972647186585,2735.1972647186585,2735.1972647186585,2735.1972647186585,0.0,0.0,0.0,26457.149374053723
2011-07-19,23792.873580201292,16506.902919355456,47988.441475607695,23792.873580201292,23792.873580201292,8061.494245073983,8061.494245073983,8061.494245073983,8061.494245073983,8061.494245073983,8061.494245073983,0.0,0.0,0.0,31854.367825275276
2011-07-20,23863.795051067515,12069.455855696253,45242.900519844836,23863.795051067515,23863.795051067515,4702.881908672175,4702.881908672175,4702.881908672175,4702.881908672175,4702.881908672175,4702.881908672175,0.0,0.0,0.0,28566.67695973969
2011-07-21,23934.716521933748,19703.859341058138,51448.81922750317,23934.716521933748,23934.716521933748,11937.407009894647,11937.407009894647,11937.407009894647,11937.407009894647,11937.407009894647,11937.407009894647,0.0,0.0,0.0,35872.123531828394
2011-07-22,24005.637992799977,10437.681816503373,41484.902096653146,24005.637992799977,24005.637992799977,1156.1841805650322,1156.1841805650322,1156.1841805650322,1156.1841805650322,1156.1841805650322,1156.1841805650322,0.0,0.0,0.0,25161.82217336501
2011-07-23,24076.559463666203,-14043.05069784645,16676.597305882387,24076.559463666203,24076.559463666203,-22522.744569816095,-22522.744569816095,-22522.744569816095,-22522.744569816095,-22522.744569816095,-22522.744569816095,0.0,0.0,0.0,1553.8148938501072
2011-07-24,24147.480934532432,3095.748597068277,33900.068591531635,24147.480934532432,24147.480934532432,-6070.42003909284,-6070.42003909284,-6070.42003909284,-6070.42003909284,-6070.42003909284,-6070.42003909284,0.0,0.0,0.0,18077.060895439594
2011-07-25,24218.40240539866,11541.568359155255,42145.54133306736,24218.40240539866,24218.40240539866,2735.197264726393,2735.197264726393,2735.197264726393,2735.197264726393,2735.197264726393,2735.197264726393,0.0,0.0,0.0,26953.599670125055
2011-07-26,24289.323876264887,16888.95970311542,48125.63038822103,24289.323876264887,24289.323876264887,8061.494245065647,8061.494245065647,8061.494245065647,8061.494245065647,8061.494245065647,8061.494245065647,0.0,0.0,0.0,32350.818121330536
2011-07-27,24360.245347131113,13467.827678975023,45658.8316733608,24360.245347131113,24360.245347131113,4702.881908641503,4702.881908641503,4702.881908641503,4702.881908641503,4702.881908641503,4702.881908641503,0.0,0.0,0.0,29063.127255772615
2011-07-28,24431.16681799735,20849.585459578044,52156.47317669669,24431.16681799735,24431.16681799735,11937.407009889119,11937.407009889119,11937.407009889119,11937.407009889119,11937.407009889119,11937.407009889119,0.0,0.0,0.0,36368.57382788647
2011-07-29,24502.08828886357,9281.493542188537,41595.99061318658,24502.08828886357,24502.08828886357,1156.1841805757585,1156.1841805757585,1156.1841805757585,1156.1841805757585,1156.1841805757585,1156.1841805757585,0.0,0.0,0.0,25658.27246943933
2011-07-30,24573.009759729805,-14273.132244760058,18279.273193207224,24573.009759729805,24573.009759729805,-22522.744569808943,-22522.744569808943,-22522.744569808943,-22522.744569808943,-22522.744569808943,-22522.744569808943,0.0,0.0,0.0,2050.2651899208613
2011-07-31,24643.931230596027,2354.4708957763387,33822.86341051066,24643.931230596027,24643.931230596027,-6070.420039077429,-6070.420039077429,-6070.420039077429,-6070.420039077429,-6070.420039077429,-6070.420039077429,0.0,0.0,0.0,18573.5111915186
2011-08-01,24714.85270146226,11695.91319546021,43109.223014601805,24714.85270146226,24714.85270146226,2735.1972647244756,2735.1972647244756,2735.1972647244756,2735.1972647244756,2735.1972647244756,2735.1972647244756,0.0,0.0,0.0,27450.049966186736
2011-08-02,24785.77417232849,16559.16810473452,48178.67872725169,24785.77417232849,24785.77417232849,8061.494245087915,8061.494245087915,8061.494245087915,8061.494245087915,8061.494245087915,8061.494245087915,0.0,0.0,0.0,32847.2684174164
2011-08-03,24856.69564319471,14508.203478633219,46298.975086260514,24856.69564319471,24856.69564319471,4702.881908680471,4702.881908680471,4702.881908680471,4702.881908680471,4702.881908680471,4702.881908680471,0.0,0.0,0.0,29559.577551875183
2011-08-04,24927.617114060944,21165.19771120534,52717.160370774975,24927.617114060944,24927.617114060944,11937.407009882025,11937.407009882025,11937.407009882025,11937.407009882025,11937.407009882025,11937.407009882025,0.0,0.0,0.0,36865.02412394297
2011-08-05,24998.538584927173,10456.4697703055,42806.93134328088,24998.538584927173,24998.538584927173,1156.1841805888241,1156.1841805888241,1156.1841805888241,1156.1841805888241,1156.1841805888241,1156.1841805888241,0.0,0.0,0.0,26154.722765516
2011-08-06,25069.4600557934,-13985.586034306783,17268.267512460814,25069.4600557934,25069.4600557934,-22522.744569817045,-22522.744569817045,-22522.744569817045,-22522.744569817045,-22522.744569817045,-22522.744569817045,0.0,0.0,0.0,2546.715485976354
2011-08-07,25140.38152665962,2974.4852154555874,34189.30501302887,25140.38152665962,25140.38152665962,-6070.420039105612,-6070.420039105612,-6070.420039105612,-6070.420039105612,-6070.420039105612,-6070.420039105612,0.0,0.0,0.0,19069.96148755401
2011-08-08,25211.302997525858,12640.488695148182,43079.61824078771,25211.302997525858,25211.302997525858,2735.1972647169596,2735.1972647169596,2735.1972647169596,2735.1972647169596,2735.1972647169596,2735.1972647169596,0.0,0.0,0.0,27946.50026224282
2011-08-09,25282.224468392084,17667.52155690023,49627.76781153866,25282.224468392084,25282.224468392084,8061.494245100073,8061.494245100073,8061.494245100073,8061.494245100073,8061.494245100073,8061.494245100073,0.0,0.0,0.0,33343.718713492155
2011-08-10,25353.145939258313,14480.800251608493,45926.118006247074,25353.145939258313,25353.145939258313,4702.881908664874,4702.881908664874,4702.881908664874,4702.881908664874,4702.881908664874,4702.881908664874,0.0,0.0,0.0,30056.027847923186
2011-08-11,25424.06741012454,21251.639081863428,54048.189651108536,25424.06741012454,25424.06741012454,11937.40700987493,11937.40700987493,11937.40700987493,11937.40700987493,11937.40700987493,11937.40700987493,0.0,0.0,0.0,37361.47441999947
2011-08-12,25494.988880990768,10499.85915571232,43406.984560974546,25494.988880990768,25494.988880990768,1156.1841805995505,1156.1841805995505,1156.1841805995505,1156.1841805995505,1156.1841805995505,1156.1841805995505,0.0,0.0,0.0,26651.173061590318
2011-08-13,25565.910351857,-12198.053093780813,18491.994274855744,25565.910351857,25565.910351857,-22522.744569797156,-22522.744569797156,-22522.744569797156,-22522.744569797156,-22522.744569797156,-22522.744569797156,0.0,0.0,0.0,3043.165782059845
2011-08-14,25636.831822723223,3624.156351079565,35826.90915444838,25636.831822723223,25636.831822723223,-6070.420039087099,-6070.420039087099,-6070.420039087099,-6070.420039087099,-6070.420039087099,-6070.420039087099,0.0,0.0,0.0,19566.411783636126
2011-08-15,25707.753293589456,13065.170417246003,44853.737158311145,25707.753293589456,25707.753293589456,2735.1972647191005,2735.1972647191005,2735.1972647191005,2735.1972647191005,2735.1972647191005,2735.1972647191005,0.0,0.0,0.0,28442.950558308556
2011-08-16,25778.674764455685,18704.552741527594,48923.87890982049,25778.674764455685,25778.674764455685,8061.4942450712415,8061.4942450712415,8061.4942450712415,8061.4942450712415,8061.4942450712415,8061.4942450712415,0.0,0.0,0.0,33840.16900952693
2011-08-17,25849.596235321907,15627.417650483985,47523.25539838754,25849.596235321907,25849.596235321907,4702.881908676557,4702.881908676557,4702.881908676557,4702.881908676557,4702.881908676557,4702.881908676557,0.0,0.0,0.0,30552.478143998465
2011-08-18,25920.51770618814,21635.767915047574,53215.46123795313,25920.51770618814,25920.51770618814,11937.407009898068,11937.407009898068,11937.407009898068,11937.407009898068,11937.407009898068,11937.407009898068,0.0,0.0,0.0,37857.92471608621
2011-08-19,25991.43917705437,13329.090583702935,43300.20382139455,25991.43917705437,25991.43917705437,1156.1841805882484,1156.1841805882484,1156.1841805882484,1156.1841805882484,1156.1841805882484,1156.1841805882484,0.0,0.0,0.0,27147.623357642617
2011-08-20,26062.360647920596,-12462.491643264162,19142.76558722365,26062.360647920596,26062.360647920596,-22522.744569790004,-22522.744569790004,-22522.744569790004,-22522.744569790004,-22522.744569790004,-22522.744569790004,0.0,0.0,0.0,3539.6160781305916
2011-08-21,26133.282118786825,4202.740382162909,36359.68080422291,26133.282118786825,26133.282118786825,-6070.420039074791,-6070.420039074791,-6070.420039074791,-6070.420039074791,-6070.420039074791,-6070.420039074791,0.0,0.0,0.0,20062.862079712035
2011-08-22,26204.20358965305,13569.905851003641,44590.277328656215,26204.20358965305,26204.20358965305,2735.197264726836,2735.197264726836,2735.197264726836,2735.197264726836,2735.197264726836,2735.197264726836,0.0,0.0,0.0,28939.400854379885
2011-08-23,26275.12506051928,18418.59705893557,50342.81349994839,26275.12506051928,26275.12506051928,8061.49424509351,8061.49424509351,8061.49424509351,8061.49424509351,8061.49424509351,8061.49424509351,0.0,0.0,0.0,34336.61930561279
2011-08-24,26346.04653138551,15523.320126168739,47004.41281368982,26346.04653138551,26346.04653138551,4702.881908645885,4702.881908645885,4702.881908645885,4702.881908645885,4702.881908645885,4702.881908645885,0.0,0.0,0.0,31048.928440031395
2011-08-25,26416.968002251735,22706.75267933223,54149.3174665992,26416.968002251735,26416.968002251735,11937.40700986231,11937.40700986231,11937.40700986231,11937.40700986231,11937.40700986231,11937.40700986231,0.0,0.0,0.0,38354.37501211405
2011-08-26,26487.889473117964,11349.11459734597,45269.07988691999,26487.889473117964,26487.889473117964,1156.1841805769466,1156.1841805769466,1156.1841805769466,1156.1841805769466,1156.1841805769466,1156.1841805769466,0.0,0.0,0.0,27644.07365369491
2011-08-27,26558.810943984197,-9910.336950884779,19947.663141537454,26558.810943984197,26558.810943984197,-22522.74456981335,-22522.74456981335,-22522.74456981335,-22522.74456981335,-22522.74456981335,-22522.74456981335,0.0,0.0,0.0,4036.0663741708486
2011-08-28,26629.73241485042,4210.471712192897,36671.845484714904,26629.73241485042,26629.73241485042,-6070.420039059381,-6070.420039059381,-6070.420039059381,-6070.420039059381,-6070.420039059381,-6070.420039059381,0.0,0.0,0.0,20559.312375791036
2011-08-29,26700.653885716652,12900.855788097331,45957.80351821776,26700.653885716652,26700.653885716652,2735.197264709668,2735.197264709668,2735.197264709668,2735.197264709668,2735.197264709668,2735.197264709668,0.0,0.0,0.0,29435.851150426322
2011-08-30,26771.57535658288,18514.858821818372,50201.89425699921,26771.57535658288,26771.57535658288,8061.494245085172,8061.494245085172,8061.494245085172,8061.494245085172,8061.494245085172,8061.494245085172,0.0,0.0,0.0,34833.06960166805
2011-08-31,26842.496827449108,15847.099346519,47767.400396296944,26842.496827449108,26842.496827449108,4702.881908630287,4702.881908630287,4702.881908630287,4702.881908630287,4702.881908630287,4702.881908630287,0.0,0.0,0.0,31545.378736079394
2011-09-01,26913.418298315337,22290.85056280762,54846.262612287734,26913.418298315337,26913.418298315337,11937.407009885448,11937.407009885448,11937.407009885448,11937.407009885448,11937.407009885448,11937.407009885448,0.0,0.0,0.0,38850.82530820079
2011-09-02,26984.33976918156,12425.356441056134,44063.91668172504,26984.33976918156,26984.33976918156,1156.184180565647,1156.184180565647,1156.184180565647,1156.184180565647,1156.184180565647,1156.184180565647,0.0,0.0,0.0,28140.523949747207
2011-09-03,27055.261240047792,-12270.26976300151,20107.796632967988,27055.261240047792,27055.261240047792,-22522.74456979346,-22522.74456979346,-22522.74456979346,-22522.74456979346,-22522.74456979346,-22522.74456979346,0.0,0.0,0.0,4532.516670254332
2011-09-04,27126.18271091402,5509.257144771192,37580.1712615933,27126.18271091402,27126.18271091402,-6070.420039087564,-6070.420039087564,-6070.420039087564,-6070.420039087564,-6070.420039087564,-6070.420039087564,0.0,0.0,0.0,21055.76267182646
2011-09-05,27197.104181780247,14348.430829547193,45065.91502984114,27197.104181780247,27197.104181780247,2735.197264717404,2735.197264717404,2735.197264717404,2735.197264717404,2735.197264717404,2735.197264717404,0.0,0.0,0.0,29932.30144649765
2011-09-06,27268.025652646476,19745.835600497467,50797.23734376227,27268.025652646476,27268.025652646476,8061.494245076837,8061.494245076837,8061.494245076837,8061.494245076837,8061.494245076837,8061.494245076837,0.0,0.0,0.0,35329.519897723316
2011-09-07,27338.947123512706,17518.42817953682,47639.73976407211,27338.947123512706,27338.947123512706,4702.881908669255,4702.881908669255,4702.881908669255,4702.881908669255,4702.881908669255,4702.881908669255,0.0,0.0,0.0,32041.82903218196
2011-09-08,27409.86859437893,24132.129737300977,54880.409871869066,27409.86859437893,27409.86859437893,11937.407009851258,11937.407009851258,11937.407009851258,11937.407009851258,11937.407009851258,11937.407009851258,0.0,0.0,0.0,39347.27560423019
2011-09-09,27480.79006524516,12470.978651778332,45134.97999651116,27480.79006524516,27480.79006524516,1156.1841805763736,1156.1841805763736,1156.1841805763736,1156.1841805763736,1156.1841805763736,1156.1841805763736,0.0,0.0,0.0,28636.974245821533
2011-09-10,27551.711536111394,-11158.703993879053,20299.399483967823,27551.711536111394,27551.711536111394,-22522.744569801558,-22522.744569801558,-22522.744569801558,-22522.744569801558,-22522.744569801558,-22522.744569801558,0.0,0.0,0.0,5028.966966309836
2011-09-11,27622.633006977616,6276.7912285439925,37379.80234491583,27622.633006977616,27622.633006977616,-6070.42003910954,-6070.42003910954,-6070.42003910954,-6070.42003910954,-6070.42003910954,-6070.42003910954,0.0,0.0,0.0,21552.212967868076
2011-09-12,27693.55447784385,14077.835229112108,45989.49145865148,27693.55447784385,27693.55447784385,2735.1972647154853,2735.1972647154853,2735.1972647154853,2735.1972647154853,2735.1972647154853,2735.1972647154853,0.0,0.0,0.0,30428.751742559332
2011-09-13,27764.47594871007,19143.418365628993,50959.57660209453,27764.47594871007,27764.47594871007,8061.4942450685,8061.4942450685,8061.4942450685,8061.4942450685,8061.4942450685,8061.4942450685,0.0,0.0,0.0,35825.97019377857
2011-09-14,27835.397419576304,17100.19866421766,49439.666608983614,27835.397419576304,27835.397419576304,4702.881908638584,4702.881908638584,4702.881908638584,4702.881908638584,4702.881908638584,4702.881908638584,0.0,0.0,0.0,32538.27932821489
2011-09-15,27906.318890442533,23751.531537773455,54949.41193027286,27906.318890442533,27906.318890442533,11937.407009872826,11937.407009872826,11937.407009872826,11937.407009872826,11937.407009872826,11937.407009872826,0.0,0.0,0.0,39843.72590031536
2011-09-16,27977.240361308755,13317.397984679894,44402.71122179233,27977.240361308755,27977.240361308755,1156.184180565073,1156.184180565073,1156.184180565073,1156.184180565073,1156.184180565073,1156.184180565073,0.0,0.0,0.0,29133.42454187383
2011-09-17,28048.16183217499,-10757.131417397484,21228.171748501936,28048.16183217499,28048.16183217499,-22522.744569809656,-22522.744569809656,-22522.744569809656,-22522.744569809656,-22522.744569809656,-22522.744569809656,0.0,0.0,0.0,5525.417262365332
2011-09-18,28119.083303041218,5791.2038642379885,38340.13221146926,28119.083303041218,28119.083303041218,-6070.4200390941305,-6070.4200390941305,-6070.4200390941305,-6070.4200390941305,-6070.4200390941305,-6070.4200390941305,0.0,0.0,0.0,22048.663263947088
2011-09-19,28190.004773907443,14713.72533814238,46851.66097650528,28190.004773907443,28190.004773907443,2735.1972647176253,2735.1972647176253,2735.1972647176253,2735.1972647176253,2735.1972647176253,2735.1972647176253,0.0,0.0,0.0,30925.20203862507
2011-09-20,28260.926244773673,20454.04193534269,51692.72652329181,28260.926244773673,28260.926244773673,8061.494245090768,8061.494245090768,8061.494245090768,8061.494245090768,8061.494245090768,8061.494245090768,0.0,0.0,0.0,36322.42048986444
2011-09-21,28331.847715639902,17635.895849572295,50391.30411742892,28331.847715639902,28331.847715639902,4702.88190865027,4702.88190865027,4702.88190865027,4702.88190865027,4702.88190865027,4702.88190865027,0.0,0.0,0.0,33034.72962429017
2011-09-22,28402.769186506128,23507.28852203726,58176.056841733065,28402.769186506128,28402.769186506128,11937.407009865732,11937.407009865732,11937.407009865732,11937.407009865732,11937.407009865732,11937.407009865732,0.0,0.0,0.0,40340.17619637186
2011-09-23,28473.690657372357,14112.012551042075,44909.7960579686,28473.690657372357,28473.690657372357,1156.1841805294032,1156.1841805294032,1156.1841805294032,1156.1841805294032,1156.1841805294032,1156.1841805294032,0.0,0.0,0.0,29629.87483790176
2011-09-24,28544.612128238583,-10195.78069532774,20447.373159181047,28544.612128238583,28544.612128238583,-22522.744569817754,-22522.744569817754,-22522.744569817754,-22522.744569817754,-22522.744569817754,-22522.744569817754,0.0,0.0,0.0,6021.867558420829
2011-09-25,28615.533599104812,6793.914025843694,38048.04363032666,28615.533599104812,28615.533599104812,-6070.420039119212,-6070.420039119212,-6070.420039119212,-6070.420039119212,-6070.420039119212,-6070.420039119212,0.0,0.0,0.0,22545.1135599856
2011-09-26,28686.455069971045,14976.64061935175,47385.121093412716,28686.455069971045,28686.455069971045,2735.197264715705,2735.197264715705,2735.197264715705,2735.197264715705,2735.197264715705,2735.197264715705,0.0,0.0,0.0,31421.65233468675
2011-09-27,28757.376540837267,22306.32652390393,52138.14705209102,28757.376540837267,28757.376540837267,8061.494245082431,8061.494245082431,8061.494245082431,8061.494245082431,8061.494245082431,8061.494245082431,0.0,0.0,0.0,36818.8707859197
2011-09-28,28828.298011703497,17985.23284052194,49524.445374212984,28828.298011703497,28828.298011703497,4702.881908646879,4702.881908646879,4702.881908646879,4702.881908646879,4702.881908646879,4702.881908646879,0.0,0.0,0.0,33531.179920350376
2011-09-29,28899.219482569733,24528.910532752783,56571.66638437275,28899.219482569733,28899.219482569733,11937.407009858638,11937.407009858638,11937.407009858638,11937.407009858638,11937.407009858638,11937.407009858638,0.0,0.0,0.0,40836.626492428375
2011-09-30,28970.140953435955,14252.070336978588,46487.909844796704,28970.140953435955,28970.140953435955,1156.1841805888657,1156.1841805888657,1156.1841805888657,1156.1841805888657,1156.1841805888657,1156.1841805888657,0.0,0.0,0.0,30126.32513402482
2011-10-01,29041.06242430218,-8283.18560588216,23038.05512212423,29041.06242430218,29041.06242430218,-22522.744569797866,-22522.744569797866,-22522.744569797866,-22522.744569797866,-22522.744569797866,-22522.744569797866,0.0,0.0,0.0,6518.317854504316
2011-10-02,29111.983895168418,6990.332131930939,39269.91402905062,29111.983895168418,29111.983895168418,-6070.420039106904,-6070.420039106904,-6070.420039106904,-6070.420039106904,-6070.420039106904,-6070.420039106904,0.0,0.0,0.0,23041.56385606151
2011-10-03,29182.905366034644,15350.634945178545,47037.29449085016,29182.905366034644,29182.905366034644,2735.19726472344,2735.19726472344,2735.19726472344,2735.19726472344,2735.19726472344,2735.19726472344,0.0,0.0,0.0,31918.102630758083
2011-10-04,29253.826836900866,21015.36984840166,54338.29156123837,29253.826836900866,29253.826836900866,8061.494245094593,8061.494245094593,8061.494245094593,8061.494245094593,8061.494245094593,8061.494245094593,0.0,0.0,0.0,37315.321081995455
2011-10-05,29324.74830776709,18671.67338229012,49441.795241488195,29324.74830776709,29324.74830776709,4702.881908643489,4702.881908643489,4702.881908643489,4702.881908643489,4702.881908643489,4702.881908643489,0.0,0.0,0.0,34027.63021641058
2011-10-06,29395.669778633328,23438.518268084677,56362.78752173639,29395.669778633328,29395.669778633328,11937.40700985311,11937.40700985311,11937.40700985311,11937.40700985311,11937.40700985311,11937.40700985311,0.0,0.0,0.0,41333.07678848644
2011-10-07,29466.591249499554,14086.198324352294,45931.90885995914,29466.591249499554,29466.591249499554,1156.1841805531956,1156.1841805531956,1156.1841805531956,1156.1841805531956,1156.1841805531956,1156.1841805531956,0.0,0.0,0.0,30622.77543005275
2011-10-08,29537.512720365776,-8731.902423432459,22449.34436112702,29537.512720365776,29537.512720365776,-22522.74456980596,-22522.74456980596,-22522.74456980596,-22522.74456980596,-22522.74456980596,-22522.74456980596,0.0,0.0,0.0,7014.768150559816
2011-10-09,29608.434191232012,6771.059472098193,38582.63914718563,29608.434191232012,29608.434191232012,-6070.420039094597,-6070.420039094597,-6070.420039094597,-6070.420039094597,-6070.420039094597,-6070.420039094597,0.0,0.0,0.0,23538.014152137417
2011-10-10,29679.355662098238,16598.286973803675,47354.37537356542,29679.355662098238,29679.355662098238,2735.197264731177,2735.197264731177,2735.197264731177,2735.197264731177,2735.197264731177,2735.197264731177,0.0,0.0,0.0,32414.552926829416
2011-10-11,29750.27713296446,23227.654621672642,53787.54249240258,29750.27713296446,29750.27713296446,8061.494245075865,8061.494245075865,8061.494245075865,8061.494245075865,8061.494245075865,8061.494245075865,0.0,0.0,0.0,37811.77137804033
2011-10-12,29821.198603830697,19601.12913476896,50158.70718077959,29821.198603830697,29821.198603830697,4702.881908655173,4702.881908655173,4702.881908655173,4702.881908655173,4702.881908655173,4702.881908655173,0.0,0.0,0.0,34524.08051248587
2011-10-13,29892.120074696923,25539.9103219392,57018.65286920956,29892.120074696923,29892.120074696923,11937.40700987468,11937.40700987468,11937.40700987468,11937.40700987468,11937.40700987468,11937.40700987468,0.0,0.0,0.0,41829.5270845716
2011-10-14,29963.04154556315,15616.141065532345,45943.30642886748,29963.04154556315,29963.04154556315,1156.1841805418937,1156.1841805418937,1156.1841805418937,1156.1841805418937,1156.1841805418937,1156.1841805418937,0.0,0.0,0.0,31119.225726105044
2011-10-15,30033.963016429385,-8905.018932050616,24144.68044468762,30033.963016429385,30033.963016429385,-22522.744569801318,-22522.744569801318,-22522.744569801318,-22522.744569801318,-22522.744569801318,-22522.744569801318,0.0,0.0,0.0,7511.218446628067
2011-10-16,30104.884487295607,8286.325108201312,39922.66024252921,30104.884487295607,30104.884487295607,-6070.420039119677,-6070.420039119677,-6070.420039119677,-6070.420039119677,-6070.420039119677,-6070.420039119677,0.0,0.0,0.0,24034.46444817593
2011-10-17,30175.805958161844,17207.729112465633,47754.98848841248,30175.805958161844,30175.805958161844,2735.197264723662,2735.197264723662,2735.197264723662,2735.197264723662,2735.197264723662,2735.197264723662,0.0,0.0,0.0,32911.003222885505
2011-10-18,30246.72742902807,23565.075907527975,54617.17131356983,30246.72742902807,30246.72742902807,8061.494245088027,8061.494245088027,8061.494245088027,8061.494245088027,8061.494245088027,8061.494245088027,0.0,0.0,0.0,38308.221674116096
2011-10-19,30317.648899894295,19641.706389294493,50119.345056101156,30317.648899894295,30317.648899894295,4702.881908666859,4702.881908666859,4702.881908666859,4702.881908666859,4702.881908666859,4702.881908666859,0.0,0.0,0.0,35020.530808561154
2011-10-20,30388.57037076053,26113.05219028396,59648.10628953999,30388.57037076053,30388.57037076053,11937.40700989625,11937.40700989625,11937.40700989625,11937.40700989625,11937.40700989625,11937.40700989625,0.0,0.0,0.0,42325.97738065678
2011-10-21,30459.491841626754,15808.59956389815,47231.072165259466,30459.491841626754,30459.491841626754,1156.1841805305935,1156.1841805305935,1156.1841805305935,1156.1841805305935,1156.1841805305935,1156.1841805305935,0.0,0.0,0.0,31615.676022157346
2011-10-22,30530.41331249298,-6401.385047826553,24845.937126389636,30530.41331249298,30530.41331249298,-22522.74456981192,-22522.74456981192,-22522.74456981192,-22522.74456981192,-22522.74456981192,-22522.74456981192,0.0,0.0,0.0,8007.66874268106
2011-10-23,30601.3347833592,8638.443445288469,40383.46905378435,30601.3347833592,30601.3347833592,-6070.420039104266,-6070.420039104266,-6070.420039104266,-6070.420039104266,-6070.420039104266,-6070.420039104266,0.0,0.0,0.0,24530.914744254937
2011-10-24,30672.25625422544,18580.77934985545,49971.26657862396,30672.25625422544,30672.25625422544,2735.1972647217444,2735.1972647217444,2735.1972647217444,2735.1972647217444,2735.1972647217444,2735.1972647217444,0.0,0.0,0.0,33407.453518947186
2011-10-25,30743.177725091664,23755.8666030004,53696.97142737811,30743.177725091664,30743.177725091664,8061.494245069301,8061.494245069301,8061.494245069301,8061.494245069301,8061.494245069301,8061.494245069301,0.0,0.0,0.0,38804.67197016096
2011-10-26,30814.09919595789,19958.9010712461,51774.777795356575,30814.09919595789,30814.09919595789,4702.881908651261,4702.881908651261,4702.881908651261,4702.881908651261,4702.881908651261,4702.881908651261,0.0,0.0,0.0,35516.98110460915
2011-10-27,30885.02066682411,25741.463934002924,58123.52325350604,30885.02066682411,30885.02066682411,11937.407009890725,11937.407009890725,11937.407009890725,11937.407009890725,11937.407009890725,11937.407009890725,0.0,0.0,0.0,42822.42767671484
2011-10-28,30955.94213769035,16981.740939588144,47366.59022476661,30955.94213769035,30955.94213769035,1156.1841805656886,1156.1841805656886,1156.1841805656886,1156.1841805656886,1156.1841805656886,1156.1841805656886,0.0,0.0,0.0,32112.126318256036
2011-10-29,31026.863608556574,-7711.364266221477,24238.9066424348,31026.863608556574,31026.863608556574,-22522.74456980477,-22522.74456980477,-22522.74456980477,-22522.74456980477,-22522.74456980477,-22522.74456980477,0.0,0.0,0.0,8504.119038751804
2011-10-30,31097.7850794228,8785.180491731782,40959.769356678866,31097.7850794228,31097.7850794228,-6070.420039088855,-6070.420039088855,-6070.420039088855,-6070.420039088855,-6070.420039088855,-6070.420039088855,0.0,0.0,0.0,25027.365040333945
2011-10-31,31168.706550289036,18109.680590768727,49101.51184630156,31168.706550289036,31168.706550289036,2735.1972647198254,2735.1972647198254,2735.1972647198254,2735.1972647198254,2735.1972647198254,2735.1972647198254,0.0,0.0,0.0,33903.90381500886
2011-11-01,31239.62802115526,23819.417393081494,54939.382393039414,31239.62802115526,31239.62802115526,8061.494245091569,8061.494245091569,8061.494245091569,8061.494245091569,8061.494245091569,8061.494245091569,0.0,0.0,0.0,39301.12226624683
2011-11-02,31310.549492021484,19809.016745611472,52613.547706936166,31310.549492021484,31310.549492021484,4702.881908675154,4702.881908675154,4702.881908675154,4702.881908675154,4702.881908675154,4702.881908675154,0.0,0.0,0.0,36013.43140069664
2011-11-03,31381.47096288772,26623.847995540855,58387.313358113104,31381.47096288772,31381.47096288772,11937.40700988363,11937.40700988363,11937.40700988363,11937.40700988363,11937.40700988363,11937.40700988363,0.0,0.0,0.0,43318.87797277135
2011-11-04,31452.392433753947,16479.230505921838,47165.32199855481,31452.392433753947,31452.392433753947,1156.1841805300205,1156.1841805300205,1156.1841805300205,1156.1841805300205,1156.1841805300205,1156.1841805300205,0.0,0.0,0.0,32608.576614283968
2011-11-05,31523.313904620183,-6697.429768704307,25147.923973329962,31523.313904620183,31523.313904620183,-22522.744569812865,-22522.744569812865,-22522.744569812865,-22522.744569812865,-22522.744569812865,-22522.744569812865,0.0,0.0,0.0,9000.569334807318
2011-11-06,31594.235375486405,10386.182566611948,41692.44423300588,31594.235375486405,31594.235375486405,-6070.420039076549,-6070.420039076549,-6070.420039076549,-6070.420039076549,-6070.420039076549,-6070.420039076549,0.0,0.0,0.0,25523.815336409854
2011-11-07,31665.15684635263,18364.112827907273,50486.050887139834,31665.15684635263,31665.15684635263,2735.1972647123134,2735.1972647123134,2735.1972647123134,2735.1972647123134,2735.1972647123134,2735.1972647123134,0.0,0.0,0.0,34400.354111064946
2011-11-08,31736.078317218868,25082.84723509808,55793.47360747134,31736.078317218868,31736.078317218868,8061.494245083232,8061.494245083232,8061.494245083232,8061.494245083232,8061.494245083232,8061.494245083232,0.0,0.0,0.0,39797.5725623021
2011-11-09,31806.999788085093,21883.60401790573,52718.62842880391,31806.999788085093,31806.999788085093,4702.881908659555,4702.881908659555,4702.881908659555,4702.881908659555,4702.881908659555,4702.881908659555,0.0,0.0,0.0,36509.88169674465
2011-11-10,31877.921258951315,27979.786739898685,60912.15522181988,31877.921258951315,31877.921258951315,11937.407009876535,11937.407009876535,11937.407009876535,11937.407009876535,11937.407009876535,11937.407009876535,0.0,0.0,0.0,43815.32826882785
2011-11-11,31948.84272981754,17590.554946573655,48754.03633978257,31948.84272981754,31948.84272981754,1156.1841805894799,1156.1841805894799,1156.1841805894799,1156.1841805894799,1156.1841805894799,1156.1841805894799,0.0,0.0,0.0,33105.02691040702
2011-11-12,32019.764200683778,-5850.776408678849,25168.06588322508,32019.764200683778,32019.764200683778,-22522.744569792976,-22522.744569792976,-22522.744569792976,-22522.744569792976,-22522.744569792976,-22522.744569792976,0.0,0.0,0.0,9497.019630890802
2011-11-13,32090.68567155,9952.482322495349,41184.28061800521,32090.68567155,32090.68567155,-6070.420039098525,-6070.420039098525,-6070.420039098525,-6070.420039098525,-6070.420039098525,-6070.420039098525,0.0,0.0,0.0,26020.265632451476
2011-11-14,32161.607142416226,20032.38728518994,50341.459808350526,32161.607142416226,32161.607142416226,2735.197264720047,2735.197264720047,2735.197264720047,2735.197264720047,2735.197264720047,2735.197264720047,0.0,0.0,0.0,34896.804407136275
2011-11-15,32232.528613282462,25040.51238175625,55049.232731433774,32232.47159705229,32232.528613282462,8061.494245074897,8061.494245074897,8061.494245074897,8061.494245074897,8061.494245074897,8061.494245074897,0.0,0.0,0.0,40294.02285835736
2011-11-16,32303.450084148688,19310.53850077259,53369.930481698255,32301.686781715878,32304.86961745414,4702.881908671241,4702.881908671241,4702.881908671241,4702.881908671241,4702.881908671241,4702.881908671241,0.0,0.0,0.0,37006.33199281993
2011-11-17,32374.37155501491,29185.47671442222,60941.96432115004,32370.92110794888,32378.286952826198,11937.407009898105,11937.407009898105,11937.407009898105,11937.407009898105,11937.407009898105,11937.407009898105,0.0,0.0,0.0,44311.77856491302
2011-11-18,32445.293025881136,18316.039534638887,49230.04557834134,32438.08195546806,32452.68876720901,1156.1841806002083,1156.1841806002083,1156.1841806002083,1156.1841806002083,1156.1841806002083,1156.1841806002083,0.0,0.0,0.0,33601.477206481344
2011-11-19,32516.214496747372,-6580.550607945879,25602.247469850707,32504.896905678663,32526.4135129614,-22522.744569801074,-22522.744569801074,-22522.744569801074,-22522.744569801074,-22522.744569801074,-22522.744569801074,0.0,0.0,0.0,9993.469926946298
2011-11-20,32587.13596761361,10550.907101038749,42591.531975958285,32572.714469803544,32601.663905035122,-6070.420039086218,-6070.420039086218,-6070.420039086218,-6070.420039086218,-6070.420039086218,-6070.420039086218,0.0,0.0,0.0,26516.715928527392
2011-11-21,32658.05743847982,19055.389777687942,51262.993452581606,32639.83821149219,32675.027379046354,2735.197264727782,2735.197264727782,2735.197264727782,2735.197264727782,2735.197264727782,2735.197264727782,0.0,0.0,0.0,35393.2547032076
2011-11-22,32728.978909346057,26233.173491900605,57083.83381710779,32704.93049556375,32755.507584548126,8061.494245066559,8061.494245066559,8061.494245066559,8061.494245066559,8061.494245066559,8061.494245066559,0.0,0.0,0.0,40790.47315441262
2011-11-23,32799.9003802123,21849.44474005845,52525.52806868738,32772.20445406887,32832.2832934559,4702.881908640567,4702.881908640567,4702.881908640567,4702.881908640567,4702.881908640567,4702.881908640567,0.0,0.0,0.0,37502.78228885286
2011-11-24,32870.82185107851,29876.16316009614,61243.88249925342,32837.80356492554,32909.00669362341,11937.407009863913,11937.407009863913,11937.407009863913,11937.407009863913,11937.407009863913,11937.407009863913,0.0,0.0,0.0,44808.22886094242
2011-11-25,32941.74332194474,18810.364603399634,49641.196111611804,32904.11828563042,32984.50241282168,1156.1841806132734,1156.1841806132734,1156.1841806132734,1156.1841806132734,1156.1841806132734,1156.1841806132734,0.0,0.0,0.0,34097.927502558014
2011-11-26,33012.66479281098,-5978.223391824449,25812.269295504815,32968.65495789286,33060.600726193436,-22522.744569809176,-22522.744569809176,-22522.744569809176,-22522.744569809176,-22522.744569809176,-22522.744569809176,0.0,0.0,0.0,10489.920223001805
2011-11-27,33083.58626367719,12258.628118971414,43262.83428937489,33032.789624078476,33139.30033811992,-6070.420039070808,-6070.420039070808,-6070.420039070808,-6070.420039070808,-6070.420039070808,-6070.420039070808,0.0,0.0,0.0,27013.166224606386
2011-11-28,33154.507734543426,21683.210238844822,51910.458865420136,33095.07708772358,33214.89969369182,2735.1972647050184,2735.1972647050184,2735.1972647050184,2735.1972647050184,2735.1972647050184,2735.1972647050184,0.0,0.0,0.0,35889.704999248446
2011-11-29,33225.42920540965,26409.440387956744,57496.96551581332,33154.11763720523,33293.244773701575,8061.4942450888275,8061.4942450888275,8061.4942450888275,8061.4942450888275,8061.4942450888275,8061.4942450888275,0.0,0.0,0.0,41286.92345049848
2011-11-30,33296.35067627588,23508.42897846671,53256.749369634825,33216.04055865309,33371.31828400789,4702.881908652254,4702.881908652254,4702.881908652254,4702.881908652254,4702.881908652254,4702.881908652254,0.0,0.0,0.0,37999.23258492813
2011-12-01,33367.27214714212,29608.374790622118,62467.24275026076,33278.235151382236,33448.571600754774,11937.407009885483,11937.407009885483,11937.407009885483,11937.407009885483,11937.407009885483,11937.407009885483,0.0,0.0,0.0,45304.6791570276
2011-12-02,33438.193618008336,18529.444345050233,50128.19745142752,33341.535855996684,33527.2400869626,1156.184180577604,1156.184180577604,1156.184180577604,1156.184180577604,1156.184180577604,1156.184180577604,0.0,0.0,0.0,34594.37779858594
2011-12-03,33509.11508887456,-4785.2096391436435,27196.80066657968,33407.30466011938,33607.79754974487,-22522.74456981727,-22522.74456981727,-22522.74456981727,-22522.74456981727,-22522.74456981727,-22522.74456981727,0.0,0.0,0.0,10986.370519057291
2011-12-04,33580.0365597408,11973.679697809916,43661.37719472938,33471.16099434733,33687.166886620435,-6070.420039098993,-6070.420039098993,-6070.420039098993,-6070.420039098993,-6070.420039098993,-6070.420039098993,0.0,0.0,0.0,27509.616520641808
2011-12-05,33650.95803060702,20535.252905653004,51788.08971932758,33535.514454273296,33765.56028995838,2735.1972647127545,2735.1972647127545,2735.1972647127545,2735.1972647127545,2735.1972647127545,2735.1972647127545,0.0,0.0,0.0,36386.155295319775
2011-12-06,33721.879501473246,27114.632463931055,57649.88806488539,33597.94421270728,33844.25714580657,8061.494245059996,8061.494245059996,8061.494245059996,8061.494245059996,8061.494245059996,8061.494245059996,0.0,0.0,0.0,41783.37374653324
2011-12-07,33792.800972339486,22255.833345109244,53577.6390947539,33662.254457007395,33924.34774698372,4702.881908663939,4702.881908663939,4702.881908663939,4702.881908663939,4702.881908663939,4702.881908663939,0.0,0.0,0.0,38495.68288100343
2011-12-08,33863.72244320571,29926.991157721906,61752.50315555468,33723.33288868919,34003.0667797716,11937.407009851293,11937.407009851293,11937.407009851293,11937.407009851293,11937.407009851293,11937.407009851293,0.0,0.0,0.0,45801.129453057
2011-12-09,33934.643914071945,17991.425467341287,50673.326141571684,33784.6595181528,34081.14428763817,1156.1841805883307,1156.1841805883307,1156.1841805883307,1156.1841805883307,1156.1841805883307,1156.1841805883307,0.0,0.0,0.0,35090.828094660275
