StockCode,Description,TotalSales,AvgDailySales,Revenue,CurrentStock,LeadTime,SafetyStock,ReorderPoint,Status,ReorderQty
10002,INFLATABLE POLITICAL GLOBE ,8479,28.076158940397352,6638.2699999999995,122,10,197.0,478.0,Reorder,356.0
10080,GROOVY CACTUS INFLATABLE,303,11.222222222222221,124.60999999999999,290,12,79.0,214.0,Healthy,0.0
10109,BENDY COLOUR PENCILS,4,4.0,1.68,126,3,28.0,40.0,Overstock,0.0
10120,DOGGY RUBBER,648,10.451612903225806,136.07999999999998,91,4,73.0,115.0,Reorder,24.0
10125,MINI FUNKY DESIGN TAPES,1970,15.634920634920634,1562.7,208,12,109.0,297.0,Reorder,89.0
10133,COLOURING PENCILS BROWN TUBE,3307,16.29064039408867,1910.79,40,6,114.0,212.0,Reorder,172.0
10134,COLOURING PENCILS BROWN TUBE,612,12.24,702.3,122,7,86.0,172.0,Reorder,50.0
10135,COLOURING PENCILS BROWN TUBE,3887,15.424603174603174,4048.14,141,4,108.0,170.0,Reorder,29.0
10138,ASSORTED COLOUR JUMBO PEN,247,15.4375,103.74,234,3,108.0,154.0,Healthy,0.0
11001,ASSTD DESIGN RACING CAR PEN,4273,23.349726775956285,6608.8099999999995,107,11,163.0,420.0,Reorder,313.0
15030,FAN BLACK FRAME ,254,9.407407407407407,73.66,119,3,66.0,94.0,Healthy,0.0
15034,PAPER POCKET TRAVELING FAN ,9818,56.7514450867052,1156.1200000000001,171,6,397.0,738.0,Reorder,567.0
15036,ASSORTED COLOURS SILK FAN,40994,64.55748031496063,28766.32,150,4,452.0,710.0,Reorder,560.0
15039,SANDALWOOD FAN,4146,22.78021978021978,2848.9,169,13,159.0,455.0,Reorder,286.0
16008,SMALL FOLDING SCISSOR(POINTED EDGE),3141,36.95294117647059,422.96,277,6,259.0,481.0,Reorder,204.0
16010,FOLDING CAMPING SCISSOR W/KNIF & S,32,8.0,3.84,211,10,56.0,136.0,Healthy,0.0
16011, ANIMAL STICKERS,385,32.083333333333336,80.85,296,10,225.0,546.0,Reorder,250.0
16011,ANIMAL STICKERS,3427,34.27,718.47,180,13,240.0,686.0,Reorder,506.0
16012,FOOD/DRINK SPONGE STICKERS,2118,33.61904761904762,444.78,41,14,235.0,706.0,Reorder,665.0
16012,FOOD/DRINK SPUNGE STICKERS,759,37.95,158.19,272,11,266.0,683.0,Reorder,411.0
16014,SMALL CHINESE STYLE SCISSOR,29354,319.0652173913044,9512.68,255,13,2233.0,6381.0,Reorder,6126.0
16015,MEDIUM CHINESE STYLE SCISSOR,1572,24.184615384615384,711.38,68,14,169.0,508.0,Reorder,440.0
16016,LARGE CHINESE STYLE SCISSOR,2307,21.97142857142857,1864.75,78,7,154.0,308.0,Reorder,230.0
16033,MINI HIGHLIGHTER PENS,15001,306.14285714285717,1530.12,189,9,2143.0,4898.0,Reorder,4709.0
16043,POP ART PUSH DOWN RUBBER ,2142,178.5,179.04,207,5,1250.0,2142.0,Reorder,1935.0
16044,POP-ART FLUORESCENT PENS,6192,3096.0,388.8,290,12,21672.0,58824.0,Reorder,58534.0
16045,POPART WOODEN PENCILS ASST,9300,127.3972602739726,428.0,209,6,892.0,1656.0,Reorder,1447.0
16046,TEATIME PEN CASE & PENS,9949,207.27083333333334,1043.53,194,12,1451.0,3938.0,Reorder,3744.0
16047,POP ART PEN CASE & PENS,10587,460.30434782608694,1015.59,70,11,3222.0,8285.0,Reorder,8215.0
16048,TEATIME ROUND PENCIL SHARPENER ,3413,48.75714285714286,498.65999999999997,74,12,341.0,926.0,Reorder,852.0
16049,TEATIME GEL PENS ASST,3144,125.76,542.88,263,12,880.0,2389.0,Reorder,2126.0
16050,TEATIME PENCIL WITH RUBBER,122,30.5,30.5,150,14,214.0,641.0,Reorder,491.0
16051,TEATIME PENCIL W STAMP ASST,938,312.6666666666667,82.2,154,3,2189.0,3127.0,Reorder,2973.0
16052,TEATIME PUSH DOWN RUBBER,810,38.57142857142857,249.35,40,4,270.0,424.0,Reorder,384.0
16053,POPART COL BALLPOINT PEN ASST,4298,537.25,182.58,186,7,3761.0,7522.0,Reorder,7336.0
16054,POPART RECT PENCIL SHARPENER ASST,1205,32.567567567567565,156.9,293,5,228.0,391.0,Reorder,98.0
16119,FUNKY GIRL ADDRESS BOOK,271,38.714285714285715,128.21,108,4,271.0,426.0,Reorder,318.0
16212,FUNKY GIRLZ ASST MAGNETIC MEMO PAD,357,10.5,232.05,33,3,74.0,106.0,Reorder,73.0
16215,FUNKY GIRLZ MAGNETIC TO DO LIST ,8,2.6666666666666665,5.2,261,12,19.0,51.0,Overstock,0.0
16216,LETTER SHAPE PENCIL SHARPENER,4135,52.34177215189873,358.18,284,5,366.0,628.0,Reorder,344.0
16218,CARTOON  PENCIL SHARPENERS,4525,64.64285714285714,375.6,72,3,452.0,646.0,Reorder,574.0
16219,HOUSE SHAPE PENCIL SHARPENER,3206,48.57575757575758,371.01,111,14,340.0,1020.0,Reorder,909.0
16225,RATTLE SNAKE EGGS,1420,12.56637168141593,1078.64,283,3,88.0,126.0,Overstock,0.0
16235,RECYCLED PENCIL WITH RABBIT ERASER,5088,31.024390243902438,1031.58,54,14,217.0,651.0,Reorder,597.0
16236,KITTY PENCIL ERASERS,2425,16.496598639455783,503.65,225,3,115.0,164.0,Healthy,0.0
16237,SLEEPING CAT ERASERS,9730,28.202898550724637,1959.3,100,10,197.0,479.0,Reorder,379.0
16238,PARTY TIME PENCIL ERASERS,2232,16.41176470588235,469.42,69,5,115.0,197.0,Reorder,128.0
16239,BALLERINA HEART DECORATION.,338,26.0,468.4,21,13,182.0,520.0,Reorder,499.0
16254,TRANSPARENT ACRYLIC TAPE DISPENSER,912,45.6,258.36,73,3,319.0,456.0,Reorder,383.0
16259,PIECE OF CAMO STATIONERY SET,5473,99.50909090909092,766.09,125,9,697.0,1593.0,Reorder,1468.0
17001,HEAVENS SCENT FRAGRANCE OILS ASSTD,1211,52.65217391304348,299.34999999999997,279,12,369.0,1001.0,Reorder,722.0
17003,BROCADE RING PURSE ,70082,178.32569974554707,14640.96,210,5,1248.0,2140.0,Reorder,1930.0
17021,NAMASTE SWAGAT INCENSE,3714,45.292682926829265,982.4399999999999,237,10,317.0,770.0,Reorder,533.0
17033,"BROCADE PURSE,SMALL ARCH BUTTON",3279,48.220588235294116,867.55,63,6,338.0,627.0,Reorder,564.0
17038,PORCELAIN BUDAH INCENSE HOLDER,2524,84.13333333333334,225.4,181,6,589.0,1094.0,Reorder,913.0
17039,INLAID WOOD INCENSE HOLDER,3641,121.36666666666666,813.0899999999999,221,7,850.0,1700.0,Reorder,1479.0
17061,ASSORTED SHAPED STENCIL FOR HENNA,52,52.0,2.08,289,8,364.0,780.0,Reorder,491.0
17096,ASSORTED LAQUERED INCENSE HOLDERS,6157,175.9142857142857,1081.65,290,9,1231.0,2814.0,Reorder,2524.0
17174,ASSTD RASTA KEY-CHAINS,36,5.142857142857143,15.120000000000001,234,6,36.0,67.0,Overstock,0.0
17178,FLAT PALM T-LIGHT HOLDER,133,5.32,156.65,271,10,37.0,90.0,Overstock,0.0
17181,CIRCLE OF FRIENDS CANDLE HOLDER,294,9.8,341.7,209,8,69.0,147.0,Healthy,0.0
18007,ESSENTIAL BALM 3.5g TIN IN ENVELOPE,11335,213.8679245283019,1017.18,232,3,1497.0,2139.0,Reorder,1907.0
18010,ASSORTED FRAGRANCE BATH CONFETTI,56,9.333333333333334,23.52,227,3,65.0,93.0,Overstock,0.0
20615,BLUE POLKADOT PASSPORT COVER,236,5.9,243.84,256,11,41.0,106.0,Overstock,0.0
20615,BLUE SPOTTY PASSPORT COVER,222,5.6923076923076925,341.20000000000005,72,12,40.0,108.0,Reorder,36.0
20616,CHERRY BLOSSOM PASSPORT COVER,188,4.2727272727272725,236.18,299,8,30.0,64.0,Overstock,0.0
20617,FIRST CLASS PASSPORT COVER ,452,6.108108108108108,863.8800000000001,236,12,43.0,116.0,Overstock,0.0
20618,QUEEN OF THE SKIES PASSPORT COVER ,193,2.608108108108108,400.38000000000005,271,10,18.0,44.0,Overstock,0.0
20619,TROPICAL PASSPORT COVER ,373,5.485294117647059,566.33,207,9,38.0,87.0,Overstock,0.0
20620,RED SPOTTY PASSPORT COVER,1,1.0,2.1,60,14,7.0,21.0,Overstock,0.0
20621,ECONOMY PASSPORT COVER ,199,6.862068965517241,417.90000000000003,176,8,48.0,103.0,Healthy,0.0
20622,VIP PASSPORT COVER ,35,3.1818181818181817,73.5,34,6,22.0,41.0,Reorder,7.0
20622,VIPPASSPORT COVER ,488,6.873239436619718,840.6800000000001,84,9,48.0,110.0,Reorder,26.0
20652,BLUE POLKADOT LUGGAGE TAG ,159,3.533333333333333,206.01,28,11,25.0,64.0,Reorder,36.0
20652,BLUE SPOTTY LUGGAGE TAG ,1056,23.466666666666665,486.0,148,13,164.0,469.0,Reorder,321.0
20653,CHERRY BLOSSOM LUGGAGE TAG,1927,62.16129032258065,428.89,155,12,435.0,1181.0,Reorder,1026.0
20654,FIRST CLASS LUGGAGE TAG ,339,3.988235294117647,414.63,82,12,28.0,76.0,Healthy,0.0
20655,QUEEN OF SKIES LUGGAGE TAG,264,2.8085106382978724,321.02,158,9,20.0,45.0,Overstock,0.0
20657,TROPICAL LUGGAGE TAG,1692,23.830985915492956,534.14,100,3,167.0,238.0,Reorder,138.0
20658,RED RETROSPOT LUGGAGE TAG,457,4.480392156862745,571.25,182,12,31.0,85.0,Overstock,0.0
20658,RED SPOTTY LUGGAGE TAG,876,6.9523809523809526,1090.44,280,11,49.0,125.0,Overstock,0.0
20659,ECONOMY LUGGAGE TAG,287,3.1538461538461537,380.81,250,6,22.0,41.0,Overstock,0.0
20660,VIP LUGGAGE TAG ,71,2.6296296296296298,88.75,60,5,18.0,31.0,Healthy,0.0
20661,BLUE POLKADOT PURSE ,354,29.5,218.82000000000002,47,6,206.0,383.0,Reorder,336.0
20661,BLUE SPOTTY PURSE ,433,13.96774193548387,443.3500000000001,154,6,98.0,182.0,Reorder,28.0
20662,FIRST CLASS HOLIDAY PURSE ,697,27.88,394.27000000000004,220,12,195.0,530.0,Reorder,310.0
20663,QUEEN OF THE SKIES HOLIDAY PURSE ,1037,69.13333333333334,277.19,287,13,484.0,1383.0,Reorder,1096.0
20664,TROPICAL HOLIDAY PURSE ,31,1.9375,91.45000000000002,52,4,14.0,22.0,Overstock,0.0
20665,RED RETROSPOT PURSE ,467,4.717171717171717,1368.0500000000002,67,14,33.0,99.0,Reorder,32.0
20665,RED SPOTTY PURSE ,698,5.67479674796748,2051.9,81,3,40.0,57.0,Healthy,0.0
20666,ECONOMY HOLIDAY PURSE,871,39.59090909090909,340.65000000000003,235,14,277.0,831.0,Reorder,596.0
20667,CHERRY BLOSSOM PURSE,21,2.3333333333333335,61.95,118,12,16.0,44.0,Overstock,0.0
20668,DISCO BALL CHRISTMAS DECORATION,20550,65.44585987261146,2292.04,191,14,458.0,1374.0,Reorder,1183.0
20669,RED HEART LUGGAGE TAG,627,4.543478260869565,781.47,233,3,32.0,46.0,Overstock,0.0
20670,VIP HOLIDAY PURSE,664,30.181818181818183,296.48,54,10,211.0,513.0,Reorder,459.0
20671,BLUE TEATIME PRINT BOWL ,731,6.89622641509434,900.07,246,4,48.0,76.0,Overstock,0.0
20672,PINK TEATIME PRINT BOWL,116,5.2727272727272725,145.0,120,14,37.0,111.0,Healthy,0.0
20673,STRAWBERRIES PRINT BOWL,5,2.5,6.25,150,12,18.0,48.0,Overstock,0.0
20674,GREEN POLKADOT BOWL,1599,8.550802139037433,1931.56,276,7,60.0,120.0,Overstock,0.0
20674,GREEN SPOTTY BOWL,1497,8.505681818181818,1816.53,24,14,60.0,179.0,Reorder,155.0
20675,BLUE POLKADOT BOWL,3116,11.20863309352518,3649.9700000000003,237,6,78.0,145.0,Healthy,0.0
20675,BLUE SPOTTY BOWL,2700,10.424710424710424,3197.16,274,10,73.0,177.0,Healthy,0.0
20676,RED RETROSPOT BOWL,5020,13.315649867374006,5827.1900000000005,226,4,93.0,146.0,Healthy,0.0
20676,RED SPOTTY BOWL,4383,12.667630057803468,5145.87,34,12,89.0,241.0,Reorder,207.0
20677,PINK POLKADOT BOWL,3563,12.679715302491104,4147.58,61,11,89.0,228.0,Reorder,167.0
20677,PINK SPOTTY BOWL,3325,12.314814814814815,3882.65,198,9,86.0,197.0,Healthy,0.0
20678,LARGE BLACK DIAMANTE HAIRSLIDE,4,4.0,6.6,82,9,28.0,64.0,Healthy,0.0
20679,EDWARDIAN PARASOL RED,6029,9.67736757624398,28557.920000000002,250,3,68.0,97.0,Overstock,0.0
20680,PINK FLOWERS CHILDS UMBRELLA,6,1.2,19.5,260,14,8.0,25.0,Overstock,0.0
20681,PINK POLKADOT CHILDRENS UMBRELLA,354,3.54,1144.5,71,4,25.0,39.0,Healthy,0.0
20681,PINK SPOTTY CHILDS UMBRELLA,949,5.392045454545454,2991.25,115,6,38.0,70.0,Healthy,0.0
20682,RED RETROSPOT CHILDRENS UMBRELLA,1462,5.47565543071161,4670.16,241,6,38.0,71.0,Overstock,0.0
20682,RED SPOTTY CHILDS UMBRELLA,1430,6.682242990654205,4464.5,250,13,47.0,134.0,Healthy,0.0
20683,RAIN GIRL CHILDS UMBRELLA,1,1.0,3.25,256,5,7.0,12.0,Overstock,0.0
20684,STRAWBERRY DREAM CHILDS UMBRELLA,560,3.5443037974683542,1781.0,162,9,25.0,57.0,Overstock,0.0
20685,DOOR MAT RED SPOT,2426,6.574525745257453,15093.48,190,14,46.0,138.0,Healthy,0.0
20685,DOORMAT RED RETROSPOT,4806,6.33201581027668,31864.2,48,10,44.0,107.0,Reorder,59.0
20685,DOORMAT RED SPOT,1035,5.53475935828877,7050.21,55,4,39.0,61.0,Reorder,6.0
20685,RED SPOTTY COIR DOORMAT,1097,6.689024390243903,6538.75,32,6,47.0,87.0,Reorder,55.0
20686,DOLLY MIXTURE CHILDREN'S UMBRELLA,561,3.50625,1817.63,179,5,25.0,43.0,Overstock,0.0
20688,BEAUTY SPEED EXPRESSO CUPS,462,51.333333333333336,306.9,206,4,359.0,564.0,Reorder,358.0
20689,RETRO SISTERS EXPRESSO CUPS,400,14.814814814814815,436.00000000000006,262,14,104.0,311.0,Reorder,49.0
20692,FLORAL ELEPHANT SOFT TOY,879,7.4491525423728815,3434.25,105,8,52.0,112.0,Reorder,7.0
20693,FLORAL DINOSAUR GREEN,26,2.1666666666666665,110.5,85,6,15.0,28.0,Overstock,0.0
20694,FLORAL PINK MONSTER,112,4.3076923076923075,408.48,189,8,30.0,64.0,Overstock,0.0
20695,FLORAL BLUE MONSTER,82,3.1538461538461537,332.0,64,4,22.0,35.0,Healthy,0.0
20696,FLORAL SOFT CAR TOY,123,3.6176470588235294,461.25,81,14,25.0,76.0,Healthy,0.0
20697,LITTLE GREEN MONSTER SOFT TOY,38,2.0,91.5,153,6,14.0,26.0,Overstock,0.0
20698,LITTLE PINK MONSTER SOFT TOY,43,2.263157894736842,104.25,47,13,16.0,45.0,Healthy,0.0
20699,MOUSEY LONG LEGS SOFT TOY,208,4.521739130434782,519.6,127,8,32.0,68.0,Healthy,0.0
20700,GREEN CAT FLORAL CUSHION COVER ,288,24.0,420.0,63,7,168.0,336.0,Reorder,273.0
20701,PINK CAT FLORAL CUSHION COVER ,282,21.692307692307693,397.5,147,5,152.0,260.0,Reorder,113.0
20702,PINK PADDED MOBILE,758,3.158333333333333,3178.0,250,10,22.0,54.0,Overstock,0.0
20703,BLUE PADDED SOFT MOBILE,459,2.7818181818181817,1938.25,209,9,19.0,44.0,Overstock,0.0
20704,MR ROBOT SOFT TOY,345,5.390625,1200.95,244,5,38.0,65.0,Overstock,0.0
20705,MRS ROBOT SOFT TOY,269,5.489795918367347,972.5500000000001,140,8,38.0,82.0,Healthy,0.0
20707,CRAZY DAISY HEART DECORATION,1279,19.984375,914.12,135,6,140.0,260.0,Reorder,125.0
20711,JUMBO BAG TOYS ,11326,16.80415430267062,20283.78,252,13,118.0,336.0,Reorder,84.0
20712,JUMBO BAG WOODLAND ANIMALS,15709,16.982702702702703,29105.5,278,7,119.0,238.0,Healthy,0.0
20713,JUMBO BAG OWLS,19463,20.95048439181916,35162.42,217,13,147.0,419.0,Reorder,202.0
20714,POSY SHOPPER BAG,1513,126.08333333333333,586.25,156,7,883.0,1766.0,Reorder,1610.0
20715,LITTLE FLOWER SHOPPER BAG,400,400.0,424.0,184,9,2800.0,6400.0,Reorder,6216.0
20716,PARTY FOOD SHOPPER BAG,1392,8.093023255813954,1705.8,244,13,57.0,162.0,Healthy,0.0
20717,STRAWBERRY SHOPPER BAG,5335,10.522682445759369,6353.53,253,7,74.0,148.0,Healthy,0.0
20718,RED RETROSPOT SHOPPER BAG,5596,11.85593220338983,6647.31,191,13,83.0,237.0,Reorder,46.0
20718,RED SPOTTY SHOPPER BAG,6659,16.68922305764411,7711.95,171,5,117.0,200.0,Reorder,29.0
20719,WOODLAND CHARLOTTE BAG,19027,17.782242990654204,15030.64,179,12,124.0,337.0,Reorder,158.0
20721,OWLS CHARLOTTE BAG,1,1.0,0.85,115,7,7.0,14.0,Overstock,0.0
20723,STRAWBERRY CHARLOTTE BAG,14542,14.600401606425702,11654.8,252,9,102.0,233.0,Healthy,0.0
20724,RED RETROSPOT CHARLOTTE BAG,15168,16.504896626768225,12034.8,199,7,116.0,232.0,Reorder,33.0
20724,RED SPOTTY CHARLOTTE BAG,10648,18.108843537414966,8468.4,132,7,127.0,254.0,Reorder,122.0
20725,LUNCH BAG RED RETROSPOT,20294,13.186484730344379,32137.5,71,11,92.0,237.0,Reorder,166.0
20725,LUNCH BAG RED SPOTTY,17456,16.314018691588785,27237.6,287,5,114.0,196.0,Healthy,0.0
20726,LUNCH BAG WOODLAND,20916,13.015556938394523,33004.76,132,8,91.0,195.0,Reorder,63.0
20727,LUNCH BAG  BLACK SKULL.,25392,12.416625916870416,39904.0,120,3,87.0,124.0,Reorder,4.0
20728,LUNCH BAG CARS BLUE,23304,12.804395604395605,36644.28,132,12,90.0,244.0,Reorder,112.0
20729,RED SPOTTY CANDY BAG,4626,69.04477611940298,1154.9,100,7,483.0,966.0,Reorder,866.0
20730,STRAWBERRY CANDY BAG,1659,40.46341463414634,524.25,206,10,283.0,688.0,Reorder,482.0
20731,POSY CANDY BAG,4100,89.1304347826087,1179.0,132,7,624.0,1248.0,Reorder,1116.0
20733,GOLD MINI TAPE MEASURE ,1546,15.156862745098039,1123.7,21,11,106.0,273.0,Reorder,252.0
20734,SILVER MINI TAPE MEASURE ,1379,20.279411764705884,1079.85,149,13,142.0,406.0,Reorder,257.0
20735,BLACK MINI TAPE MEASURE ,824,13.079365079365079,588.0,239,8,92.0,197.0,Healthy,0.0
20736,PINK MINI TAPE MEASURE ,286,15.88888888888889,230.1,73,10,111.0,270.0,Reorder,197.0
20738,GREEN MINI TAPE MEASURE ,1585,24.384615384615383,1270.55,243,12,171.0,464.0,Reorder,221.0
20747,PICCADILLY TEA SET,309,4.414285714285715,4212.55,244,10,31.0,75.0,Overstock,0.0
20748,KENSINGTON COFFEE SET,359,3.1491228070175437,3371.25,145,5,22.0,38.0,Overstock,0.0
20749,ASSORTED COLOUR MINI CASES,2972,4.07681755829904,21169.64,149,9,29.0,66.0,Overstock,0.0
20750, RED/WHITE DOT MINI CASES,478,3.414285714285714,3528.18,72,9,24.0,55.0,Healthy,0.0
20750,RED RETROSPOT MINI CASES,2021,4.201663201663202,14548.55,191,12,29.0,79.0,Overstock,0.0
20750,RED/WHITE DOT MINI CASES,1109,4.418326693227091,7859.75,237,14,31.0,93.0,Overstock,0.0
20751,FUNKY WASHING UP GLOVES ASSORTED,2736,6.3776223776223775,5652.120000000001,179,8,45.0,96.0,Healthy,0.0
20752,BLUE POLKADOT WASHING UP GLOVES,471,3.019230769230769,989.1000000000001,217,14,21.0,63.0,Overstock,0.0
20752,RETRO BLUE SPOTTY WASHING UP GLOVES,846,7.421052631578948,1326.6000000000001,266,9,52.0,119.0,Overstock,0.0
20753,RETRO PINK SPOT WASHING UP GLOVES,187,4.921052631578948,391.1,222,4,34.0,54.0,Overstock,0.0
20754,RETRO RED SPOTTY WASHING UP GLOVES,3011,8.882005899705014,5747.46,203,11,62.0,160.0,Healthy,0.0
20754,RETROSPOT RED WASHING UP GLOVES,1804,5.228985507246377,3581.76,142,12,37.0,100.0,Healthy,0.0
20755,BLUE PAISLEY POCKET BOOK,5084,59.116279069767444,1031.0,274,12,414.0,1123.0,Reorder,849.0
20756,GREEN FERN POCKET BOOK,5679,129.0681818181818,816.7499999999999,299,3,903.0,1290.0,Reorder,991.0
20757,RED DAISY POCKET BOOK ,5301,94.66071428571429,856.23,117,3,663.0,947.0,Reorder,830.0
20758,ABSTRACT CIRCLES POCKET BOOK,5378,70.76315789473684,920.9,217,5,495.0,849.0,Reorder,632.0
20759,CHRYSANTHEMUM POCKET BOOK ,5734,130.3181818181818,863.5,259,5,912.0,1564.0,Reorder,1305.0
20760,GARDEN PATH POCKET BOOK,5484,91.4,1270.2,163,3,640.0,914.0,Reorder,751.0
20761,BLUE PAISLEY SKETCHBOOK,413,3.52991452991453,1207.37,116,14,25.0,74.0,Healthy,0.0
20762,GREEN FERN SKETCHBOOK ,416,3.7477477477477477,1171.71,220,9,26.0,60.0,Overstock,0.0
20763,DAISY SKETCHBOOK ,245,4.1525423728813555,606.86,143,6,29.0,54.0,Overstock,0.0
20764,ABSTRACT CIRCLES SKETCHBOOK ,597,4.117241379310345,1721.88,206,12,29.0,78.0,Overstock,0.0
20765,CHRYSANTHEMUM SKETCHBOOK ,405,3.347107438016529,1104.79,278,4,23.0,36.0,Overstock,0.0
20766,GARDEN PATH SKETCHBOOK,475,3.8,1345.98,167,12,27.0,73.0,Overstock,0.0
20767,BLUE PAISLEY JOURNAL ,750,5.0675675675675675,1546.52,271,7,35.0,70.0,Overstock,0.0
20768,GREEN FERN JOURNAL ,702,6.0,1357.81,166,8,42.0,90.0,Healthy,0.0
20769,DAISY JOURNAL ,403,6.5,708.47,167,11,46.0,118.0,Healthy,0.0
20770,ABSTRACT CIRCLE JOURNAL ,902,7.912280701754386,1831.2,218,6,55.0,102.0,Overstock,0.0
20771,CHRYSANTHEMUM  JOURNAL,551,4.919642857142857,1051.96,147,4,34.0,54.0,Overstock,0.0
20772,GARDEN PATH JOURNAL,926,7.068702290076335,1721.56,58,7,49.0,98.0,Reorder,40.0
20773,BLUE PAISLEY NOTEBOOK,3303,33.704081632653065,889.9499999999999,148,5,236.0,405.0,Reorder,257.0
20774,GREEN FERN NOTEBOOK,3419,44.4025974025974,841.3499999999999,286,4,311.0,489.0,Reorder,203.0
20775,DAISY NOTEBOOK ,3509,64.98148148148148,749.8499999999999,170,14,455.0,1365.0,Reorder,1195.0
20776,ABSTRACT CIRCLES NOTEBOOK,3187,59.01851851851852,698.55,118,3,413.0,590.0,Reorder,472.0
20777,CHRYSANTHEMUM NOTEBOOK,3525,37.10526315789474,1016.25,282,12,260.0,705.0,Reorder,423.0
20778,GARDEN PATH NOTEBOOK ,3595,44.382716049382715,891.75,271,4,311.0,489.0,Reorder,218.0
20780,BLACK EAR MUFF HEADPHONES,174,2.8524590163934427,857.6,163,8,20.0,43.0,Overstock,0.0
20781,GOLD EAR MUFF HEADPHONES,77,1.8780487804878048,373.17,131,10,13.0,32.0,Overstock,0.0
20782,CAMOUFLAGE EAR MUFF HEADPHONES,101,1.9803921568627452,556.25,79,5,14.0,24.0,Overstock,0.0
20783,HEART EAR MUFF HEADPHONES,130,3.823529411764706,658.26,21,13,27.0,77.0,Reorder,56.0
20784,RED RETRO BAR STOOL,26,3.25,970.7,273,11,23.0,59.0,Overstock,0.0
20785,FUSCHIA RETRO BAR STOOL,44,2.588235294117647,1657.8000000000002,159,14,18.0,54.0,Overstock,0.0
20786,BLACK RETRO BAR STOOL,22,2.4444444444444446,830.9000000000001,56,11,17.0,44.0,Healthy,0.0
20787,BLUE RETRO BAR STOOL,11,1.375,435.45000000000005,179,4,10.0,16.0,Overstock,0.0
20791,BLUE TILED SET OF 3 DRAWERS,5,5.0,63.75,28,10,35.0,85.0,Reorder,57.0
20793,BLUE TILED TRAY,273,18.2,402.75,252,12,127.0,345.0,Reorder,93.0
20794,BLUE  TILE HOOK,190,6.129032258064516,480.9,118,13,43.0,123.0,Reorder,5.0
20795,LARGE BLUE PROVENCAL CERAMIC BALL,116,6.823529411764706,228.84,166,14,48.0,144.0,Healthy,0.0
20796,SMALL BLUE PROVENCAL CERAMIC BALL,88,6.769230769230769,145.2,227,7,47.0,94.0,Overstock,0.0
20798,CLEAR MILKSHAKE GLASS,445,10.348837209302326,869.7,150,6,72.0,134.0,Healthy,0.0
20799,PINK MILKSHAKE GLASS,167,12.846153846153847,215.5,171,12,90.0,244.0,Reorder,73.0
20800,LARGE GLASS SUNDAE DISH CLEAR,996,498.0,258.2,73,7,3486.0,6972.0,Reorder,6899.0
20801,LARGE PINK GLASS SUNDAE DISH,902,12.356164383561644,845.86,139,6,86.0,160.0,Reorder,21.0
20802,SMALL GLASS SUNDAE DISH CLEAR,895,11.776315789473685,1137.9899999999998,180,10,82.0,200.0,Reorder,20.0
20803,SMALL PINK GLASS SUNDAE DISH,1091,17.885245901639344,680.91,135,6,125.0,232.0,Reorder,97.0
20804,GLASS CHICKEN BUTTER DISH,283,11.791666666666666,438.15,94,12,83.0,224.0,Reorder,130.0
20812,EMBOSSED FLOWER TRELLIS PHOTO FRAME,5,1.6666666666666667,12.75,132,14,12.0,35.0,Overstock,0.0
20814,SILVER FINCH DECORATION,187,15.583333333333334,206.39000000000001,123,8,109.0,234.0,Reorder,111.0
20816,GOLD FLOWER CUSHION COVER ,24,3.4285714285714284,123.6,273,4,24.0,38.0,Overstock,0.0
20818,GOLD TEDDY BEAR,79,3.590909090909091,211.25,246,7,25.0,50.0,Overstock,0.0
20819,SILVER TEDDY BEAR,208,4.16,543.71,131,8,29.0,62.0,Overstock,0.0
20820,SILVER LOOKING MIRROR,11,1.375,54.45,118,7,10.0,20.0,Overstock,0.0
20821,GOLDIE LOOKING MIRROR,26,2.6,128.70000000000002,172,14,18.0,54.0,Overstock,0.0
20822,SILVER WINE GOBLET,2,2.0,9.3,213,4,14.0,22.0,Overstock,0.0
20823,GOLD WINE GOBLET,248,14.588235294117647,513.2,182,9,102.0,233.0,Reorder,51.0
20825,GOLD WINE GLASS,360,60.0,1229.04,227,6,420.0,780.0,Reorder,553.0
20826,SILVER APERITIF GLASS,355,25.357142857142858,290.72,188,10,178.0,432.0,Reorder,244.0
20827,GOLD APERITIF GLASS,173,21.625,209.36,180,9,151.0,346.0,Reorder,166.0
20828,GLITTER BUTTERFLY CLIPS,4220,8.178294573643411,9951.0,87,9,57.0,131.0,Reorder,44.0
20829,GLITTER HANGING BUTTERFLY STRING,4700,11.352657004830919,9350.390000000001,296,11,79.0,204.0,Healthy,0.0
20830,SILVER PHOTO FRAME,296,6.297872340425532,501.6,154,3,44.0,63.0,Overstock,0.0
20831,GOLD PHOTO FRAME,394,7.576923076923077,594.84,214,12,53.0,144.0,Healthy,0.0
20832,RED FLOCK LOVE HEART PHOTO FRAME,1576,15.153846153846153,994.0999999999999,147,8,106.0,227.0,Reorder,80.0
20833,SHAKER THROW  QUILTED,52,10.4,811.8,52,8,73.0,156.0,Reorder,104.0
20835,FRENCH LATTICE CUSHION COVER ,78,9.75,64.97999999999999,195,8,68.0,146.0,Healthy,0.0
20836,FRENCH PAISLEY CUSHION COVER,224,10.181818181818182,250.0,41,14,71.0,214.0,Reorder,173.0
20837,FRENCH FLORAL CUSHION COVER ,165,9.166666666666666,188.07,257,8,64.0,137.0,Healthy,0.0
20838,FRENCH LATTICE CUSHION COVER ,391,10.025641025641026,387.28999999999996,177,14,70.0,210.0,Reorder,33.0
20839,FRENCH PAISLEY CUSHION COVER ,507,8.45,574.09,57,12,59.0,160.0,Reorder,103.0
20840,FRENCH FLORAL CUSHION COVER ,813,13.327868852459016,1170.83,249,9,93.0,213.0,Healthy,0.0
20845,ZINC HEART LATTICE 2 WALL PLANTER,73,3.4761904761904763,463.54999999999995,70,12,24.0,66.0,Healthy,0.0
20846,ZINC HEART LATTICE T-LIGHT HOLDER,1321,10.083969465648854,1627.97,283,8,71.0,152.0,Healthy,0.0
20847,ZINC HEART LATTICE CHARGER LARGE,71,3.55,266.25,46,3,25.0,36.0,Healthy,0.0
20848,ZINC HEART LATTICE CHARGER SMALL,39,3.25,115.05000000000001,245,5,23.0,39.0,Overstock,0.0
20849,ZINC HEART LATTICE DOUBLE PLANTER,670,33.5,566.1,296,4,234.0,368.0,Reorder,72.0
20850,ZINC HEART LATTICE PLANTER BOWL,820,35.65217391304348,713.8000000000001,116,8,250.0,535.0,Reorder,419.0
20851,ZINC HEART LATTICE TRAY OVAL ,334,11.928571428571429,417.7,166,10,84.0,203.0,Reorder,37.0
20854,BLUE PATCH PURSE PINK HEART,363,4.321428571428571,581.15,23,5,30.0,52.0,Reorder,29.0
20855,PINK PATCH PURSE BLUE HEART,142,3.021276595744681,234.29999999999998,54,12,21.0,57.0,Reorder,3.0
20856,DENIM PATCH PURSE PINK BUTTERFLY,332,3.688888888888889,547.8,211,10,26.0,63.0,Overstock,0.0
20857,BLUE ROSE PATCH PURSE PINK BUTTERFL,248,3.263157894736842,409.2,68,10,23.0,56.0,Healthy,0.0
20858,SILVER PURSE GOLD PINK BUTTERFLY,4,4.0,6.6,36,7,28.0,56.0,Reorder,20.0
20860,GOLD COSMETICS BAG WITH BUTTERFLY,19,1.9,39.900000000000006,191,10,13.0,32.0,Overstock,0.0
20861,GOLD COSMETIC BAG PINK STAR,45,2.8125,94.5,239,8,20.0,42.0,Overstock,0.0
20862,PINK PATCH PENCIL CASE BLUE HEART,316,11.285714285714286,652.53,177,7,79.0,158.0,Healthy,0.0
20863,BLUE PATCH PENCIL CASE PINK HEART,284,6.761904761904762,563.19,65,11,47.0,121.0,Reorder,56.0
20864,DENIM PATCH PENCIL CASE BUTTERFLY,247,9.148148148148149,483.33,25,9,64.0,146.0,Reorder,121.0
20865,PATCHWORK PENCIL CASE BUTTERFLY ,247,8.233333333333333,485.49,118,10,58.0,140.0,Reorder,22.0
20866,BLUE ROSE FABRIC MIRROR,963,11.068965517241379,972.29,252,3,77.0,110.0,Overstock,0.0
20867,PINK ROSE FABRIC MIRROR,844,10.96103896103896,791.72,56,13,77.0,219.0,Reorder,163.0
20868,SILVER FABRIC MIRROR,789,17.152173913043477,437.66,299,4,120.0,189.0,Healthy,0.0
20869,GOLD FABRIC MIRROR,459,14.34375,225.49,200,10,100.0,243.0,Reorder,43.0
20870,OPULENT VELVET CANDLE IN BOX,26,6.5,39.300000000000004,114,14,46.0,137.0,Reorder,23.0
20871,OPULENT VELVET SET/3 CANDLES,1202,15.41025641025641,1713.3000000000002,118,11,108.0,278.0,Reorder,160.0
20877,MODERN CHRISTMAS BAUBLE CANDLE ,10,3.3333333333333335,4.2,207,6,23.0,43.0,Overstock,0.0
20878,SET/9 CHRISTMAS T-LIGHTS SCENTED ,689,9.985507246376812,833.89,135,14,70.0,210.0,Reorder,75.0
20879,TREE OF NOAH FESTIVE SCENTED CANDLE,50,6.25,32.5,210,12,44.0,119.0,Healthy,0.0
20881,MODERN CHRISTMAS TREE CANDLE,2,2.0,1.7,272,13,14.0,40.0,Overstock,0.0
20882,MODERN CHRISTMAS TREE CANDLE,2,2.0,5.9,180,12,14.0,38.0,Overstock,0.0
20884,MODERN CHRISTMAS TREE CANDLE ,2,1.0,4.2,275,11,7.0,18.0,Overstock,0.0
20885,BOX OF 3 PEBBLE CANDLES,1,1.0,2.95,147,6,7.0,13.0,Overstock,0.0
20886,BOX OF 9 PEBBLE CANDLES,1686,6.771084337349397,3161.4,37,12,47.0,128.0,Reorder,91.0
20887,BOX OF 6 PEBBLE CANDLES,5,1.25,17.25,242,12,9.0,24.0,Overstock,0.0
20888,SET 3 JARDIN DE FEMME SCENT CANDLES,359,32.63636363636363,499.81,73,12,228.0,620.0,Reorder,547.0
20889,JARDIN DE FEMME SCENTED CANDLE,656,54.666666666666664,392.0,77,11,383.0,984.0,Reorder,907.0
20890,SMALL GLASS ROSE SCENTED CANDLE,4,4.0,15.0,193,13,28.0,80.0,Overstock,0.0
20891,LARGE GLASS ROSE SCENTED CANDLE ,2,2.0,15.9,299,9,14.0,32.0,Overstock,0.0
20892,SET/3 TALL GLASS CANDLE HOLDER PINK,86,3.739130434782609,699.7,133,4,26.0,41.0,Overstock,0.0
20893,HANGING BAUBLE T-LIGHT HOLDER SMALL,538,8.151515151515152,1210.35,170,11,57.0,147.0,Healthy,0.0
20894,HANGING BAUBLE T-LIGHT HOLDER LARGE,227,3.721311475409836,650.45,146,6,26.0,48.0,Overstock,0.0
20895,VINTAGE NOTEBOOK FRENCH LETTER ,16,4.0,47.20000000000001,174,10,28.0,68.0,Overstock,0.0
20896,VINTAGE NOTEBOOK PINK FLOWER,38,2.7142857142857144,112.10000000000001,292,9,19.0,43.0,Overstock,0.0
20897,VINTAGE NOTEBOOK PARIS DAYS,298,8.054054054054054,613.9000000000001,123,9,56.0,128.0,Reorder,5.0
20898,VINTAGE NOTEBOOK TRAVELOGUE,307,7.871794871794871,620.0500000000001,265,10,55.0,134.0,Healthy,0.0
20899,VINTAGE NOTEBOOK RED ROSE,44,3.3846153846153846,129.8,195,3,24.0,34.0,Overstock,0.0
20901,VINTAGE KEEPSAKE BOX PINK FLOWER,33,2.0625,209.54999999999998,58,7,14.0,28.0,Overstock,0.0
20902,VINTAGE KEEPSAKE BOX PARIS DAYS,69,4.6,313.34999999999997,189,4,32.0,50.0,Overstock,0.0
20903,VINTAGE KEEPSAKE BOX TRAVELOGUE,103,5.421052631578948,337.25,266,4,38.0,60.0,Overstock,0.0
20905,VINTAGE KEEPSAKE BOX BEAUTY GIRL,6,2.0,38.1,45,3,14.0,20.0,Overstock,0.0
20906,VINTAGE NOTEBOOK BEAUTY GIRL,77,2.6551724137931036,227.15000000000003,32,7,19.0,38.0,Reorder,6.0
20910,VINTAGE PHOTO ALBUM PARIS DAYS,80,2.857142857142857,488.79999999999995,55,4,20.0,31.0,Healthy,0.0
20913,SET/5 BLUE SPOTTY LID GLASS BOWLS,295,9.833333333333334,787.05,192,6,69.0,128.0,Healthy,0.0
20914,SET/5 RED RETROSPOT LID GLASS BOWLS,7709,7.543052837573385,21682.030000000002,39,5,53.0,91.0,Reorder,52.0
20914,SET/5 RED SPOTTY LID GLASS BOWLS,10526,13.173967459324155,28513.3,283,5,92.0,158.0,Healthy,0.0
20931,BLUE POT PLANT CANDLE ,611,5.932038834951456,1776.2500000000002,161,4,42.0,66.0,Overstock,0.0
20932,PINK POT PLANT CANDLE,305,5.446428571428571,932.0500000000001,162,8,38.0,82.0,Healthy,0.0
20933,YELLOW POT PLANT CANDLE,493,11.465116279069768,1245.15,111,4,80.0,126.0,Reorder,15.0
20934,SET/3 POT PLANT CANDLES,167,3.4791666666666665,877.1500000000001,234,10,24.0,59.0,Overstock,0.0
20935,ROUND CACTUS CANDLE,293,7.325,535.5500000000001,70,10,51.0,124.0,Reorder,54.0
20936,FORKED CACTUS CANDLE,309,5.618181818181818,704.33,172,14,39.0,118.0,Healthy,0.0
20939,ORANGE CANDLE,12,12.0,10.2,205,7,84.0,168.0,Healthy,0.0
20940,SET/6 GARDEN GNOME T-LIGHT CANDLES,113,6.277777777777778,312.55,82,12,44.0,119.0,Reorder,37.0
20941,FROG CANDLE,928,13.257142857142858,719.62,209,9,93.0,212.0,Reorder,3.0
20942,SET/6 GINGERBREAD TREE T-LIGHTS,6,1.5,7.5,144,6,10.0,19.0,Overstock,0.0
20943,SET/6 GINGERBREAD STAR T-LIGHTS,332,6.916666666666667,415.0,169,3,48.0,69.0,Overstock,0.0
20950,SET/6  ANGEL T-LIGHTS WHITE/GOLD,652,9.878787878787879,282.96999999999997,77,13,69.0,197.0,Reorder,120.0
20952,PORCELAIN CHERUB BELL SMALL,321,16.05,134.82,199,4,112.0,176.0,Healthy,0.0
20953,PORCELAIN CHERUB BELL LARGE,19,2.7142857142857144,31.349999999999998,189,12,19.0,52.0,Overstock,0.0
20956,PORCELAIN T-LIGHT HOLDERS ASSORTED,2120,14.620689655172415,2538.43,290,12,102.0,277.0,Healthy,0.0
20957,PORCELAIN HANGING BELL SMALL,67,5.583333333333333,97.15,73,6,39.0,72.0,Healthy,0.0
20958,PORCELAIN HANGING BELL LARGE,26,2.888888888888889,50.7,120,3,20.0,29.0,Overstock,0.0
20960,WATERMELON BATH SPONGE,1739,12.07638888888889,2169.95,283,10,85.0,206.0,Healthy,0.0
20961,STRAWBERRY BATH SPONGE ,3138,9.867924528301886,3850.66,72,11,69.0,178.0,Reorder,106.0
20963,APPLE BATH SPONGE,3038,10.194630872483222,3729.29,79,6,71.0,132.0,Reorder,53.0
20964,POLYESTER FILLER PAD 60x40cm,20,3.3333333333333335,50.99999999999999,127,12,23.0,63.0,Overstock,0.0
20966,SANDWICH BATH SPONGE,2576,10.915254237288135,3182.0,24,5,76.0,131.0,Reorder,107.0
20967,GREY FLORAL FELTCRAFT SHOULDER BAG,1023,3.7065217391304346,3771.09,122,4,26.0,41.0,Overstock,0.0
20968,GREEN FLORAL FELTCRAFT SHOULDER BAG,37,2.466666666666667,138.75,215,7,17.0,34.0,Overstock,0.0
20969,RED FLORAL FELTCRAFT SHOULDER BAG,3090,5.953757225433526,11155.41,281,5,42.0,72.0,Overstock,0.0
20970,PINK FLORAL FELTCRAFT SHOULDER BAG,2403,4.739644970414201,8796.77,66,12,33.0,90.0,Reorder,24.0
20971,PINK BLUE FELT CRAFT TRINKET BOX,20500,20.137524557956777,23554.3,163,9,141.0,322.0,Reorder,159.0
20972,PINK CREAM FELT CRAFT TRINKET BOX ,20064,16.206785137318256,23812.52,288,13,113.0,324.0,Reorder,36.0
20973,12 PENCIL SMALL TUBE WOODLAND,9091,16.992523364485983,5776.55,143,8,119.0,255.0,Reorder,112.0
20974,12 PENCILS SMALL TUBE SKULL,12699,17.83567415730337,8049.150000000001,125,3,125.0,179.0,Reorder,54.0
20975,12 PENCILS SMALL TUBE RED RETROSPOT,9493,20.197872340425533,6111.650000000001,177,14,141.0,424.0,Reorder,247.0
20975,12 PENCILS SMALL TUBE RED SPOTTY,7997,24.990625,4998.05,166,10,175.0,425.0,Reorder,259.0
20976,12 PENCILS SMALL TUBE POSY,518,8.09375,336.70000000000005,164,4,57.0,89.0,Healthy,0.0
20977,36 PENCILS TUBE WOODLAND,3508,9.717451523545707,4357.64,139,7,68.0,136.0,Healthy,0.0
20978,36 PENCILS TUBE SKULLS,3789,9.378712871287128,4654.17,294,11,66.0,169.0,Healthy,0.0
20979,36 PENCILS TUBE RED RETROSPOT,4516,14.291139240506329,5450.4400000000005,111,10,100.0,243.0,Reorder,132.0
20979,36 PENCILS TUBE RED SPOTTY,3225,15.808823529411764,3882.29,77,4,111.0,174.0,Reorder,97.0
20980,36 PENCILS TUBE POSY,171,4.275,213.75,248,11,30.0,77.0,Overstock,0.0
20981,12 PENCILS TALL TUBE WOODLAND,4431,10.328671328671328,3691.47,136,7,72.0,144.0,Reorder,8.0
20982,12 PENCILS TALL TUBE SKULLS,4601,9.276209677419354,3899.93,298,12,65.0,176.0,Healthy,0.0
20983,12 PENCILS TALL TUBE RED RETROSPOT,3807,10.908309455587393,3229.7099999999996,146,8,76.0,163.0,Reorder,17.0
20983,12 PENCILS TALL TUBE RED SPOTTY,2239,10.661904761904761,1878.1899999999998,148,5,75.0,128.0,Healthy,0.0
20984,12 PENCILS TALL TUBE POSY,5821,25.1991341991342,1887.29,77,5,176.0,302.0,Reorder,225.0
20985,HEART CALCULATOR,2131,9.513392857142858,2531.53,141,12,67.0,181.0,Reorder,40.0
20986,BLUE CALCULATOR RULER,994,7.362962962962963,1173.76,20,10,52.0,126.0,Reorder,106.0
20987,GEISHA GIRL CHOPSTICKS SET/5,117,9.75,228.15,258,13,68.0,195.0,Healthy,0.0
20988,TRELLIS FLOWER CHOPSTICKS SET/5,24,2.6666666666666665,46.8,115,12,19.0,51.0,Overstock,0.0
20989,URBAN CHIC CHOPSTICKS SET/5,397,8.270833333333334,744.15,145,12,58.0,157.0,Reorder,12.0
20990,SPRING FLOWER CHOPSTICKS SET/5,857,9.522222222222222,1581.1499999999999,137,14,67.0,200.0,Reorder,63.0
20991,JAZZ HEARTS MAGNETIC MEMO PAD,7058,441.125,850.9000000000001,67,4,3088.0,4852.0,Reorder,4785.0
20992,JAZZ HEARTS PURSE NOTEBOOK,6030,15.265822784810126,3069.62,108,13,107.0,305.0,Reorder,197.0
20993,JAZZ HEARTS MEMO PAD,10945,456.0416666666667,1305.49,256,14,3192.0,9577.0,Reorder,9321.0
20994,JAZZ HEARTS SPIRAL NOTEPAD,47,3.9166666666666665,39.949999999999996,291,14,27.0,82.0,Overstock,0.0
20996,JAZZ HEARTS ADDRESS BOOK,6123,22.59409594095941,1568.46,208,4,158.0,248.0,Reorder,40.0
20997,ROSE DU SUD CUSHION COVER ,81,2.892857142857143,400.95000000000005,211,7,20.0,40.0,Overstock,0.0
20998,ROSE DU SUD OVEN GLOVE,217,3.7413793103448274,637.35,88,8,26.0,56.0,Healthy,0.0
21000,ROSE DU SUD COSMETICS BAG,616,15.4,1493.0,297,14,108.0,324.0,Reorder,27.0
21001,ROSE DU SUD WASHBAG ,67,2.161290322580645,398.65000000000003,266,4,15.0,24.0,Overstock,0.0
21002,ROSE DU SUD DRAWSTRING BAG,110,4.230769230769231,467.5,95,7,30.0,60.0,Healthy,0.0
21003,ROSE DU SUD CUSHION COVER,22,2.0,139.7,173,9,14.0,32.0,Overstock,0.0
21004,ROSE DU SUD CHILDRENS APRON,26,1.7333333333333334,110.5,163,12,12.0,33.0,Overstock,0.0
21004,ROSE DU SUD CHILDS APRON,79,2.323529411764706,335.75,105,12,16.0,44.0,Overstock,0.0
21007,ETCHED GLASS DROPLET DECORATION,1905,48.84615384615385,851.23,204,10,342.0,830.0,Reorder,626.0
21009,ETCHED GLASS STAR TREE DECORATION,885,10.792682926829269,1106.25,239,14,76.0,227.0,Healthy,0.0
21010,ETCHED GLASS BIRD TREE DECORATION,806,11.852941176470589,1007.5,88,9,83.0,190.0,Reorder,102.0
21011,GLITTER SNOW PEAR TREE DECORATION,1774,16.275229357798164,1249.78,66,10,114.0,277.0,Reorder,211.0
21012,ANTIQUE ALL GLASS CANDLESTICK,1470,10.27972027972028,2143.08,113,14,72.0,216.0,Reorder,103.0
21014,SWISS CHALET TREE DECORATION ,1662,14.839285714285714,737.66,257,11,104.0,267.0,Reorder,10.0
21015,DARK BIRD HOUSE TREE DECORATION,1431,15.554347826086957,511.38999999999993,223,7,109.0,218.0,Healthy,0.0
21016,LIGHT BIRD HOUSE TREE DECORATION,804,11.485714285714286,538.92,237,7,80.0,160.0,Healthy,0.0
21017,RED BIRD HOUSE TREE DECORATION,548,14.051282051282051,358.28,58,13,98.0,281.0,Reorder,223.0
21018,BIRD BOX CHRISTMAS TREE DECORATION,207,5.3076923076923075,175.95,119,12,37.0,101.0,Healthy,0.0
21025,SPACE FROG,221,6.138888888888889,278.5,273,6,43.0,80.0,Overstock,0.0
21026,SPACE OWL,396,7.071428571428571,493.62,241,11,50.0,128.0,Healthy,0.0
21027,NINJA RABBIT PINK,276,5.75,339.3,42,7,40.0,80.0,Reorder,38.0
21028,NINJA RABBIT BLACK,237,5.925,297.64,269,4,41.0,65.0,Overstock,0.0
21030,SPACE CADET RED,219,5.475,272.37,29,12,38.0,104.0,Reorder,75.0
21031,SPACE CADET BLACK,126,5.04,154.91,265,10,35.0,85.0,Overstock,0.0
21032,SPACE CADET WHITE,167,5.21875,210.48,119,9,37.0,84.0,Healthy,0.0
21033,JUMBO BAG CHARLIE AND LOLA TOYS,3411,11.641638225255972,6463.67,199,10,81.0,197.0,Healthy,0.0
21034,REX CASH+CARRY JUMBO SHOPPER,3884,1.9917948717948717,3689.7999999999997,242,14,14.0,42.0,Overstock,0.0
21035,SET/2 RED RETROSPOT TEA TOWELS ,3001,10.172881355932203,8670.71,269,5,71.0,122.0,Overstock,0.0
21035,SET/2 RED SPOTTY TEA TOWELS ,2533,7.675757575757576,7225.150000000001,166,6,54.0,100.0,Healthy,0.0
21036,SET/2 TEA TOWELS MODERN VINTAGE,1,1.0,2.55,115,7,7.0,14.0,Overstock,0.0
21038,SET/4 MODERN VINTAGE COTTON NAPKINS,156,3.183673469387755,319.8,276,8,22.0,47.0,Overstock,0.0
21039,RED RETROSPOT SHOPPING BAG,612,6.309278350515464,1544.76,23,3,44.0,63.0,Reorder,40.0
21039,RED SPOTTY SHOPPING BAG,671,6.514563106796117,1708.35,35,6,46.0,85.0,Reorder,50.0
21040,MODERN VINTAGE COTTON SHOPPING BAG,855,18.19148936170213,1011.4499999999999,299,13,127.0,363.0,Reorder,64.0
21041,RED RETROSPOT OVEN GLOVE DOUBLE,996,4.930693069306931,2890.2000000000003,266,14,35.0,104.0,Overstock,0.0
21041,RED SPOTTY OVEN GLOVE DOUBLE,1232,9.263157894736842,3408.4,277,12,65.0,176.0,Healthy,0.0
21042,RED RETROSPOT APRON ,637,3.9079754601226995,3556.15,179,7,27.0,54.0,Overstock,0.0
21042,RED SPOTTY APRON ,764,4.31638418079096,4292.3,171,9,30.0,69.0,Overstock,0.0
21043,APRON MODERN VINTAGE COTTON,601,6.752808988764045,1519.95,197,7,47.0,94.0,Overstock,0.0
21051,RIBBONS PURSE ,663,6.90625,1308.23,182,3,48.0,69.0,Overstock,0.0
21054,NURSE'S BAG SOFT TOY,350,2.1341463414634148,3112.4999999999995,52,13,15.0,43.0,Healthy,0.0
21055,TOOL BOX SOFT TOY ,316,1.7853107344632768,2889.64,198,9,12.0,28.0,Overstock,0.0
21056,DOCTOR'S BAG SOFT TOY,525,2.9329608938547485,4681.63,120,10,21.0,50.0,Overstock,0.0
21058,PARTY INVITES WOODLAND,2216,10.502369668246445,1824.32,287,9,74.0,169.0,Healthy,0.0
21059,PARTY INVITES DINOSAURS,1550,7.828282828282828,1294.1,84,13,55.0,157.0,Reorder,73.0
21060,PARTY INVITES BALLOON GIRL,1208,9.821138211382113,864.1999999999999,187,6,69.0,128.0,Healthy,0.0
21061,PARTY INVITES FOOTBALL,1303,10.341269841269842,919.27,62,10,72.0,175.0,Reorder,113.0
21062,PARTY INVITES SPACEMAN,1009,8.338842975206612,833.53,63,7,58.0,116.0,Reorder,53.0
21063,PARTY INVITES JAZZ HEARTS,1363,6.883838383838384,1136.71,31,12,48.0,131.0,Reorder,100.0
21064,BOOM BOX SPEAKER BOYS,721,6.80188679245283,3620.65,114,11,48.0,123.0,Reorder,9.0
21065,BOOM BOX SPEAKER GIRLS,516,8.459016393442623,1011.6,272,14,59.0,177.0,Healthy,0.0
21066,VINTAGE RED MUG,2258,20.527272727272727,1429.96,261,14,144.0,431.0,Reorder,170.0
21067,VINTAGE RED TEATIME MUG,4517,24.955801104972377,3302.7200000000003,54,12,175.0,474.0,Reorder,420.0
21068,VINTAGE BILLBOARD LOVE/HATE MUG,3901,15.003846153846155,3817.23,234,7,105.0,210.0,Healthy,0.0
21069,VINTAGE BILLBOARD TEA MUG,4901,27.07734806629834,4909.400000000001,109,3,190.0,271.0,Reorder,162.0
21070,VINTAGE BILLBOARD MUG ,1908,11.493975903614459,1836.16,283,14,80.0,241.0,Healthy,0.0
21071,VINTAGE BILLBOARD DRINK ME MUG,3981,12.47962382445141,4299.7,112,11,87.0,224.0,Reorder,112.0
21076,SET/20 COLLAGE PAPER NAPKIN ,759,10.12,584.67,109,14,71.0,213.0,Reorder,104.0
21077,SET/20 WOODLAND PAPER NAPKINS ,2745,16.147058823529413,1990.53,134,7,113.0,226.0,Reorder,92.0
21078,SET/20 STRAWBERRY PAPER NAPKINS ,6539,11.976190476190476,5097.7699999999995,124,8,84.0,180.0,Reorder,56.0
21080,SET/20 RED RETROSPOT PAPER NAPKINS ,14329,15.815673289183223,11229.27,215,6,111.0,206.0,Healthy,0.0
21080,SET/20 RED SPOTTY PAPER NAPKINS ,15165,19.196202531645568,11310.21,133,8,134.0,288.0,Reorder,155.0
21081,SET/20 POSIES PAPER NAPKINS,4,1.0,3.4,94,14,7.0,21.0,Overstock,0.0
21082,SET/20 FRUIT SALAD PAPER NAPKINS ,7062,59.34453781512605,1764.3,236,10,415.0,1008.0,Reorder,772.0
21084,SET/6 COLLAGE PAPER CUPS,2486,17.757142857142856,650.4000000000001,296,5,124.0,213.0,Healthy,0.0
21085,SET/6 WOODLAND PAPER CUPS,13712,236.41379310344828,1843.1200000000001,268,7,1655.0,3310.0,Reorder,3042.0
21086,SET/6 RED SPOTTY PAPER CUPS,15834,25.09350237717908,9513.300000000001,183,4,176.0,276.0,Reorder,93.0
21087,SET/6 POSIES PAPER CUPS,220,10.476190476190476,123.22000000000001,211,4,73.0,115.0,Healthy,0.0
21088,SET/6 FRUIT SALAD PAPER CUPS,16503,157.17142857142858,1723.3300000000002,246,9,1100.0,2515.0,Reorder,2269.0
21089,SET/6 GREEN SPRING PAPER CUPS,316,8.777777777777779,100.98,196,12,61.0,166.0,Healthy,0.0
21090,SET/6 COLLAGE PAPER PLATES,2285,14.28125,1042.03,118,12,100.0,271.0,Reorder,153.0
21091,SET/6 WOODLAND PAPER PLATES,13668,390.51428571428573,1817.16,55,13,2734.0,7811.0,Reorder,7756.0
21092,SET/6 STRAWBERRY PAPER PLATES,12806,711.4444444444445,1504.94,115,12,4980.0,13517.0,Reorder,13402.0
21094,SET/6 RED SPOTTY PAPER PLATES,17752,25.50574712643678,13068.56,171,8,179.0,383.0,Reorder,212.0
21095,SET/6 POSIES PAPER PLATES,242,8.642857142857142,205.7,170,6,60.0,112.0,Healthy,0.0
21096,SET/6 FRUIT SALAD  PAPER PLATES,15776,156.1980198019802,2572.34,209,7,1093.0,2186.0,Reorder,1977.0
21097,SET/6 GREEN SPRING  PAPER PLATE,32,4.571428571428571,27.2,243,3,32.0,46.0,Overstock,0.0
21098,CHRISTMAS TOILET ROLL,6431,14.99067599067599,7534.29,56,9,105.0,240.0,Reorder,184.0
21099,SET/6 STRAWBERRY PAPER CUPS,13284,442.8,1506.6000000000001,287,10,3100.0,7528.0,Reorder,7241.0
21100,CHARLIE AND LOLA CHARLOTTE BAG,2221,13.88125,2864.05,202,11,97.0,250.0,Reorder,48.0
21102,"CANDLE IN JAR COLLAGE , VANILLA",65,5.416666666666667,165.75,32,10,38.0,92.0,Reorder,60.0
21106,CREAM SLICE FLANNEL CHOCOLATE SPOT ,698,5.768595041322314,1982.3000000000002,298,7,40.0,80.0,Overstock,0.0
21107,CREAM SLICE FLANNEL PINK SPOT ,2157,9.378260869565217,5873.55,236,5,66.0,113.0,Overstock,0.0
21108,FAIRY CAKE FLANNEL ASSORTED COLOUR,12532,30.565853658536586,23322.62,292,12,214.0,581.0,Reorder,289.0
21109,LARGE CAKE TOWEL CHOCOLATE SPOTS,829,12.191176470588236,2082.15,81,13,85.0,243.0,Reorder,162.0
21109,"LARGE CAKE TOWEL, CHOCOLATE SPOTS",225,2.295918367346939,1513.95,103,11,16.0,41.0,Overstock,0.0
21110,LARGE CAKE TOWEL PINK SPOTS,1251,5.369098712446352,5426.45,236,8,38.0,81.0,Overstock,0.0
21111,"SWISS ROLL TOWEL, CHOCOLATE  SPOTS",1208,9.292307692307693,2493.3,206,7,65.0,130.0,Healthy,0.0
21112,SWISS ROLL TOWEL PINK  SPOTS,666,24.666666666666668,1782.1799999999998,38,5,173.0,296.0,Reorder,258.0
21112,"SWISS ROLL TOWEL, PINK  SPOTS",1411,13.833333333333334,3190.4500000000003,196,8,97.0,208.0,Reorder,12.0
21114,LAVENDER SCENTED FABRIC HEART,5591,11.870488322717621,6920.43,119,5,83.0,142.0,Reorder,23.0
21115,ROSE CARAVAN DOORSTOP,1161,3.2430167597765363,6753.91,252,12,23.0,62.0,Overstock,0.0
21116,OWL DOORSTOP,954,3.8623481781376516,4569.54,95,14,27.0,81.0,Healthy,0.0
21117,BLOND DOLL DOORSTOP,328,12.615384615384615,502.08,284,8,88.0,189.0,Healthy,0.0
21118,SHOPPING BAG DOORSTOP,69,9.857142857142858,104.25,225,6,69.0,128.0,Healthy,0.0
21121,SET/10 RED POLKADOT PARTY CANDLES,8541,19.279909706546274,10238.49,242,4,135.0,212.0,Healthy,0.0
21121,SET/10 RED SPOTTY PARTY CANDLES,6495,18.347457627118644,7826.91,71,10,128.0,311.0,Reorder,240.0
21122,SET/10 PINK POLKADOT PARTY CANDLES,6464,16.87728459530026,7807.610000000001,163,6,118.0,219.0,Reorder,56.0
21122,SET/10 PINK SPOTTY PARTY CANDLES,5636,15.315217391304348,6807.88,88,11,107.0,275.0,Reorder,187.0
21123,SET/10 IVORY POLKADOT PARTY CANDLES,1320,11.186440677966102,1647.06,118,9,78.0,179.0,Reorder,61.0
21123,SET/10 IVORY SPOTTY PARTY CANDLES,1252,16.69333333333333,1555.88,44,14,117.0,351.0,Reorder,307.0
21124,SET/10 BLUE POLKADOT PARTY CANDLES,5080,17.16216216216216,6131.12,72,4,120.0,189.0,Reorder,117.0
21124,SET/10 BLUE SPOTTY PARTY CANDLES,4883,15.550955414012739,5921.35,170,6,109.0,202.0,Reorder,32.0
21125,SET 6 FOOTBALL CELEBRATION CANDLES,2045,9.927184466019417,2087.77,163,7,69.0,138.0,Healthy,0.0
21126,SET OF 6 GIRLS CELEBRATION CANDLES,2197,10.314553990610328,2147.93,76,5,72.0,124.0,Reorder,48.0
21127,COLOURFUL FISHING GNOME,284,7.473684210526316,838.6,58,11,52.0,134.0,Reorder,76.0
21128,GOLD FISHING GNOME,96,3.4285714285714284,464.71000000000004,128,7,24.0,48.0,Overstock,0.0
21129,SILVER FISHING GNOME ,105,2.5,709.3000000000001,200,4,18.0,28.0,Overstock,0.0
21130,COLOURFUL STANDING GNOME,706,18.102564102564102,1115.7,61,13,127.0,362.0,Reorder,301.0
21131,GOLD STANDING GNOME,253,8.724137931034482,910.25,205,5,61.0,105.0,Healthy,0.0
21132,SILVER STANDING GNOME   ,72,2.4827586206896552,300.0,242,11,17.0,44.0,Overstock,0.0
21133,PAINTED BIRD ASSORTED CHRISTMAS,409,9.975609756097562,691.21,141,9,70.0,160.0,Reorder,19.0
21134,VICTORIAN METAL POSTCARD CHRISTMAS,351,7.9772727272727275,579.15,152,4,56.0,88.0,Healthy,0.0
21135,VICTORIAN  METAL POSTCARD SPRING,5773,14.764705882352942,8155.09,182,11,103.0,265.0,Reorder,83.0
21136,PAINTED METAL PEARS ASSORTED,10255,14.203601108033242,16907.51,234,6,99.0,184.0,Healthy,0.0
21137,BLACK RECORD COVER FRAME,18417,34.042513863216264,63092.12,240,11,238.0,612.0,Reorder,372.0
21143,ANTIQUE GLASS HEART DECORATION ,2003,12.757961783439491,3819.45,254,4,89.0,140.0,Healthy,0.0
21144,PINK POODLE HANGING DECORATION ,505,11.744186046511627,220.79000000000002,165,14,82.0,246.0,Reorder,81.0
21145,ANTIQUE GLASS PLACE SETTING,839,21.512820512820515,994.03,258,12,151.0,409.0,Reorder,151.0
21146,ANTIQUE GLASS RIDGED HANGING BALL,775,14.903846153846153,1453.6499999999999,95,14,104.0,313.0,Reorder,218.0
21147,JINGLE BELLS TREE DECORATION,331,7.042553191489362,559.14,28,6,49.0,91.0,Reorder,63.0
21153,RED SPOTTY TABLECLOTH ,370,3.008130081300813,3832.5,93,7,21.0,42.0,Overstock,0.0
21154,RED RETROSPOT OVEN GLOVE ,4344,12.340909090909092,5083.88,272,4,86.0,135.0,Overstock,0.0
21154,RED SPOTTY OVEN GLOVE ,2556,10.023529411764706,3095.44,249,12,70.0,190.0,Healthy,0.0
21155,RED RETROSPOT PEG BAG,3244,7.440366972477064,7382.05,26,3,52.0,74.0,Reorder,48.0
21155,RED SPOTTY PEG BAG,2561,8.710884353741497,4858.62,193,9,61.0,139.0,Healthy,0.0
21156,RED SPOTTY CHILDS APRON,2434,8.915750915750916,4482.6,160,12,62.0,169.0,Reorder,9.0
21156,RETROSPOT CHILDRENS APRON,6437,12.191287878787879,11562.37,187,3,85.0,122.0,Healthy,0.0
21157,RED RETROSPOT WASHBAG,64,3.764705882352941,134.4,189,13,26.0,75.0,Overstock,0.0
21157,RED SPOTTY WASHBAG,542,5.827956989247312,1133.2800000000002,141,13,41.0,117.0,Healthy,0.0
21158,MOODY GIRL DOOR HANGER ,2509,9.25830258302583,1614.31,213,10,65.0,158.0,Healthy,0.0
21159,MOODY BOY  DOOR HANGER ,2060,9.581395348837209,1306.44,24,5,67.0,115.0,Reorder,91.0
21160,KEEP OUT GIRLS DOOR HANGER ,763,15.571428571428571,485.22999999999996,48,12,109.0,296.0,Reorder,248.0
21161,KEEP OUT BOYS DOOR HANGER ,2285,13.765060240963855,1611.1699999999998,184,8,96.0,206.0,Reorder,22.0
21162,TOXIC AREA  DOOR HANGER ,2325,9.647302904564315,1475.9499999999998,155,9,68.0,155.0,Healthy,0.0
21163,DO NOT TOUCH MY STUFF DOOR HANGER ,2734,12.260089686098654,1577.34,164,12,86.0,233.0,Reorder,69.0
21164,HOME SWEET HOME METAL SIGN ,5839,9.238924050632912,15888.490000000002,236,3,65.0,93.0,Overstock,0.0
21165,BEWARE OF THE CAT METAL SIGN ,9080,11.392722710163111,14070.08,151,8,80.0,171.0,Reorder,20.0
21166,COOK WITH WINE METAL SIGN ,19652,15.91255060728745,37029.340000000004,89,9,111.0,254.0,Reorder,165.0
21167,WHITE SAGE INCENSE,2058,41.16,424.68,271,8,288.0,617.0,Reorder,346.0
21169,YOU'RE CONFUSING ME METAL SIGN ,8642,13.652448657187994,13438.58,294,6,96.0,178.0,Healthy,0.0
21171,BATHROOM METAL SIGN ,1810,7.973568281938326,2461.2999999999997,201,3,56.0,80.0,Overstock,0.0
21172,PARTY METAL SIGN ,7444,9.078048780487805,10392.72,186,13,64.0,182.0,Healthy,0.0
21173,LOO ROLL  METAL SIGN ,321,5.262295081967213,527.2499999999999,110,11,37.0,95.0,Healthy,0.0
21174,POTTERING IN THE SHED METAL SIGN,9247,10.677829099307159,17814.51,221,6,75.0,139.0,Healthy,0.0
21175,GIN + TONIC DIET METAL SIGN,19755,14.141016463851109,40940.78,38,9,99.0,226.0,Reorder,188.0
21175,GIN AND TONIC DIET METAL SIGN,474,12.81081081081081,1118.46,58,9,90.0,205.0,Reorder,147.0
21179,NO JUNK MAIL METAL SIGN,4039,10.97554347826087,3040.07,145,4,77.0,121.0,Healthy,0.0
21181,PLEASE ONE PERSON  METAL SIGN,1787,11.834437086092715,3524.7000000000003,192,3,83.0,119.0,Healthy,0.0
21181,PLEASE ONE PERSON METAL SIGN,22379,15.815547703180211,44310.600000000006,160,10,111.0,269.0,Reorder,109.0
21185, HOME SWEET HOME  BLACKBOARD,117,3.5454545454545454,722.31,261,10,25.0,60.0,Overstock,0.0
21185,HOME SWEET HOME  BLACKBOARD,3,1.0,19.049999999999997,239,9,7.0,16.0,Overstock,0.0
21186,WHITE DOVE HONEYCOMB PAPER GARLAND,5017,17.917857142857144,7729.049999999999,145,10,125.0,304.0,Reorder,159.0
21187,WHITE BELL HONEYCOMB PAPER GARLAND ,1251,11.169642857142858,1946.5499999999997,77,5,78.0,134.0,Reorder,57.0
21188,3D HEARTS  HONEYCOMB PAPER GARLAND,856,8.73469387755102,2463.6000000000004,167,13,61.0,175.0,Reorder,8.0
21189,WHITE HONEYCOMB PAPER GARLAND ,543,8.901639344262295,866.7499999999999,20,4,62.0,98.0,Reorder,78.0
21190,PINK HEARTS PAPER GARLAND,756,8.689655172413794,1188.3999999999999,209,9,61.0,139.0,Healthy,0.0
21191,LARGE WHITE HONEYCOMB PAPER BELL  ,1210,10.431034482758621,2323.7000000000003,210,10,73.0,177.0,Healthy,0.0
21192,WHITE BELL HONEYCOMB PAPER ,1845,15.504201680672269,2842.25,136,3,109.0,156.0,Reorder,20.0
21193,WHITE HONEYCOMB PAPER FAN ,84,5.6,158.36,153,14,39.0,117.0,Healthy,0.0
21194,PINK  HONEYCOMB PAPER FAN,501,8.080645161290322,498.64000000000004,77,12,57.0,154.0,Reorder,77.0
21195,PINK  HONEYCOMB PAPER BALL ,622,11.309090909090909,1018.6800000000001,63,11,79.0,203.0,Reorder,140.0
21196,ROUND WHITE CONFETTI IN TUBE,158,8.777777777777779,260.7,192,13,61.0,175.0,Healthy,0.0
21197,MULTICOLOUR  CONFETTI IN TUBE,412,12.875,601.56,179,6,90.0,167.0,Healthy,0.0
21198,WHITE HEART CONFETTI IN TUBE,1190,14.337349397590362,1304.4599999999998,192,14,100.0,301.0,Reorder,109.0
21199,PINK  HEART CONFETTI IN TUBE,1170,12.446808510638299,1271.4599999999998,168,6,87.0,162.0,Healthy,0.0
21200,MULTICOLOUR HONEYCOMB PAPER GARLAND,1287,16.93421052631579,1724.35,99,5,119.0,204.0,Reorder,105.0
21201,TROPICAL  HONEYCOMB PAPER GARLAND ,2629,13.91005291005291,5980.35,232,8,97.0,208.0,Healthy,0.0
21202,DOLLY HONEYCOMB GARLAND,814,14.535714285714286,975.9,222,3,102.0,146.0,Healthy,0.0
21203,BUTTERFLIES  HONEYCOMB GARLAND,1445,13.256880733944953,2240.25,271,8,93.0,199.0,Healthy,0.0
21204,DAISIES  HONEYCOMB GARLAND ,1478,10.123287671232877,2337.8999999999996,248,4,71.0,111.0,Overstock,0.0
21205,MULTICOLOUR 3D BALLS GARLAND,596,5.228070175438597,1455.0,183,11,37.0,95.0,Healthy,0.0
21206,STRAWBERRY HONEYCOMB  GARLAND ,2058,10.71875,2819.7,246,4,75.0,118.0,Overstock,0.0
21207,SKULL AND CROSSBONES  GARLAND ,3480,16.338028169014084,5337.2,166,9,114.0,261.0,Reorder,95.0
21208,PASTEL COLOUR HONEYCOMB FAN,981,12.74025974025974,709.89,39,14,89.0,267.0,Reorder,228.0
21209,MULTICOLOUR HONEYCOMB FAN,1354,16.11904761904762,1016.52,66,3,113.0,161.0,Reorder,95.0
21210,SET OF 72 RETRO SPOT PAPER  DOILIES,7488,16.64,10423.199999999999,252,14,116.0,349.0,Reorder,97.0
21210,SET OF 72 RETROSPOT PAPER  DOILIES,7259,14.99793388429752,10177.119999999999,33,9,105.0,240.0,Reorder,207.0
21211,SET OF 72 SKULL PAPER  DOILIES,2321,12.545945945945945,3192.6499999999996,162,7,88.0,176.0,Reorder,14.0
21212,PACK OF 72 RETRO SPOT CAKE CASES,45129,38.14792899408284,21838.23,20,10,267.0,648.0,Reorder,628.0
21212,PACK OF 72 RETROSPOT CAKE CASES,44721,32.548034934497814,21551.8,73,6,228.0,423.0,Reorder,350.0
21213,PACK OF 72 SKULL CAKE CASES,38530,32.70797962648557,18319.18,278,14,229.0,687.0,Reorder,409.0
21214,SET OF 72 IVORY PAPER DOILIES,1884,14.834645669291339,2578.2,163,12,104.0,282.0,Reorder,119.0
21215, IVORY PAPER CUP CAKE CASES ,1146,47.75,521.1,31,9,334.0,764.0,Reorder,733.0
21215,IVORY PAPER CUP CAKE CASES ,2839,17.633540372670808,1477.99,243,8,123.0,264.0,Reorder,21.0
21216,"SET 3 RED SPOT TIN TEA,COFFEE,SUGAR",1426,5.91701244813278,6605.1,291,7,41.0,82.0,Overstock,0.0
21216,"SET 3 RETROSPOT TEA,COFFEE,SUGAR",2061,7.15625,9376.67,175,6,50.0,93.0,Healthy,0.0
21217,RED RETROSPOT ROUND CAKE TINS,1268,3.602272727272727,11983.599999999999,27,9,25.0,57.0,Reorder,30.0
21217,RED SPOTTY ROUND CAKE TINS,1415,3.3851674641148324,13458.25,141,14,24.0,71.0,Healthy,0.0
21218,RED SPOTTY BISCUIT TIN,4715,7.964527027027027,16431.45,183,7,56.0,112.0,Healthy,0.0
21219,SET/4 BADGES BALLOON GIRL,848,8.153846153846153,1062.94,109,7,57.0,114.0,Reorder,5.0
21220,SET/4 BADGES DOGS,516,6.216867469879518,658.31,155,3,44.0,63.0,Overstock,0.0
21221,SET/4 BADGES CUTE CREATURES,454,7.442622950819672,578.39,205,4,52.0,82.0,Overstock,0.0
21222,SET/4 BADGES BEETLES,530,6.235294117647059,672.18,197,7,44.0,88.0,Overstock,0.0
21223,SET/4 BADGES WOODLAND ANIMAL,482,13.38888888888889,564.5,47,5,94.0,161.0,Reorder,114.0
21224,SET/4 SKULL BADGES,1956,9.270142180094787,2437.4,239,4,65.0,102.0,Overstock,0.0
21225,POCKET MIRROR BUTTERFLY ,2,1.0,2.5,60,6,7.0,13.0,Overstock,0.0
21226,POCKET MIRROR WOODLAND,122,5.809523809523809,152.5,247,6,41.0,76.0,Overstock,0.0
21228,"POCKET MIRROR ""GLAMOROUS""",95,3.1666666666666665,118.75,211,6,22.0,41.0,Overstock,0.0
21231,SWEETHEART CERAMIC TRINKET BOX,18488,15.432387312186979,21793.25,164,6,108.0,201.0,Reorder,37.0
21232,STRAWBERRY CERAMIC TRINKET BOX,33899,18.235072619688005,39682.67,220,5,128.0,219.0,Healthy,0.0
21232,STRAWBERRY CERAMIC TRINKET POT,1036,13.631578947368421,1312.04,231,14,95.0,286.0,Reorder,55.0
21238,RED RETROSPOT CUP,4175,12.136627906976743,3355.05,239,9,85.0,194.0,Healthy,0.0
21238,RED SPOTTY CUP,4473,12.254794520547945,3649.17,259,11,86.0,221.0,Healthy,0.0
21239,PINK  POLKADOT CUP,3090,12.023346303501945,2477.52,65,14,84.0,252.0,Reorder,187.0
21239,PINK  SPOTTY CUP,3390,11.33779264214047,2756.7,54,7,79.0,158.0,Reorder,104.0
21240,BLUE  SPOTTY CUP,3123,10.444816053511706,2542.23,272,6,73.0,136.0,Healthy,0.0
21240,BLUE POLKADOT CUP,3655,13.4375,2898.75,101,13,94.0,269.0,Reorder,168.0
21241,GREEN POLKADOT CUP,111,11.1,94.35,275,4,78.0,122.0,Overstock,0.0
21241,GREEN SPOTTY CUP,2029,9.849514563106796,1662.25,216,4,69.0,108.0,Healthy,0.0
21242,RED RETROSPOT PLATE ,3340,12.234432234432234,5310.5199999999995,29,7,86.0,172.0,Reorder,143.0
21242,RED SPOTTY PLATE ,3135,12.692307692307692,5015.91,261,9,89.0,203.0,Healthy,0.0
21243,PINK  POLKADOT PLATE ,2282,13.190751445086706,3614.66,270,12,92.0,250.0,Healthy,0.0
21243,PINK  SPOTTY PLATE ,2703,13.185365853658537,4291.59,24,12,92.0,250.0,Reorder,226.0
21243,PINK POLKADOT PLATE ,202,11.222222222222221,318.34,138,11,79.0,202.0,Reorder,64.0
21244,BLUE  SPOTTY PLATE ,2272,12.552486187845304,3609.2799999999997,84,9,88.0,201.0,Reorder,117.0
21244,BLUE POLKADOT PLATE ,2395,12.876344086021506,3805.6299999999997,165,7,90.0,180.0,Reorder,15.0
21245,GREEN  SPOTTY PLATE ,1284,9.654135338345865,2077.7999999999997,243,12,68.0,184.0,Healthy,0.0
21245,GREEN POLKADOT PLATE ,1150,9.2,1852.9399999999998,258,12,64.0,174.0,Healthy,0.0
21246,RED RETROSPOT BIG BOWL,214,4.28,1042.5,196,12,30.0,81.0,Overstock,0.0
21246,RED SPOTTY BIG BOWL,408,4.689655172413793,2002.8000000000002,286,8,33.0,71.0,Overstock,0.0
21247,SET OF RED SALAD SERVERS ,400,6.557377049180328,596.0,82,13,46.0,131.0,Reorder,49.0
21248,DOOR HANGER  MUM + DADS ROOM,1008,7.636363636363637,1192.8,236,14,53.0,160.0,Healthy,0.0
21249,WOOD ANIMALS HEIGHT CHART STICKERS ,6,6.0,17.700000000000003,196,5,42.0,72.0,Overstock,0.0
21249,WOODLAND  HEIGHT CHART STICKERS ,1553,8.26063829787234,4215.35,117,7,58.0,116.0,Healthy,0.0
21250,SET OF SKULL WALL STICKERS,394,7.433962264150943,950.5,124,10,52.0,126.0,Reorder,2.0
21251,DINOSAUR HEIGHT CHART STICKER SET,546,5.352941176470588,1453.5000000000002,118,3,37.0,53.0,Overstock,0.0
21252,SET OF MEADOW  FLOWER STICKERS,161,10.0625,375.65000000000003,25,14,70.0,211.0,Reorder,186.0
21253,SET OF PICTURE FRAME  STICKERS,225,4.411764705882353,598.59,216,3,31.0,44.0,Overstock,0.0
21255,"FRENCH BOTTLE , LAVENDER",422,7.672727272727273,677.0999999999999,152,9,54.0,123.0,Healthy,0.0
21256,"FRENCH BOTTLE, BRASSERIE DES ARTIST",282,8.057142857142857,446.09999999999997,278,7,56.0,112.0,Overstock,0.0
21257,VICTORIAN SEWING BOX MEDIUM,1267,3.509695290858726,9550.49,42,7,25.0,50.0,Reorder,8.0
21258,VICTORIAN SEWING BOX LARGE,1229,3.56231884057971,14406.63,72,3,25.0,36.0,Healthy,0.0
21259,VICTORIAN SEWING BOX SMALL ,2171,3.9187725631768955,12409.960000000001,184,11,27.0,70.0,Overstock,0.0
21260,FIRST AID TIN,3370,7.573033707865169,10675.6,221,3,53.0,76.0,Overstock,0.0
21261,GREEN GOOSE FEATHER CHRISTMAS TREE ,245,5.6976744186046515,834.7500000000001,102,7,40.0,80.0,Healthy,0.0
21262,WHITE GOOSE FEATHER CHRISTMAS TREE ,458,5.654320987654321,1435.1000000000001,164,12,40.0,108.0,Healthy,0.0
21263,GREEN GOOSE FEATHER TREE 60CM,286,6.355555555555555,581.7,104,11,44.0,114.0,Reorder,10.0
21264,WHITE GOOSE FEATHER TREE 60CM ,352,6.175438596491228,782.4,97,6,43.0,80.0,Healthy,0.0
21265,PINK GOOSE FEATHER TREE 60CM,315,11.25,670.25,20,10,79.0,192.0,Reorder,172.0
21267,VINTAGE PINK TINSEL REEL ,13,3.25,27.3,70,8,23.0,49.0,Healthy,0.0
21268,VINTAGE BLUE TINSEL REEL,383,9.341463414634147,209.58,192,13,65.0,186.0,Healthy,0.0
21269,ANTIQUE CREAM CUTLERY SHELF ,106,1.8275862068965518,901.0,224,5,13.0,22.0,Overstock,0.0
21270,ANTIQUE CREAM CUTLERY CUPBOARD,39,1.3928571428571428,497.25,279,6,10.0,18.0,Overstock,0.0
21272,SALLE DE BAIN HOOK,2179,9.272340425531915,2703.11,53,4,65.0,102.0,Reorder,49.0
21274,EMBOSSED HEART 3 DRAWER SHELF,159,1.7666666666666666,2012.85,114,3,12.0,17.0,Overstock,0.0
21275,ZINC TOP  2 DOOR WOODEN SHELF ,242,5.041666666666667,1477.9,91,10,35.0,85.0,Healthy,0.0
21276,TWO EMBOSSED HEART MINI DRAWERS,676,24.142857142857142,1544.2,58,3,169.0,241.0,Reorder,183.0
21277,FRENCH STYLE EMBOSSED HEART CABINET,45,1.125,968.8,173,13,8.0,23.0,Overstock,0.0
21278,VINTAGE KITCHEN PRINT PUDDINGS,2695,38.5,1352.25,269,3,270.0,386.0,Reorder,117.0
21279,VINTAGE KITCHEN PRINT FRUITS,3471,61.982142857142854,1343.85,181,6,434.0,806.0,Reorder,625.0
21280,VINTAGE KITCHEN PRINT VEGETABLES,3316,62.56603773584906,1714.2,137,12,438.0,1189.0,Reorder,1052.0
21281,VINTAGE KITCHEN PRINT SEAFOOD,3644,98.48648648648648,1552.2,278,14,689.0,2068.0,Reorder,1790.0
21282,NATURAL BARK CANDLE LARGE,337,5.711864406779661,1369.25,287,12,40.0,109.0,Overstock,0.0
21283,NATURAL BARK CANDLE SMALL,491,7.115942028985507,1496.75,73,8,50.0,107.0,Reorder,34.0
21284,RETRO SPOT CANDLE  SMALL,365,10.428571428571429,599.57,255,11,73.0,188.0,Healthy,0.0
21284,RETROSPOT CANDLE  SMALL,1116,18.6,847.88,241,3,130.0,186.0,Healthy,0.0
21285,RETRO SPOT CANDLE  MEDIUM,248,10.782608695652174,502.80000000000007,270,9,75.0,172.0,Healthy,0.0
21285,RETROSPOT CANDLE  MEDIUM,726,14.52,729.6200000000001,131,12,102.0,276.0,Reorder,145.0
21286,RETRO SPOT CANDLE  LARGE,272,9.066666666666666,672.0,274,13,63.0,181.0,Healthy,0.0
21286,RETROSPOT CANDLE  LARGE,690,18.64864864864865,735.8199999999999,226,7,131.0,262.0,Reorder,36.0
21287,SCENTED VELVET LOUNGE CANDLE ,4077,49.12048192771084,1799.82,248,14,344.0,1032.0,Reorder,784.0
21288,STRIPEY CHOCOLATE NESTING BOXES,851,6.546153846153846,2036.8500000000001,85,10,46.0,111.0,Reorder,26.0
21289,LARGE STRIPES CHOCOLATE GIFT BAG,1255,20.916666666666668,1315.15,94,9,146.0,334.0,Reorder,240.0
21291,SMALL POLKADOT CHOCOLATE GIFT BAG ,1310,21.475409836065573,1113.5,122,6,150.0,279.0,Reorder,157.0
21291,SMALL SPOTTY CHOCOLATE GIFT BAG ,1049,16.138461538461538,881.5699999999999,211,6,113.0,210.0,Healthy,0.0
21292,SMALL STRIPES CHOCOLATE GIFT BAG ,2437,29.71951219512195,1407.1299999999999,271,8,208.0,446.0,Reorder,175.0
21293,MIRRORED DOVE WALL DECORATION,256,5.953488372093023,539.63,245,8,42.0,90.0,Overstock,0.0
21294,ETCHED GLASS COASTER,2130,18.050847457627118,1465.3799999999999,117,11,126.0,325.0,Reorder,208.0
21298,EDWARDIAN 2 DRAWER WALL CABINET ,52,3.7142857142857144,755.8,268,14,26.0,78.0,Overstock,0.0
21299,EDWARDIAN TOILET ROLL UNIT ,161,5.551724137931035,838.35,185,7,39.0,78.0,Overstock,0.0
21300,ANTIQUE EDWARDIAN DRESSER,52,4.7272727272727275,737.4,49,10,33.0,80.0,Reorder,31.0
21303,FILIGREE WALL MIRROR  ANTIQUE WHITE,92,3.5384615384615383,848.8,266,7,25.0,50.0,Overstock,0.0
21304,ARCHED GREY MIRROR,84,5.25,540.6,125,4,37.0,58.0,Overstock,0.0
21306,SET/4 DAISY MIRROR MAGNETS,669,11.736842105263158,302.9,70,8,82.0,176.0,Reorder,106.0
21307,SET/4 BUTTERFLY MIRROR MAGNETS,726,13.444444444444445,572.3000000000001,100,11,94.0,242.0,Reorder,142.0
21308,LOUVRE VANITY MIRROR,129,43.0,653.85,152,5,301.0,516.0,Reorder,364.0
21309,LOUVRE CHALKBOARD,49,9.8,325.6,157,3,69.0,98.0,Healthy,0.0
21310,CAPIZ CHANDELIER,5,1.6666666666666667,149.75,203,3,12.0,17.0,Overstock,0.0
21311,SET/4 BIRD MIRROR MAGNETS ,682,8.973684210526315,476.11,292,5,63.0,108.0,Overstock,0.0
21312,LARGE CHUNKY GLASS ROMAN BOWL,293,14.65,1097.75,88,12,103.0,279.0,Reorder,191.0
21313,GLASS HEART T-LIGHT HOLDER ,5823,22.396153846153847,4338.75,53,7,157.0,314.0,Reorder,261.0
21314,SMALL GLASS HEART TRINKET POT,10447,14.570432357043236,20588.260000000002,281,5,102.0,175.0,Healthy,0.0
21316,SMALL CHUNKY GLASS ROMAN  BOWL,669,19.676470588235293,1008.19,72,11,138.0,354.0,Reorder,282.0
21317,GLASS SPHERE CANDLE STAND MEDIUM,329,4.984848484848484,1181.25,224,10,35.0,85.0,Overstock,0.0
21318,GLASS CHALICE BLUE SMALL ,936,12.0,780.3,145,5,84.0,144.0,Healthy,0.0
21319,GLASS CHALICE GREEN  SMALL ,474,9.875,640.2599999999999,254,11,69.0,178.0,Healthy,0.0
21320,GLASS CHALICE GREEN  LARGE ,358,9.675675675675675,726.66,62,8,68.0,145.0,Reorder,83.0
21321,GLASS CHALICE BLUE  LARGE ,108,8.307692307692308,245.25,259,9,58.0,133.0,Healthy,0.0
21322,GLASS SPHERE CANDLE STAND LARGE ,299,23.0,562.45,130,6,161.0,299.0,Reorder,169.0
21323,HANGING MEDINA LANTERN LARGE,704,13.037037037037036,2201.25,268,6,91.0,169.0,Healthy,0.0
21324,HANGING MEDINA LANTERN SMALL,938,7.328125,2410.7000000000003,170,14,51.0,154.0,Healthy,0.0
21326,AGED GLASS SILVER T-LIGHT HOLDER,17004,31.314917127071823,10338.6,202,4,219.0,344.0,Reorder,142.0
21327,SKULLS WRITING SET ,1512,4.486646884272997,2492.3999999999996,114,7,31.0,62.0,Healthy,0.0
21328,BALLOONS  WRITING SET ,1632,4.294736842105263,2691.3999999999996,27,10,30.0,73.0,Reorder,46.0
21329,DINOSAURS  WRITING SET ,1615,4.306666666666667,2635.99,203,9,30.0,69.0,Overstock,0.0
21330,WOODLAND ANIMAL  WRITING SET ,1357,10.51937984496124,2133.0499999999997,214,9,74.0,169.0,Healthy,0.0
21331,MOROCCAN BEATEN METAL DISH LARGE,104,4.333333333333333,793.74,214,8,30.0,65.0,Overstock,0.0
21332,MOROCCAN BEATEN METAL MIRROR,262,6.238095238095238,1442.9,174,5,44.0,75.0,Overstock,0.0
21333,CLASSIC WHITE FRAME,1007,5.111675126903553,2946.65,112,7,36.0,72.0,Healthy,0.0
21335,LIBRARY LAMP,36,1.6363636363636365,754.1999999999999,179,3,11.0,16.0,Overstock,0.0
21336,GOLD WASHBAG,1788,74.5,401.64000000000004,80,9,522.0,1192.0,Reorder,1112.0
21337,SILVER WASHBAG,30,3.3333333333333335,88.50000000000001,141,11,23.0,60.0,Overstock,0.0
21338,MARAKESH LANTERN SMALL ,196,16.333333333333332,848.35,70,3,114.0,163.0,Reorder,93.0
21339,MARAKESH LANTERN LARGE,30,2.3076923076923075,544.5,296,4,16.0,25.0,Overstock,0.0
21340,CLASSIC METAL BIRDCAGE PLANT HOLDER,1702,4.432291666666667,17888.71,24,5,31.0,53.0,Reorder,29.0
21341,KASBAH LANTERN WITH GLASS ,56,3.7333333333333334,250.8,111,5,26.0,45.0,Overstock,0.0
21343,GOLD JEWELERY BOX,20,6.666666666666667,92.00000000000001,189,10,47.0,114.0,Healthy,0.0
21344,MOROCCAN BEATEN METAL DISH,164,6.833333333333333,707.8000000000001,41,9,48.0,110.0,Reorder,69.0
21347,GOTHIC CARRIAGE LANTERN,8,2.0,47.6,20,8,14.0,30.0,Reorder,10.0
21348,PINK SPOTS CHOCOLATE NESTING BOXES ,816,7.0344827586206895,1891.2,152,12,49.0,133.0,Healthy,0.0
21349,IVY HEART WREATH,492,3.84375,3193.0,252,12,27.0,73.0,Overstock,0.0
21350,GINGHAM HEART WREATH,224,5.209302325581396,644.8000000000001,31,13,36.0,104.0,Reorder,73.0
21351,CINAMMON & ORANGE WREATH,986,7.197080291970803,3018.7,65,6,50.0,93.0,Reorder,28.0
21352,EUCALYPTUS & PINECONE  WREATH,742,8.939759036144578,2232.7000000000003,53,11,63.0,161.0,Reorder,108.0
21353,SILVER SLEIGHBELL  WREATH,18,2.25,143.1,97,3,16.0,23.0,Overstock,0.0
21354,TOAST ITS - BEST MUM,2401,14.123529411764705,2797.25,237,13,99.0,283.0,Reorder,46.0
21355,TOAST ITS - I LOVE YOU ,3339,11.840425531914894,3982.15,92,4,83.0,130.0,Reorder,38.0
21356,TOAST ITS - FAIRY FLOWER,1148,6.3076923076923075,1410.95,268,6,44.0,82.0,Overstock,0.0
21357,TOAST ITS - DINOSAUR,1310,7.7514792899408285,1630.42,66,5,54.0,93.0,Reorder,27.0
21358,TOAST ITS - HAPPY BIRTHDAY,1026,6.493670886075949,1275.3,140,3,45.0,64.0,Overstock,0.0
21359,RELAX LARGE WOOD LETTERS,202,2.927536231884058,1913.8999999999999,233,7,20.0,40.0,Overstock,0.0
21360,JOY LARGE WOOD LETTERS,433,4.706521739130435,2631.35,258,9,33.0,75.0,Overstock,0.0
21361,LOVE LARGE WOOD LETTERS ,519,2.0595238095238093,6422.85,75,4,14.0,22.0,Overstock,0.0
21363,HOME SMALL WOOD LETTERS,911,2.7032640949554896,4509.450000000001,126,7,19.0,38.0,Overstock,0.0
21364,PEACE SMALL WOOD LETTERS,439,3.048611111111111,3031.65,67,8,21.0,45.0,Healthy,0.0
21365,MIRRORED WALL ART STARS,444,7.161290322580645,561.6,80,13,50.0,143.0,Reorder,63.0
21366,MIRRORED WALL ART PHOTO FRAMES,153,5.666666666666667,602.25,45,9,40.0,91.0,Reorder,46.0
21367,MIRRORED WALL ART GENTS,196,4.355555555555555,202.85999999999999,276,3,30.0,43.0,Overstock,0.0
21368,MIRRORED WALL ART LADIES,193,4.948717948717949,171.75,27,9,35.0,80.0,Reorder,53.0
21369,MIRRORED WALL ART SPLODGES,128,7.529411764705882,195.0,132,6,53.0,98.0,Healthy,0.0
21370,MIRRORED WALL ART FOXY,48,3.0,175.35,272,10,21.0,51.0,Overstock,0.0
21371,MIRRORED WALL ART POPPIES,368,8.975609756097562,389.4,199,6,63.0,117.0,Healthy,0.0
21372,MIRRORED WALL ART TABLE LAMP,141,3.810810810810811,193.23000000000002,226,8,27.0,57.0,Overstock,0.0
21373,MIRRORED WALL ART SNOWFLAKES,629,11.035087719298245,528.15,146,11,77.0,198.0,Reorder,52.0
21374,MIRRORED WALL ART SKULLS,454,7.442622950819672,700.0,75,7,52.0,104.0,Reorder,29.0
21375,LARGE CAMPHOR WOOD FIELD MUSHROOM ,93,3.206896551724138,368.25,233,14,22.0,67.0,Overstock,0.0
21376,LARGE  TALL CAMPHOR WOOD TOADSTOOL ,171,4.5,717.1500000000001,33,6,32.0,59.0,Reorder,26.0
21377,SMALL CAMPHOR WOOD FIELD  MUSHROOM,444,10.325581395348838,494.76,47,10,72.0,175.0,Reorder,128.0
21378,SMALL TALL CAMPHOR WOOD TOADSTOOL,522,9.157894736842104,601.5,97,11,64.0,165.0,Reorder,68.0
21379, CAMPHOR WOOD PORTOBELLO MUSHROOM,43,6.142857142857143,53.75,235,6,43.0,80.0,Overstock,0.0
21379,CAMPHOR WOOD PORTOBELLO MUSHROOM,498,11.066666666666666,401.52,173,5,77.0,132.0,Healthy,0.0
21380,WOODEN HAPPY BIRTHDAY GARLAND,4877,8.948623853211009,13770.150000000001,33,10,63.0,152.0,Reorder,119.0
21381,MINI WOODEN HAPPY BIRTHDAY GARLAND,4893,12.643410852713178,7845.81,206,7,89.0,178.0,Healthy,0.0
21382,SET/4 SPRING FLOWER DECORATION,1132,9.843478260869565,1423.2,26,4,69.0,108.0,Reorder,82.0
21383,PACK OF 12 STICKY BUNNIES,1866,9.569230769230769,1200.9,22,12,67.0,182.0,Reorder,160.0
21384,IVORY HANGING DECORATION  BUTTERFLY,1733,15.069565217391304,1466.81,130,11,105.0,271.0,Reorder,141.0
21385,IVORY HANGING DECORATION  HEART,10146,19.436781609195403,8324.58,257,5,136.0,233.0,Healthy,0.0
21386,IVORY HANGING DECORATION  EGG,1097,12.60919540229885,596.6899999999999,258,14,88.0,265.0,Reorder,7.0
21387,IVORY HANGING DECORATION  RABBIT,25,6.25,21.25,293,4,44.0,69.0,Overstock,0.0
21388,IVORY HANGING DECORATION  CHICKEN,287,10.62962962962963,243.95,246,3,74.0,106.0,Overstock,0.0
21389,IVORY HANGING DECORATION  BIRD,2153,10.711442786069652,1826.9299999999998,34,10,75.0,182.0,Reorder,148.0
21390,FILIGRIS HEART WITH BUTTERFLY,10622,21.286573146292586,12849.14,211,13,149.0,426.0,Reorder,215.0
21391,FRENCH EMROIDR LAVENDER SCENT HEART,320,5.714285714285714,672.0000000000001,138,5,40.0,69.0,Healthy,0.0
21391,FRENCH LAVENDER SCENT HEART,972,12.30379746835443,861.3000000000001,47,9,86.0,197.0,Reorder,150.0
21392,RED POLKADOT PUDDING BOWL,3708,264.85714285714283,571.1700000000001,221,3,1854.0,2649.0,Reorder,2428.0
21392,RED SPOTTY PUDDING BOWL,3818,159.08333333333334,827.0400000000001,58,3,1114.0,1591.0,Reorder,1533.0
21393,BLUE  SPOTTY PUDDING BOWL,2672,111.33333333333333,694.08,292,14,779.0,2338.0,Reorder,2046.0
21393,BLUE POLKADOT PUDDING BOWL,2564,170.93333333333334,445.05,250,11,1197.0,3077.0,Reorder,2827.0
21394,RED POLKADOT BEAKER ,3876,33.41379310344828,1629.52,105,14,234.0,702.0,Reorder,597.0
21394,RED SPOTTY BEAKER ,85,5.3125,165.75,145,10,37.0,90.0,Healthy,0.0
21395,BLUE POLKADOT BEAKER ,2824,35.3,1129.44,44,14,247.0,741.0,Reorder,697.0
21395,BLUE SPOTTY BEAKER ,108,5.4,210.6,164,5,38.0,65.0,Overstock,0.0
21396,RED SPOTTY EGG CUP ,909,15.40677966101695,1081.53,32,8,108.0,231.0,Reorder,199.0
21397,BLUE  SPOTTY EGG CUP ,922,14.634920634920634,1097.78,231,13,102.0,292.0,Reorder,61.0
21397,BLUE POLKADOT EGG CUP ,1090,20.566037735849058,537.76,44,5,144.0,247.0,Reorder,203.0
21398,RED  SPOTTY COFFEE  MUG,692,15.727272727272727,1297.8,87,14,110.0,330.0,Reorder,243.0
21398,RED POLKADOT COFFEE  MUG,1541,29.07547169811321,730.9499999999999,86,6,204.0,378.0,Reorder,292.0
21399,BLUE  SPOTTY  COFFEE MUG,227,9.08,443.1,252,3,64.0,91.0,Overstock,0.0
21399,BLUE POLKADOT COFFEE MUG,2113,30.185714285714287,989.9399999999999,128,7,211.0,422.0,Reorder,294.0
21400,RED PUDDING SPOON,1027,16.3015873015873,189.54,165,3,114.0,163.0,Healthy,0.0
21401,BLUE PUDDING SPOON,1388,15.08695652173913,291.06,130,3,106.0,151.0,Reorder,21.0
21402,RED  EGG  SPOON,1589,15.427184466019417,280.98,247,12,108.0,293.0,Reorder,46.0
21403,BLUE EGG  SPOON,2151,19.916666666666668,440.58,130,13,139.0,398.0,Reorder,268.0
21407,BROWN CHECK CAT DOORSTOP ,1128,3.40785498489426,4606.25,53,13,24.0,68.0,Reorder,15.0
21408,SPOTTY PINK DUCK DOORSTOP,580,4.172661870503597,2017.34,130,9,29.0,67.0,Healthy,0.0
21409,SPOTTY COCKEREL DOORSTOP,1,1.0,4.25,283,14,7.0,21.0,Overstock,0.0
21410,COUNTRY COTTAGE  DOORSTOP GREEN,259,2.5643564356435644,1036.75,255,8,18.0,39.0,Overstock,0.0
21411,GINGHAM HEART  DOORSTOP RED,1943,3.794921875,7146.39,102,4,27.0,42.0,Overstock,0.0
21412,VINTAGE GOLD TINSEL REEL,233,4.755102040816326,111.3,61,13,33.0,95.0,Reorder,34.0
21413,PERIWINKLE T-LIGHT HOLDER,3134,92.17647058823529,1062.1,120,14,645.0,1935.0,Reorder,1815.0
21414,SCALLOP SHELL SOAP DISH,1614,76.85714285714286,779.4,25,4,538.0,845.0,Reorder,820.0
21415,CLAM SHELL SMALL ,320,5.714285714285714,613.69,199,13,40.0,114.0,Healthy,0.0
21416,CLAM SHELL LARGE,746,41.44444444444444,572.7,245,9,290.0,663.0,Reorder,418.0
21417,COCKLE SHELL DISH,424,7.310344827586207,702.8800000000001,248,3,51.0,73.0,Overstock,0.0
21418,STARFISH SOAP DISH,161,4.472222222222222,375.34999999999997,169,4,31.0,49.0,Overstock,0.0
21419,CONCH SHELL,1252,96.3076923076923,535.8,296,14,674.0,2022.0,Reorder,1726.0
21420,OYSTER TRINKET BOX,114,4.384615384615385,295.62,217,10,31.0,75.0,Overstock,0.0
21421,PORCELAIN ROSE LARGE ,1767,19.417582417582416,2060.55,89,8,136.0,291.0,Reorder,202.0
21422,PORCELAIN ROSE SMALL,3056,28.296296296296298,2448.3599999999997,131,4,198.0,311.0,Reorder,180.0
21424,WOODLAND STORAGE BOX LARGE ,782,12.819672131147541,1739.54,23,9,90.0,205.0,Reorder,182.0
21425,SKULLS STORAGE BOX LARGE,450,7.758620689655173,928.1400000000001,114,6,54.0,101.0,Healthy,0.0
21426,WOODLAND STORAGE BOX SMALL,962,18.150943396226417,1338.6000000000001,171,4,127.0,200.0,Reorder,29.0
21427,SKULLS STORAGE BOX SMALL,441,5.95945945945946,694.5,156,14,42.0,125.0,Healthy,0.0
21428,SET3 BOOK BOX GREEN GINGHAM FLOWER ,2749,7.552197802197802,10667.05,266,8,53.0,113.0,Overstock,0.0
21429,RED GINGHAM ROSE JEWELLERY BOX,5930,7.592829705505761,9907.5,262,13,53.0,152.0,Healthy,0.0
21430,SET/3 RED GINGHAM ROSE STORAGE BOX,4169,7.175559380378657,14719.35,50,11,50.0,129.0,Reorder,79.0
21431,GREEN GINGHAM FLOWER JEWELLERY BOX,1412,6.247787610619469,2281.7999999999997,59,13,44.0,125.0,Reorder,66.0
21432,SET OF 3 CASES WOODLAND DESIGN,927,4.048034934497816,5298.650000000001,248,11,28.0,73.0,Overstock,0.0
21437,24 HANGING EASTER EGGS FLORAL TUB,654,6.349514563106796,2222.1,55,10,44.0,107.0,Reorder,52.0
21438,TUB 24 HANGING EASTER EGGS SPOTTY,360,10.588235294117647,1177.2,242,5,74.0,127.0,Healthy,0.0
21439,BASKET OF TOADSTOOLS,2123,12.866666666666667,2576.23,25,5,90.0,154.0,Reorder,129.0
21440,12 MINI TOADSTOOL PEGS,465,5.224719101123595,581.25,239,4,37.0,58.0,Overstock,0.0
21441,BLUE BIRDHOUSE DECORATION,855,10.178571428571429,540.21,94,7,71.0,142.0,Reorder,48.0
21442,GREEN BIRDHOUSE DECORATION,883,11.0375,561.67,23,14,77.0,232.0,Reorder,209.0
21443,OLIVE CHALET BIRDFEEDER,251,12.55,681.25,153,6,88.0,163.0,Reorder,10.0
21444,BLUE CHALET BIRDFEEDER,273,13.65,763.75,137,9,96.0,219.0,Reorder,82.0
21445,12 PINK ROSE PEG PLACE SETTINGS,1458,12.678260869565218,1733.58,113,6,89.0,165.0,Reorder,52.0
21446,12 RED ROSE PEG PLACE SETTINGS,1154,6.073684210526316,1433.38,81,11,43.0,110.0,Reorder,29.0
21447,12 IVORY ROSE PEG PLACE SETTINGS,2377,10.201716738197424,2882.33,213,14,71.0,214.0,Reorder,1.0
21448,12 DAISY PEGS IN WOOD BOX,895,4.917582417582418,1476.7499999999998,222,14,34.0,103.0,Overstock,0.0
21450,DISTRESSED CANDLE STICK WHITE,13,4.333333333333333,77.35,45,4,30.0,47.0,Reorder,2.0
21452,TOADSTOOL MONEY BOX,1763,5.215976331360947,5083.250000000001,192,13,37.0,105.0,Healthy,0.0
21454,PAINTED PINK RABBIT ,619,7.034090909090909,526.15,152,8,49.0,105.0,Healthy,0.0
21455,PAINTED YELLOW WOODEN DAISY,502,7.492537313432836,426.7,137,9,52.0,119.0,Healthy,0.0
21456,2 PICTURE BOOK EGGS EASTER CHICKS,718,13.807692307692308,732.5,294,6,97.0,180.0,Healthy,0.0
21457,2 PICTURE BOOK EGGS EASTER DUCKS,663,13.8125,663.75,231,8,97.0,208.0,Healthy,0.0
21458,2 PICTURE BOOK EGGS EASTER BUNNY,718,12.596491228070175,732.5,244,9,88.0,201.0,Healthy,0.0
21459,YELLOW EASTER EGG HUNT START POST,250,6.756756756756757,465.9,39,6,47.0,88.0,Reorder,49.0
21460,GREEN EASTER EGG HUNT START POST,96,4.8,187.2,132,10,34.0,82.0,Healthy,0.0
21461,BLUE EASTER EGG HUNT START POST,77,4.052631578947368,150.15,159,11,28.0,73.0,Overstock,0.0
21462,"NURSERY A,B,C PAINTED LETTERS",397,2.5286624203821657,2230.15,66,3,18.0,26.0,Overstock,0.0
21463,MIRRORED DISCO BALL ,1320,4.714285714285714,7051.150000000001,20,9,33.0,75.0,Reorder,55.0
21464,DISCO BALL ROTATOR BATTERY OPERATED,534,2.4953271028037385,2265.5,109,11,17.0,44.0,Overstock,0.0
21465,PINK FLOWER CROCHET FOOD COVER,695,4.426751592356688,2456.36,161,14,31.0,93.0,Healthy,0.0
21466,RED FLOWER CROCHET FOOD COVER,823,3.4149377593360994,3057.89,57,12,24.0,65.0,Reorder,8.0
21467,CHERRY CROCHET FOOD COVER,951,4.44392523364486,2905.27,158,7,31.0,62.0,Overstock,0.0
21468,BUTTERFLY CROCHET FOOD COVER,619,5.115702479338843,2136.67,278,14,36.0,108.0,Overstock,0.0
21469,POLKA DOT RAFFIA FOOD COVER,1091,6.198863636363637,3148.16,180,4,43.0,68.0,Overstock,0.0
21470,FLOWER VINE RAFFIA FOOD COVER,1011,3.758364312267658,3687.1800000000003,197,12,26.0,71.0,Overstock,0.0
21471,STRAWBERRY RAFFIA FOOD COVER,1225,5.349344978165939,4324.95,29,8,37.0,80.0,Reorder,51.0
21472,LADYBIRD + BEE RAFFIA FOOD COVER,999,4.215189873417722,3669.45,280,14,30.0,89.0,Overstock,0.0
21473,SWEETHEART CREAM STEEL TABLE RECT,149,1.7325581395348837,2972.5499999999997,157,14,12.0,36.0,Overstock,0.0
21474,SWEETHEART CREAM STEEL FOLDIN BENCH,203,2.2065217391304346,4049.85,191,9,15.0,35.0,Overstock,0.0
21475,SWEETHEART CREAM STEEL FOLDIN CHAIR,1,1.0,14.95,32,4,7.0,11.0,Overstock,0.0
21476,STEEL SWEETHEART ROUND TABLE CREAM,127,1.7162162162162162,1864.0,187,4,12.0,19.0,Overstock,0.0
21477,STRING OF 20 ROSE LIGHTS,262,7.081081081081081,2962.5,149,12,50.0,135.0,Healthy,0.0
21478,SILVER SKULL HOT WATER BOTTLE ,179,2.324675324675325,662.61,103,14,16.0,49.0,Overstock,0.0
21479,WHITE SKULL HOT WATER BOTTLE ,4538,6.018567639257294,16917.32,120,12,42.0,114.0,Healthy,0.0
21480,PINK STRIPE HOT WATER BOTTLE,245,6.282051282051282,679.5500000000001,292,3,44.0,63.0,Overstock,0.0
21481,FAWN BLUE HOT WATER BOTTLE,7526,8.959523809523809,21779.5,284,6,63.0,117.0,Overstock,0.0
21482,MUSHROOM BLUE HOT WATER BOTTLE,665,4.854014598540146,1889.7500000000002,57,9,34.0,78.0,Reorder,21.0
21484,CHICK GREY HOT WATER BOTTLE,4085,5.963503649635037,14071.27,113,11,42.0,108.0,Healthy,0.0
21485,RED SPOT HEART HOT WATER BOTTLE,2362,5.677884615384615,11031.1,114,5,40.0,68.0,Healthy,0.0
21485,RETROSPOT HEART HOT WATER BOTTLE,4895,5.926150121065375,23085.530000000002,88,14,41.0,124.0,Reorder,36.0
21486,PINK HEART DOTS HOT WATER BOTTLE,841,4.947058823529412,2466.87,255,13,35.0,99.0,Overstock,0.0
21488,RED WHITE SCARF  HOT WATER BOTTLE,2157,7.049019607843137,7914.150000000001,156,9,49.0,112.0,Healthy,0.0
21489,BLUE WHITE SCARF HOT WATER BOTTLE,16,2.6666666666666665,63.2,95,9,19.0,43.0,Overstock,0.0
21490,SET OF THREE 50'S GIFT WRAPS ,598,15.736842105263158,1047.6,54,9,110.0,252.0,Reorder,198.0
21491,SET OF THREE VINTAGE GIFT WRAPS,2827,12.620535714285714,5167.049999999999,20,4,88.0,138.0,Reorder,118.0
21493, VINTAGE DESIGN GIFT TAGS,244,11.619047619047619,207.39999999999998,79,8,81.0,174.0,Reorder,95.0
21493,VINTAGE DESIGN GIFT TAGS,3,1.5,2.55,286,4,10.0,16.0,Overstock,0.0
21494,ROTATING LEAVES T-LIGHT HOLDER,2813,11.388663967611336,3655.28,248,8,80.0,171.0,Healthy,0.0
21495,SKULLS AND CROSSBONES WRAP,9065,33.951310861423224,3695.3,289,12,238.0,645.0,Reorder,356.0
21495,SKULLS WRAP,3350,31.01851851851852,1403.0,232,5,217.0,372.0,Reorder,140.0
21496,WOODLAND CREATURES  WRAP,25,25.0,10.5,184,4,175.0,275.0,Reorder,91.0
21497,FANCY FONTS BIRTHDAY WRAP,17450,36.12836438923395,6957.0,24,14,253.0,759.0,Reorder,735.0
21498,RED RETROSPOT WRAP ,14022,32.013698630136986,5724.24,97,8,224.0,480.0,Reorder,383.0
21498,RED SPOTS  WRAP ,12650,35.041551246537395,5105.0,81,4,245.0,385.0,Reorder,304.0
21499,BLUE POLKADOT WRAP,8675,33.11068702290076,3493.5,151,7,232.0,464.0,Reorder,313.0
21499,BLUE SPOTS  WRAP,6350,32.39795918367347,2555.0,108,4,227.0,357.0,Reorder,249.0
21500,PINK POLKADOT WRAP ,8125,31.25,3298.5,256,5,219.0,375.0,Reorder,119.0
21500,PINK SPOTS  WRAP ,7725,33.73362445414847,3102.5,61,5,236.0,405.0,Reorder,344.0
21503,TOYBOX  WRAP ,1801,28.140625,740.42,108,8,197.0,422.0,Reorder,314.0
21504,SKULLS GREETING CARD,4838,16.975438596491227,1942.68,123,8,119.0,255.0,Reorder,132.0
21506,"FANCY FONT BIRTHDAY CARD, ",10430,19.102564102564102,4186.92,33,12,134.0,363.0,Reorder,330.0
21507,ELEPHANT BIRTHDAY CARD ,1080,15.0,449.88,198,5,105.0,180.0,Healthy,0.0
21507,"ELEPHANT, BIRTHDAY CARD, ",6890,17.26817042606516,2782.92,144,5,121.0,207.0,Reorder,63.0
21508,VINTAGE KID DOLLY CARD ,6472,15.8239608801956,2611.57,42,14,111.0,333.0,Reorder,291.0
21509,COWBOYS AND INDIANS BIRTHDAY CARD ,8455,16.9438877755511,3396.07,82,3,119.0,170.0,Reorder,88.0
21511,VINTAGE COLLAGE  GREETING  CARD ,40,20.0,16.8,162,9,140.0,320.0,Reorder,158.0
21518,BANK ACCOUNT  GREETING  CARD ,1016,14.514285714285714,416.64,172,10,102.0,247.0,Reorder,75.0
21519,GIN & TONIC DIET GREETING CARD ,7017,16.05720823798627,2868.66,164,4,112.0,176.0,Reorder,12.0
21520,BOOZE & WOMEN GREETING CARD ,890,13.088235294117647,368.04,244,6,92.0,171.0,Healthy,0.0
21523,DOOR MAT FANCY FONT HOME SWEET HOME,1117,5.787564766839378,7415.39,123,12,41.0,110.0,Healthy,0.0
21523,DOORMAT FANCY FONT HOME SWEET HOME,4825,8.435314685314685,29691.95,123,9,59.0,135.0,Reorder,12.0
21523,FANCY FONT HOME SWEET HOME DOORMAT,622,4.859375,3822.5,58,10,34.0,83.0,Reorder,25.0
21524,DOOR MAT SPOTTY HOME SWEET HOME,1733,6.743190661478599,10121.69,217,3,47.0,67.0,Overstock,0.0
21524,DOORMAT SPOTTY HOME SWEET HOME,2671,4.199685534591195,19215.5,153,6,29.0,54.0,Overstock,0.0
21524,SPOTTY  HOME SWEET HOME DOORMAT,650,5.963302752293578,3785.5,86,8,42.0,90.0,Reorder,4.0
21525,BEWARE OF THE CAT DOORMAT,2,1.0,13.5,198,5,7.0,12.0,Overstock,0.0
21527,RED RETROSPOT TRADITIONAL TEAPOT ,2266,4.408560311284047,15892.740000000002,61,7,31.0,62.0,Reorder,1.0
21527,RETRO SPOT TRADITIONAL TEAPOT ,960,4.304932735426009,7149.0,34,12,30.0,82.0,Reorder,48.0
21528,DAIRY MAID TRADITIONAL TEAPOT ,831,3.8651162790697673,4937.650000000001,130,11,27.0,70.0,Healthy,0.0
21529,RED RETROSPOT TOASTRACK,104,2.9714285714285715,349.8,176,13,21.0,60.0,Overstock,0.0
21529,RETRO SPOT CERAMIC TOASTRACK,358,4.475,1199.1000000000001,250,5,31.0,53.0,Overstock,0.0
21530,DAIRY MAID CERAMIC TOASTRACK,56,3.2941176470588234,165.20000000000002,176,7,23.0,46.0,Overstock,0.0
21530,DAIRY MAID TOASTRACK,860,7.413793103448276,989.72,57,10,52.0,126.0,Reorder,69.0
21531,RED RETROSPOT SUGAR JAM BOWL,3026,6.343815513626835,7179.0,116,8,44.0,95.0,Healthy,0.0
21531,RETRO SPOT SUGAR JAM BOWL,853,6.007042253521127,2034.75,273,6,42.0,78.0,Overstock,0.0
21532,DAIRY MAID SUGAR JAM BOWL,1372,17.58974358974359,1358.3999999999999,215,10,123.0,299.0,Reorder,84.0
21533,RETRO SPOT LARGE MILK JUG,1600,3.493449781659389,7561.6,105,13,24.0,69.0,Healthy,0.0
21533,RETROSPOT LARGE MILK JUG,1595,4.037974683544304,7592.85,29,5,28.0,48.0,Reorder,19.0
21534,DAIRY MAID LARGE MILK JUG,851,2.8557046979865772,4071.75,24,5,20.0,34.0,Reorder,10.0
21535,RED RETROSPOT SMALL MILK JUG,4943,6.808539944903581,11908.05,142,6,48.0,89.0,Healthy,0.0
21535,RETRO SPOT SMALL MILK JUG,1637,6.496031746031746,3969.15,137,11,45.0,116.0,Healthy,0.0
21536,DAIRY MAID  SMALL  MILK JUG,215,3.7719298245614037,451.50000000000006,178,7,26.0,52.0,Overstock,0.0
21537,RED RETROSPOT PUDDING BOWL,686,4.132530120481928,2862.5,247,10,29.0,70.0,Overstock,0.0
21537,RETRO SPOTS PUDDING BOWL,281,4.1940298507462686,1162.25,235,8,29.0,63.0,Overstock,0.0
21538,DAIRY MAID  PUDDING BOWL,1296,29.454545454545453,1860.0,203,5,206.0,353.0,Reorder,150.0
21539,RED RETROSPOT BUTTER DISH,1745,3.9390519187358914,8297.550000000001,34,10,28.0,67.0,Reorder,33.0
21539,RETRO SPOTS BUTTER DISH,830,5.533333333333333,3793.5,176,14,39.0,116.0,Healthy,0.0
21540,DAIRY MAID BUTTER DISH,1193,35.088235294117645,1758.25,155,11,246.0,632.0,Reorder,477.0
21540,DAIRY MAID CERAMIC BUTTER DISH,105,2.6923076923076925,437.25,280,10,19.0,46.0,Overstock,0.0
21541,DINOSAURS WATER TRANSFER TATTOOS ,1782,11.95973154362416,1469.8999999999999,176,6,84.0,156.0,Healthy,0.0
21542,WOODLAND WATER TRANSFER TATTOOS ,1748,11.972602739726028,1443.3999999999999,66,13,84.0,240.0,Reorder,174.0
21543,BUTTERFLY WATER TRANSFER TATTOOS ,267,20.53846153846154,186.95,192,8,144.0,308.0,Reorder,116.0
21544,SKULLS  WATER TRANSFER TATTOOS ,5750,15.498652291105122,4599.5,149,3,108.0,154.0,Reorder,5.0
21545,CERAMIC BIRDHOUSE BUTTERFLY SMALL,678,10.430769230769231,1527.0500000000002,114,6,73.0,136.0,Reorder,22.0
21547,CERAMIC BIRDHOUSE CRESTED TIT SMALL,684,7.434782608695652,1662.45,134,10,52.0,126.0,Healthy,0.0
21548,CERAMIC BIRDHOUSE FINCH BLUE ROOF,641,8.217948717948717,1535.6000000000001,262,3,58.0,83.0,Overstock,0.0
21549,CERAMIC BIRDHOUSE RED ROOF SMALL,539,11.977777777777778,1222.8500000000001,88,5,84.0,144.0,Reorder,56.0
21550,CERAMIC BIRDHOUSE CRESTED TIT LARGE,285,4.830508474576271,1437.75,167,3,34.0,48.0,Overstock,0.0
21551,CERAMIC BIRDHOUSE BUTTERFLY LARGE,165,8.68421052631579,772.95,30,11,61.0,157.0,Reorder,127.0
21552,CERAMIC BIRDHOUSE BLACK ROSE  LARGE,162,4.909090909090909,805.6500000000001,273,4,34.0,54.0,Overstock,0.0
21553,CERAMIC BIRDHOUSE FINCH BLUE  LARGE,75,2.7777777777777777,393.6,57,11,19.0,50.0,Healthy,0.0
21554,CERAMIC BIRDHOUSE RED ROOF LARGE,163,8.578947368421053,729.85,153,6,60.0,111.0,Healthy,0.0
21555,CERAMIC STRAWBERRY TRINKET TRAY,316,6.196078431372549,784.1999999999999,219,4,43.0,68.0,Overstock,0.0
21556,CERAMIC STRAWBERRY MONEY BOX,1370,7.740112994350283,3281.1,42,6,54.0,100.0,Reorder,58.0
21557,SET OF 6 FUNKY BEAKERS,609,4.511111111111111,1758.39,237,14,32.0,95.0,Overstock,0.0
21558,SKULL LUNCH BOX WITH CUTLERY ,3630,7.318548387096774,8643.6,160,13,51.0,146.0,Healthy,0.0
21558,SKULL LUNCHBOX WITH CUTLERY ,250,5.9523809523809526,592.5,123,13,42.0,119.0,Healthy,0.0
21559,STRAWBERRY LUNCH BOX WITH CUTLERY,6418,7.913686806411837,15232.34,229,12,55.0,150.0,Healthy,0.0
21559,STRAWBERRY LUNCHBOX WITH CUTLERY,1402,8.987179487179487,3236.7,130,8,63.0,135.0,Reorder,5.0
21561,DINOSAUR LUNCH BOX WITH CUTLERY,2320,6.72463768115942,5493.929999999999,123,13,47.0,134.0,Reorder,11.0
21561,DINOSAUR LUNCHBOX WITH CUTLERY,544,5.494949494949495,1327.8,190,9,38.0,87.0,Overstock,0.0
21562,HAWAIIAN GRASS SKIRT ,664,10.375,926.71,152,5,73.0,125.0,Healthy,0.0
21563,RED HEART SHAPE LOVE BUCKET ,2701,8.855737704918033,6408.870000000001,146,5,62.0,106.0,Healthy,0.0
21564,PINK  HEART SHAPE LOVE BUCKET ,1897,7.43921568627451,4237.47,125,14,52.0,156.0,Reorder,31.0
21576,LETS GO SHOPPING COTTON TOTE BAG,601,4.144827586206897,1333.67,111,12,29.0,79.0,Healthy,0.0
21577,SAVE THE PLANET COTTON TOTE BAG,2210,6.656626506024097,4648.5,70,14,47.0,140.0,Reorder,70.0
21578,WOODLAND DESIGN  COTTON TOTE BAG,1908,6.814285714285714,4275.0,48,10,48.0,116.0,Reorder,68.0
21579,LOLITA  DESIGN  COTTON TOTE BAG,959,10.423913043478262,1340.15,233,7,73.0,146.0,Healthy,0.0
21580,RABBIT  DESIGN  COTTON TOTE BAG,361,4.056179775280899,794.25,286,6,28.0,52.0,Overstock,0.0
21581,SKULLS  DESIGN  COTTON TOTE BAG,1027,7.961240310077519,1484.1499999999999,276,9,56.0,128.0,Overstock,0.0
21582,KINGS CHOICE SMALL TUBE MATCHES,117,6.882352941176471,193.04999999999998,120,9,48.0,110.0,Healthy,0.0
21584,RETRO SPOT SMALL TUBE MATCHES,2001,15.159090909090908,3176.85,129,11,106.0,273.0,Reorder,144.0
21584,RETROSPOT SMALL TUBE MATCHES,1761,7.5905172413793105,2881.65,201,11,53.0,136.0,Healthy,0.0
21585,SWALLOW SMALL TUBE MATCHES,1,1.0,1.65,20,7,7.0,14.0,Healthy,0.0
21586,KINGS CHOICE GIANT TUBE MATCHES,2567,10.607438016528926,5977.95,74,14,74.0,223.0,Reorder,149.0
21587,COSY HOUR GIANT TUBE MATCHES,2053,7.7180451127819545,5127.15,168,10,54.0,131.0,Healthy,0.0
21588,RETRO SPOT GIANT  TUBE MATCHES,1295,12.451923076923077,3034.95,156,12,87.0,236.0,Reorder,80.0
21588,RETROSPOT GIANT TUBE MATCHES,2056,11.113513513513514,4713.6,221,3,78.0,111.0,Healthy,0.0
21589,SWALLOW GIANT TUBE MATCHES,1115,12.816091954022989,2573.25,136,11,90.0,231.0,Reorder,95.0
21590,KINGS CHOICE CIGAR BOX MATCHES ,3438,11.896193771626297,4128.78,173,10,83.0,202.0,Reorder,29.0
21591,COSY HOUR CIGAR BOX MATCHES ,3325,9.010840108401084,4124.33,82,8,63.0,135.0,Reorder,53.0
21592,RETRO SPOT  CIGAR BOX MATCHES ,3101,16.40740740740741,3648.25,263,5,115.0,197.0,Healthy,0.0
21592,RETROSPOT CIGAR BOX MATCHES ,2760,9.583333333333334,2885.46,44,5,67.0,115.0,Reorder,71.0
21593,SWALLOW CIGAR BOX MATCHES ,1390,14.631578947368421,1628.06,109,10,102.0,248.0,Reorder,139.0
21609,SET 12 LAVENDER  BOTANICAL T-LIGHTS,1487,7.149038461538462,4127.45,94,7,50.0,100.0,Reorder,6.0
21610,SET 12 PEAR BOTANICAL T-LIGHTS,529,6.011363636363637,1493.3500000000001,229,12,42.0,114.0,Overstock,0.0
21611,SET OF 12 LILY BOTANICAL T-LIGHTS,735,5.364963503649635,2110.65,36,13,38.0,108.0,Reorder,72.0
21612,SET 12 WILDFLOWER BOTANICAL T-LIGHT,676,6.8979591836734695,1912.6000000000001,147,9,48.0,110.0,Healthy,0.0
21613,S/12 VANILLA  BOTANICAL T-LIGHTS,620,4.492753623188406,1802.6000000000001,270,7,31.0,62.0,Overstock,0.0
21614,SET OF 12 ROSE BOTANICAL T-LIGHTS,1607,8.878453038674033,4452.650000000001,198,10,62.0,151.0,Healthy,0.0
21615,4 LAVENDER BOTANICAL DINNER CANDLES,1116,8.145985401459853,2154.5,201,12,57.0,155.0,Healthy,0.0
21616,4 PEAR BOTANICAL DINNER CANDLES,1081,6.75625,2241.25,171,12,47.0,128.0,Healthy,0.0
21617,4 LILY  BOTANICAL DINNER CANDLES,778,5.36551724137931,1970.0,44,6,38.0,70.0,Reorder,26.0
21618,4 WILDFLOWER BOTANICAL CANDLES,594,5.6571428571428575,1519.0,199,4,40.0,63.0,Overstock,0.0
21619,4 VANILLA BOTANICAL CANDLES,1052,6.224852071005917,1832.5,217,5,44.0,75.0,Overstock,0.0
21620,S/4 ROSE    BOTANICAL  CANDLE,126,3.230769230769231,469.5,180,10,23.0,55.0,Overstock,0.0
21620,SET OF 4 ROSE BOTANICAL CANDLES,873,6.020689655172414,1481.25,196,13,42.0,120.0,Healthy,0.0
21621,VINTAGE UNION JACK BUNTING,6497,5.724229074889868,54432.62,82,9,40.0,92.0,Reorder,10.0
21622,VINTAGE UNION JACK CUSHION COVER,3517,6.325539568345324,18495.47,169,4,44.0,69.0,Overstock,0.0
21623,VINTAGE UNION JACK MEMOBOARD,6125,12.274549098196394,44785.83,173,8,86.0,184.0,Reorder,11.0
21624,VINTAGE UNION JACK DOORSTOP,1710,4.857954545454546,9987.98,175,11,34.0,87.0,Overstock,0.0
21625,VINTAGE UNION JACK APRON,838,3.3927125506072873,5630.64,68,6,24.0,44.0,Healthy,0.0
21626,VINTAGE UNION JACK PENNANT,1415,8.788819875776397,2759.25,103,11,62.0,159.0,Reorder,56.0
21627,ELEPHANT CARNIVAL POUFFE,130,2.4074074074074074,1837.8999999999999,196,4,17.0,27.0,Overstock,0.0
21628,TRIANGULAR POUFFE VINTAGE ,106,2.65,1494.5,167,4,19.0,30.0,Overstock,0.0
21629,SQUARE FLOOR CUSHION VINTAGE PINK ,5,1.6666666666666667,39.75,137,11,12.0,30.0,Overstock,0.0
21629,SQUARE FLOOR CUSHION VINTAGE RED,96,2.0869565217391304,753.2,82,14,15.0,44.0,Healthy,0.0
21630,FLOOR CUSHION ELEPHANT CARNIVAL,104,2.2127659574468086,908.8,208,9,15.0,35.0,Overstock,0.0
21631,HIPPY CHIC DECORATIVE PARASOL,206,4.904761904761905,1412.1000000000001,68,9,34.0,78.0,Reorder,10.0
21632,VINTAGE PINK DECORATIVE PARASOL,102,3.1875,772.5,276,3,22.0,32.0,Overstock,0.0
21633,SUNFLOWER DECORATIVE PARASOL,127,3.735294117647059,1038.45,243,13,26.0,75.0,Overstock,0.0
21634,ASSORTED MINI MADRAS NOTEBOOK,1718,35.06122448979592,1425.1,160,8,245.0,525.0,Reorder,365.0
21635,MADRAS NOTEBOOK LARGE ,395,9.875,836.25,234,9,69.0,158.0,Healthy,0.0
21636,MADRAS NOTEBOOK MEDIUM,1003,11.021978021978022,934.05,230,13,77.0,220.0,Healthy,0.0
21637,ASSORTED SANSKRIT MINI NOTEBOOK,1274,28.31111111111111,1537.78,51,8,198.0,424.0,Reorder,373.0
21638,ASSORTED TUTTI FRUTTI NOTEBOOK,982,8.115702479338843,2062.2000000000003,177,8,57.0,122.0,Healthy,0.0
21639,ASSORTED TUTTI FRUTTI KEYRING,249,19.153846153846153,211.64999999999998,163,4,134.0,211.0,Reorder,48.0
21640,ASSORTED TUTTI FRUTTI  FOB NOTEBOOK,2002,13.902777777777779,1689.2199999999998,38,8,97.0,208.0,Reorder,170.0
21641,ASSORTED TUTTI FRUTTI KEYRING BALL,1541,32.104166666666664,741.1299999999999,37,6,225.0,418.0,Reorder,381.0
21642,ASSORTED TUTTI FRUTTI PEN,4217,21.737113402061855,2270.85,276,11,152.0,391.0,Reorder,115.0
21643,ASSORTED TUTTI FRUTTI MIRROR,1320,12.815533980582524,1627.2,97,14,90.0,269.0,Reorder,172.0
21644,ASSORTED TUTTI FRUTTI HEART BOX,1006,8.245901639344263,1257.5,194,3,58.0,83.0,Overstock,0.0
21645,ASSORTED TUTTI FRUTTI ROUND BOX,939,8.094827586206897,1549.35,213,10,57.0,138.0,Healthy,0.0
21647,ASSORTED TUTTI FRUTTI LARGE PURSE,788,6.9734513274336285,1654.8000000000002,132,7,49.0,98.0,Healthy,0.0
21648,ASSORTED TUTTI FRUTTI SMALL PURSE,2612,21.40983606557377,3141.88,133,3,150.0,214.0,Reorder,81.0
21649,ASSORTED TUTTI FRUTTI PHOTO FRAME,413,17.956521739130434,1120.75,241,6,126.0,234.0,Healthy,0.0
21650,ASSORTED TUTTI FRUTTI BRACELET,2791,25.144144144144143,826.9900000000001,185,3,176.0,251.0,Reorder,66.0
21651,HANGING GLASS ETCHED TEALIGHT,1301,12.046296296296296,2060.25,151,8,84.0,180.0,Reorder,29.0
21652,GLASS ETCHED T-LIGHT HOLDER MEDIUM,867,11.876712328767123,1625.85,283,4,83.0,131.0,Overstock,0.0
21653,GLASS ETCHED T-LIGHT HOLDER LARGE,1203,11.567307692307692,2397.3,74,7,81.0,162.0,Reorder,88.0
21654,RIDGED GLASS FINGER BOWL,1129,17.92063492063492,696.21,150,9,125.0,286.0,Reorder,136.0
21655,HANGING RIDGE GLASS T-LIGHT HOLDER,1302,18.6,2024.7,285,4,130.0,204.0,Healthy,0.0
21656,RIDGED GLASS POSY VASE ,821,9.891566265060241,1132.85,181,8,69.0,148.0,Healthy,0.0
21657,MILK BOTTLE WITH GLASS STOPPER ,226,2.4565217391304346,1534.7,106,8,17.0,37.0,Overstock,0.0
21658,GLASS  BEURRE DISH,2007,5.701704545454546,7590.450000000001,74,7,40.0,80.0,Reorder,6.0
21659,GLASS CAKE STAND,110,1.9642857142857142,1591.7,197,7,14.0,28.0,Overstock,0.0
21661,VINTAGE GLASS TEA CADDY,219,2.7721518987341773,1279.0500000000002,27,5,19.0,33.0,Reorder,6.0
21662,VINTAGE GLASS COFFEE CADDY,238,3.0126582278481013,1380.1000000000001,266,12,21.0,57.0,Overstock,0.0
21663,VINTAGE GLASS SUGAR CADDY,69,2.76,404.55,274,12,19.0,52.0,Overstock,0.0
21664,RIDGED GLASS STORAGE JAR CREAM LID,227,4.127272727272727,825.3299999999999,73,13,29.0,83.0,Reorder,10.0
21665,TRIANGULAR RIDGED GLASS POSY HOLDER,766,17.813953488372093,475.1,268,14,125.0,374.0,Reorder,106.0
21666, RIDGED GLASS T-LIGHT HOLDER,940,78.33333333333333,531.8000000000001,258,4,548.0,861.0,Reorder,603.0
21666,RIDGED GLASS T-LIGHT HOLDER,738,12.947368421052632,479.70000000000005,248,9,91.0,208.0,Healthy,0.0
21667,GLASS CAKE COVER AND PLATE,329,2.3333333333333335,5272.549999999999,86,3,16.0,23.0,Overstock,0.0
21668,RED STRIPE CERAMIC DRAWER KNOB,9391,15.122383252818036,11446.75,70,8,106.0,227.0,Reorder,157.0
21669,BLUE STRIPE CERAMIC DRAWER KNOB,9897,15.179447852760736,12115.21,116,8,106.0,227.0,Reorder,111.0
21670,BLUE SPOT CERAMIC DRAWER KNOB,8061,13.77948717948718,9894.93,111,5,96.0,165.0,Reorder,54.0
21671,RED SPOT CERAMIC DRAWER KNOB,8931,15.640980735551663,10762.47,283,4,109.0,172.0,Healthy,0.0
21672,WHITE SPOT RED CERAMIC DRAWER KNOB,10290,16.20472440944882,12354.22,115,14,113.0,340.0,Reorder,225.0
21673,WHITE SPOT BLUE CERAMIC DRAWER KNOB,9171,16.174603174603174,11022.43,107,4,113.0,178.0,Reorder,71.0
21674,RIDGED GLASS PENDANT LAMPSHADE,43,4.777777777777778,680.8499999999999,97,11,33.0,86.0,Healthy,0.0
21675,BUTTERFLIES STICKERS,1571,9.75776397515528,1336.9099999999999,139,13,68.0,195.0,Reorder,56.0
21676,FLOWERS  STICKERS,1102,11.244897959183673,787.36,184,7,79.0,158.0,Healthy,0.0
21677,HEARTS  STICKERS,1973,10.01522842639594,1677.83,201,9,70.0,160.0,Healthy,0.0
21678,PAISLEY PATTERN  STICKERS,515,11.195652173913043,358.78999999999996,242,14,78.0,235.0,Healthy,0.0
21679,SKULLS  STICKERS,4691,17.438661710037174,3756.47,26,7,122.0,244.0,Reorder,218.0
21680,WOODLAND  STICKERS,2652,17.68,2179.3199999999997,282,9,124.0,283.0,Reorder,1.0
21681,GIANT MEDINA STAMPED METAL BOWL ,228,3.04,2164.2,180,6,21.0,39.0,Overstock,0.0
21682,LARGE MEDINA STAMPED METAL BOWL ,548,3.8865248226950353,2667.21,170,10,27.0,66.0,Overstock,0.0
21683,MEDIUM MEDINA STAMPED METAL BOWL ,910,6.842105263157895,2607.7000000000003,104,13,48.0,137.0,Reorder,33.0
21684,SMALL MEDINA STAMPED METAL BOWL ,1656,18.60674157303371,1258.01,166,12,130.0,353.0,Reorder,187.0
21685,MEDINA STAMPED METAL TRAY ,3,1.5,44.849999999999994,131,13,10.0,30.0,Overstock,0.0
21686,MEDINA STAMPED METAL STOOL,61,2.103448275862069,2296.9500000000003,55,12,15.0,40.0,Healthy,0.0
21687,SILVER PLATE CANDLE BOWL LARGE,446,5.373493975903615,1619.58,207,9,38.0,86.0,Overstock,0.0
21688,SILVER PLATE CANDLE BOWL SMALL,850,7.87037037037037,2507.5000000000005,101,12,55.0,149.0,Reorder,48.0
21689,SILVER VANILLA  FLOWER CANDLE POT,337,5.912280701754386,1226.31,21,7,41.0,82.0,Reorder,61.0
21690,SILVER  CANDLEPOT JARDIN ,248,3.0617283950617282,929.2,216,13,21.0,61.0,Overstock,0.0
21691,SILVER VANILLA FLOWER CANDLE POT,240,3.287671232876712,898.56,30,8,23.0,49.0,Reorder,19.0
21692,SILVER LATTICE VANILLA CANDLE POT,493,4.3628318584070795,1830.03,253,7,31.0,62.0,Overstock,0.0
21693,SMALL HAMMERED SILVER CANDLEPOT ,810,8.181818181818182,2387.1000000000004,214,9,57.0,131.0,Healthy,0.0
21694,SMALL REGAL  SILVER CANDLEPOT ,540,8.852459016393443,1516.2,138,14,62.0,186.0,Reorder,48.0
21695,SMALL SILVER FLOWER CANDLE POT,572,7.626666666666667,1677.8000000000002,39,4,53.0,84.0,Reorder,45.0
21696,SMALL SILVER TRELLIS CANDLEPOT,734,7.726315789473684,2165.3,280,7,54.0,108.0,Overstock,0.0
21697,SET 5 MINI DOUGHNUT FRIDGE MAGNET ,372,53.142857142857146,295.08000000000004,275,12,372.0,1010.0,Reorder,735.0
21698,MOCK LOBSTER FRIDGE MAGNET,450,9.375,268.34,241,5,66.0,113.0,Overstock,0.0
21699,SET 5 MINI CHOCOLATE FRIDGE MAGNETS,108,36.0,82.44,245,11,252.0,648.0,Reorder,403.0
21700,BIG DOUGHNUT FRIDGE MAGNETS,5727,17.460365853658537,4786.83,72,8,122.0,262.0,Reorder,190.0
21702,SET 5 MINI GATEAUX  FRIDGE MAGNETS,2636,329.5,918.6800000000001,299,12,2306.0,6260.0,Reorder,5961.0
21703,BAG 125g SWIRLY MARBLES,14289,30.663090128755364,5416.09,100,5,215.0,368.0,Reorder,268.0
21704,BAG 250g SWIRLY MARBLES,16824,35.795744680851065,12750.539999999999,221,9,251.0,573.0,Reorder,352.0
21705,BAG 500g SWIRLY MARBLES,2401,12.908602150537634,2883.2099999999996,177,6,90.0,167.0,Healthy,0.0
21706,"FOLDING UMBRELLA , RED/WHITE SPOT",900,10.0,2799.0,139,5,70.0,120.0,Healthy,0.0
21706,FOLDING UMBRELLA RED/WHITE POLKADOT,310,3.297872340425532,1535.53,78,10,23.0,56.0,Healthy,0.0
21707,"FOLDING UMBRELLA , BLACK/BLUE  SPOT",768,12.387096774193548,3015.6,234,6,87.0,161.0,Healthy,0.0
21707,FOLDING UMBRELLA BLACKBLUE POLKADOT,184,2.6285714285714286,918.0200000000001,147,13,18.0,52.0,Overstock,0.0
21708,FOLDING UMBRELLA  CREAM/MULTI  SPOT,372,7.914893617021277,1193.4,243,3,55.0,79.0,Overstock,0.0
21708,FOLDING UMBRELLA CREAM POLKADOT,178,4.1395348837209305,875.5000000000001,228,8,29.0,62.0,Overstock,0.0
21709,FOLDING UMBRELLA  CHOC/WHITE  SPOT,524,13.1,2023.8,134,12,92.0,249.0,Reorder,115.0
21709,FOLDING UMBRELLA CHOCOLATE POLKADOT,116,2.9743589743589745,573.61,228,13,21.0,60.0,Overstock,0.0
21710,FOLDING UMBRELLA  PINK/WHITE  SPOT,578,13.136363636363637,1493.1,33,13,92.0,263.0,Reorder,230.0
21710,FOLDING UMBRELLA PINKWHITE POLKADOT,116,2.6363636363636362,570.8100000000001,28,3,18.0,26.0,Healthy,0.0
21711,FOLDING UMBRELLA  WHITE/RED  SPOT,259,9.961538461538462,922.0500000000001,59,7,70.0,140.0,Reorder,81.0
21711,FOLDING UMBRELLA WHITE/RED POLKADOT,100,3.5714285714285716,489.40000000000003,256,9,25.0,57.0,Overstock,0.0
21713,CITRONELLA CANDLE FLOWERPOT,2565,7.7727272727272725,4472.25,220,8,54.0,116.0,Healthy,0.0
21714,CITRONELLA CANDLE GARDEN POT,3357,10.36111111111111,3707.37,265,4,73.0,114.0,Overstock,0.0
21715,GIRLS VINTAGE TIN SEASIDE BUCKET,3229,10.059190031152648,7566.87,297,13,70.0,201.0,Healthy,0.0
21716,BOYS VINTAGE TIN SEASIDE BUCKET,3336,10.79611650485437,7744.58,254,6,76.0,141.0,Healthy,0.0
21717,EASTER TIN BUCKET,1405,9.825174825174825,3355.95,23,13,69.0,197.0,Reorder,174.0
21718,RED METAL BEACH SPADE ,3691,11.868167202572348,4412.57,173,4,83.0,130.0,Healthy,0.0
21719,LOVELY BONBON STICKER SHEET,824,8.76595744680851,698.8399999999999,48,13,61.0,175.0,Reorder,127.0
21720,CAKE SHOP  STICKER SHEET,1023,11.758620689655173,854.99,128,3,82.0,117.0,Healthy,0.0
21721,CANDY SHOP  STICKER SHEET,1005,11.043956043956044,851.1299999999999,117,5,77.0,132.0,Reorder,15.0
21722,SWEET PUDDING STICKER SHEET,282,7.05,239.7,234,5,49.0,84.0,Overstock,0.0
21723,ALPHABET HEARTS STICKER SHEET,807,8.585106382978724,685.9499999999999,94,14,60.0,180.0,Reorder,86.0
21724,PANDA AND BUNNIES STICKER SHEET,916,7.21259842519685,778.5999999999999,165,9,50.0,115.0,Healthy,0.0
21725,SWEETIES  STICKERS,1047,9.518181818181818,889.9499999999999,147,3,67.0,96.0,Healthy,0.0
21726,MULTI HEARTS  STICKERS,1038,7.984615384615385,869.3,61,11,56.0,144.0,Reorder,83.0
21728,METAL MEDINA LANTERN ,294,8.166666666666666,2670.6,60,13,57.0,163.0,Reorder,103.0
21729,SMALL MARAKESH METAL  LANTERN ,114,4.75,354.5,53,8,33.0,71.0,Reorder,18.0
21730,GLASS STAR FROSTED T-LIGHT HOLDER,1047,3.99618320610687,4952.09,36,6,28.0,52.0,Reorder,16.0
21731,RED TOADSTOOL LED NIGHT LIGHT,27102,25.567924528301887,41824.259999999995,184,5,179.0,307.0,Reorder,123.0
21732,RED HANGING METAL STAR TLIGHT HLDR,923,15.913793103448276,3199.17,172,5,111.0,191.0,Reorder,19.0
21733,RED HANGING HEART T-LIGHT HOLDER,17228,10.378313253012049,48850.6,95,4,73.0,115.0,Reorder,20.0
21734,SMALL MARAKESH LANTERN ON STICK,55,3.6666666666666665,206.25,106,4,26.0,41.0,Overstock,0.0
21735,TWO DOOR CURIO CABINET,765,3.787128712871287,8960.1,136,14,27.0,80.0,Healthy,0.0
21736,GOLD SCROLL GLASS T-LIGHT HOLDER,178,7.739130434782608,343.02000000000004,46,12,54.0,147.0,Reorder,101.0
21737,SET 3 WICKER LOG BASKETS,397,2.4355828220858897,7320.15,153,7,17.0,34.0,Overstock,0.0
21738,COSY SLIPPER SHOES SMALL  RED ,386,3.574074074074074,1119.5,238,11,25.0,64.0,Overstock,0.0
21739,COSY SLIPPER SHOES SMALL GREEN,364,3.603960396039604,1064.5900000000001,187,4,25.0,39.0,Overstock,0.0
21740,COSY SLIPPER SHOES LARGE RED,164,3.3469387755102042,483.80000000000007,117,4,23.0,36.0,Overstock,0.0
21741,COSY SLIPPER SHOES LARGE GREEN,618,4.611940298507463,1803.9000000000003,287,14,32.0,97.0,Overstock,0.0
21742,LARGE ROUND WICKER PLATTER ,429,2.2460732984293195,2552.55,256,8,16.0,34.0,Overstock,0.0
21743,STAR PORTABLE TABLE LIGHT ,1229,8.654929577464788,3433.55,192,12,61.0,165.0,Healthy,0.0
21744,SNOWFLAKE PORTABLE TABLE LIGHT ,708,4.481012658227848,2134.0400000000004,209,4,31.0,49.0,Overstock,0.0
21745,GAOLERS KEYS DECORATIVE GARDEN ,2670,5.7296137339055795,8980.54,141,14,40.0,120.0,Healthy,0.0
21746,SMALL RED RETROSPOT WINDMILL,4896,14.614925373134328,5819.32,65,6,102.0,190.0,Reorder,125.0
21746,SMALL RED SPOT  WINDMILL,742,13.74074074074074,886.46,83,8,96.0,206.0,Reorder,123.0
21747,SMALL SKULL WINDMILL,1983,15.372093023255815,2289.03,149,7,108.0,216.0,Reorder,67.0
21749,LARGE RED RETROSPOT WINDMILL,2560,14.143646408839778,4941.000000000001,212,3,99.0,141.0,Healthy,0.0
21749,LARGE RED SPOT WINDMILL,2894,85.11764705882354,5390.400000000001,200,8,596.0,1277.0,Reorder,1077.0
21750, LARGE SKULL WINDMILL,8,4.0,16.8,48,3,28.0,40.0,Healthy,0.0
21750,LARGE SKULL WINDMILL,284,5.795918367346939,584.4000000000001,168,5,41.0,70.0,Overstock,0.0
21752,GLASS CAKE STAND MIRRORED BASE,68,2.2666666666666666,972.6,286,12,16.0,43.0,Overstock,0.0
21754,HOME BUILDING BLOCK WORD,7231,3.904427645788337,42453.11,30,7,27.0,54.0,Reorder,24.0
21755,LOVE BUILDING BLOCK WORD,5367,3.5637450199203187,31590.410000000003,183,12,25.0,68.0,Overstock,0.0
21756,BATH BUILDING BLOCK WORD,1543,2.9559386973180075,9164.78,132,7,21.0,42.0,Overstock,0.0
21757,LIGHTHOUSE PRINTED METAL SIGN,69,2.15625,341.55,206,12,15.0,41.0,Overstock,0.0
21758,VINTAGE SHELLS PRINT,101,2.2444444444444445,647.45,251,8,16.0,34.0,Overstock,0.0
21759,METAL WALL SHELF UNIT WITH HOOKS,27,2.4545454545454546,968.08,246,14,17.0,51.0,Overstock,0.0
21760,FRENCH STYLE WALL DRESSER,15,1.1538461538461537,1740.0,117,12,8.0,22.0,Overstock,0.0
21761,WOOD AND GLASS MEDICINE CABINET,65,2.7083333333333335,1814.75,74,10,19.0,46.0,Healthy,0.0
21763,VINTAGE WOODEN BAR STOOL,43,2.5294117647058822,1157.8999999999999,130,7,18.0,36.0,Overstock,0.0
21764,VINTAGE WOODEN PLATE RACK,17,1.5454545454545454,659.1500000000001,171,13,11.0,31.0,Overstock,0.0
21765,HANGING METAL BIRD BATH,338,2.793388429752066,2613.9,265,3,20.0,28.0,Overstock,0.0
21767,FRENCH STYLE WIRE DOOR CABINET ,1,1.0,29.95,88,7,7.0,14.0,Overstock,0.0
21768,WALL MOUNTED VINTAGE ORGANISER,447,3.6048387096774195,5339.79,269,5,25.0,43.0,Overstock,0.0
21769,VINTAGE POST OFFICE CABINET,123,2.5625,7954.87,55,6,18.0,33.0,Healthy,0.0
21770,OPEN CLOSED METAL SIGN,2896,4.984509466437177,13926.810000000001,258,10,35.0,85.0,Overstock,0.0
21772,VINTAGE METAL CAKE STAND CREAM ,1,1.0,12.75,167,9,7.0,16.0,Overstock,0.0
21773,DECORATIVE ROSE BATHROOM BOTTLE,1264,11.813084112149532,1118.96,246,13,83.0,237.0,Healthy,0.0
21774,DECORATIVE CATS BATHROOM BOTTLE,1261,11.568807339449542,1159.01,263,7,81.0,162.0,Healthy,0.0
21775,DECORATIVE FLORE BATHROOM BOTTLE,511,6.3875,598.91,220,4,45.0,71.0,Overstock,0.0
21777,RECIPE BOX WITH METAL HEART,1057,3.376996805111821,8046.150000000001,173,8,24.0,51.0,Overstock,0.0
21779,MA CAMPAGNE MINI WOODEN CHEST,301,13.681818181818182,1097.8000000000002,92,13,96.0,274.0,Reorder,182.0
21780,MA CAMPAGNE 4 DRAWER WALL SHELF,125,7.352941176470588,835.55,220,8,51.0,110.0,Healthy,0.0
21781,MA CAMPAGNE CUTLERY BOX,595,1.871069182389937,8609.25,36,12,13.0,35.0,Healthy,0.0
21784,SHOE SHINE BOX ,231,1.711111111111111,2275.25,148,12,12.0,33.0,Overstock,0.0
21785,RAIN PONCHO ,1972,24.962025316455698,1465.2,236,13,175.0,500.0,Reorder,264.0
21786,POLKADOT RAIN HAT ,2578,19.096296296296295,1003.33,80,8,134.0,287.0,Reorder,207.0
21786,RAIN HAT WITH RED SPOTS,4288,47.120879120879124,1548.96,123,11,330.0,848.0,Reorder,725.0
21787,RAIN PONCHO RETROSPOT,10256,43.09243697478992,8096.48,61,13,302.0,862.0,Reorder,801.0
21787,RAIN PONCHO WITH RED SPOTS,4462,37.49579831932773,3288.7000000000003,44,10,262.0,637.0,Reorder,593.0
21788,KIDS RAIN MAC BLUE,3213,17.751381215469614,2559.0299999999997,58,10,124.0,302.0,Reorder,244.0
21789,KIDS RAIN MAC PINK,2754,15.3,2245.68,150,3,107.0,153.0,Reorder,3.0
21790,VINTAGE SNAP CARDS,25120,16.70212765957447,19957.34,248,7,117.0,234.0,Healthy,0.0
21791,VINTAGE HEADS AND TAILS CARD GAME ,16199,15.181818181818182,19147.65,127,9,106.0,243.0,Reorder,116.0
21792,CLASSIC FRENCH STYLE BASKET GREEN ,478,3.621212121212121,2368.1,191,8,25.0,54.0,Overstock,0.0
21793,CLASSIC FRENCH STYLE BASKET BROWN,344,3.6595744680851063,1564.44,121,7,26.0,52.0,Overstock,0.0
21794,CLASSIC FRENCH STYLE BASKET NATURAL,677,4.453947368421052,3226.87,31,10,31.0,76.0,Reorder,45.0
21795,SET OF 3 BLUE STRIPE BASKET,436,5.7368421052631575,3632.9700000000003,294,5,40.0,69.0,Overstock,0.0
21796,SET OF 3 RED STRIPE BASKETS,323,4.893939393939394,2769.44,120,8,34.0,73.0,Healthy,0.0
21801,CHRISTMAS TREE DECORATION WITH BELL,1860,22.962962962962962,781.1999999999999,63,7,161.0,322.0,Reorder,259.0
21802,CHRISTMAS TREE HEART DECORATION,2388,23.643564356435643,1002.9599999999999,36,10,166.0,402.0,Reorder,366.0
21803,CHRISTMAS TREE STAR DECORATION,2489,24.401960784313726,1045.3799999999999,76,6,171.0,317.0,Reorder,241.0
21804,WHITE CHRISTMAS GARLAND STARS TREES,543,4.891891891891892,2025.45,31,10,34.0,83.0,Reorder,52.0
21805,WHITE CHRISTMAS TREE DECORATION ,2124,25.285714285714285,874.8,99,12,177.0,480.0,Reorder,381.0
21806,WHITE CHRISTMAS HEART DECORATION,2590,23.98148148148148,1079.1599999999999,235,4,168.0,264.0,Reorder,29.0
21807,WHITE CHRISTMAS STAR DECORATION,3000,21.73913043478261,1251.36,283,11,152.0,391.0,Reorder,108.0
21808,"CHRISTMAS GARLAND STARS,TREES",801,9.88888888888889,2008.75,168,11,69.0,178.0,Reorder,10.0
21809,CHRISTMAS HANGING TREE WITH BELL,2868,18.745098039215687,2202.69,100,12,131.0,356.0,Reorder,256.0
21810,CHRISTMAS HANGING STAR WITH BELL,6281,24.439688715953306,3698.65,234,12,171.0,464.0,Reorder,230.0
21811,CHRISTMAS HANGING HEART WITH BELL,1647,11.764285714285714,2031.39,217,8,82.0,176.0,Healthy,0.0
21811,HANGING HEART WITH BELL,4112,28.164383561643834,1906.58,219,6,197.0,366.0,Reorder,147.0
21812,GARLAND WITH HEARTS AND BELLS,597,4.776,2913.15,44,6,33.0,62.0,Reorder,18.0
21813,GARLAND WITH STARS AND BELLS,484,5.438202247191011,2345.4,108,8,38.0,82.0,Healthy,0.0
21814,HEART T-LIGHT HOLDER ,639,8.52,924.15,287,7,60.0,120.0,Overstock,0.0
21815, STAR  T-LIGHT HOLDER ,20,5.0,28.999999999999996,162,8,35.0,75.0,Overstock,0.0
21815,STAR  T-LIGHT HOLDER ,592,9.704918032786885,855.9999999999999,78,9,68.0,155.0,Reorder,77.0
21816,CHRISTMAS TREE T-LIGHT HOLDER,405,9.642857142857142,587.25,45,9,68.0,155.0,Reorder,110.0
21817,GLITTER CHRISTMAS TREE,1671,13.261904761904763,1058.79,66,11,93.0,239.0,Reorder,173.0
21818,GLITTER CHRISTMAS HEART ,1670,11.517241379310345,1400.78,285,10,81.0,196.0,Healthy,0.0
21818,GLITTER HEART DECORATION,2434,17.26241134751773,1056.3400000000001,35,8,121.0,259.0,Reorder,224.0
21819,GLITTER CHRISTMAS STAR ,3780,15.75,2173.7599999999998,218,14,110.0,330.0,Reorder,112.0
21820,GLITTER HEART GARLAND WITH BELLS ,740,5.36231884057971,2724.71,105,8,38.0,81.0,Healthy,0.0
21821,GLITTER STAR GARLAND WITH BELLS ,651,5.972477064220183,2408.85,269,7,42.0,84.0,Overstock,0.0
21822,GLITTER CHRISTMAS TREE WITH BELLS,868,8.594059405940595,1102.9,289,3,60.0,86.0,Overstock,0.0
21823,PAINTED METAL HEART WITH HOLLY BELL,2268,12.670391061452515,2224.24,136,11,89.0,228.0,Reorder,92.0
21824,PAINTED METAL STAR WITH HOLLY BELLS,2304,13.714285714285714,1918.1599999999999,26,11,96.0,247.0,Reorder,221.0
21825,PAINTED METAL TREE WITH HOLLY BELLS,722,10.027777777777779,1027.6999999999998,156,11,70.0,180.0,Reorder,24.0
21826,EIGHT PIECE DINOSAUR SET,1691,8.583756345177665,2072.71,195,13,60.0,172.0,Healthy,0.0
21827,EIGHT PIECE CREEPY CRAWLIE SET,810,6.328125,1007.94,234,10,44.0,107.0,Overstock,0.0
21828,EIGHT PIECE SNAKE  SET,1060,7.114093959731544,1283.96,101,12,50.0,135.0,Reorder,34.0
21829,DINOSAUR KEYRINGS ASSORTED,14192,46.99337748344371,2940.0299999999997,242,5,329.0,564.0,Reorder,322.0
21830,ASSORTED CREEPY CRAWLIES,7387,32.541850220264315,3059.95,122,3,228.0,326.0,Reorder,204.0
21832,CHOCOLATE CALCULATOR,2995,10.472027972027972,4833.23,292,13,73.0,209.0,Healthy,0.0
21833,CAMOUFLAGE LED TORCH,5931,17.547337278106507,9797.31,33,14,123.0,369.0,Reorder,336.0
21836,GINGHAM OVEN GLOVE RED HEART ,225,2.7777777777777777,843.75,178,14,19.0,58.0,Overstock,0.0
21837,CROSS STITCH ALPHABET CUSHION COVER,216,3.085714285714286,1285.2,171,10,22.0,53.0,Overstock,0.0
21838,DADDY MOUSE RED GINGHAM BOW TIE,1,1.0,5.45,127,9,7.0,16.0,Overstock,0.0
21839,MUMMY MOUSE RED GINGHAM RIBBON,198,2.4444444444444446,1058.1000000000001,207,7,17.0,34.0,Overstock,0.0
21841,BABY MOUSE RED GINGHAM DRESS,427,3.416,1785.25,117,12,24.0,65.0,Healthy,0.0
21842,PINK HEART CANDY BUTTON CALCULATOR,541,14.236842105263158,1257.15,150,9,100.0,228.0,Reorder,78.0
21843,RED RETROSPOT CAKE STAND,4298,4.363451776649746,42862.74,190,12,31.0,83.0,Overstock,0.0
21843,RETRO SPOT CAKE STAND,1431,4.850847457627118,15083.449999999999,202,6,34.0,63.0,Overstock,0.0
21844,RED RETROSPOT MUG,3787,12.665551839464882,10415.65,58,11,89.0,228.0,Reorder,170.0
21844,RETRO SPOT MUG,1396,11.168,3878.2000000000003,34,13,78.0,223.0,Reorder,189.0
21845,DAIRY MAID STRIPE MUG,2419,16.79861111111111,3176.05,23,12,118.0,320.0,Reorder,297.0
21846,PINK DIAMANTE PEN IN GIFT BOX,944,10.727272727272727,1873.42,229,4,75.0,118.0,Healthy,0.0
21847,GREEN  DIAMANTE PEN IN GIFT BOX,252,10.956521739130435,448.2,180,11,77.0,198.0,Reorder,18.0
21849,SILVER DIAMANTE PEN IN GIFT BOX,460,7.540983606557377,1020.34,35,11,53.0,136.0,Reorder,101.0
21850,BLUE  DIAMANTE PEN IN GIFT BOX,321,7.465116279069767,675.75,127,7,52.0,104.0,Healthy,0.0
21851,LILAC DIAMANTE PEN IN GIFT BOX,383,8.326086956521738,736.6700000000001,246,13,58.0,166.0,Healthy,0.0
21852,EMPIRE TEDDY,1,1.0,6.95,189,3,7.0,10.0,Overstock,0.0
21864,UNION JACK FLAG PASSPORT COVER ,1483,5.59622641509434,2947.02,53,9,39.0,89.0,Reorder,36.0
21865,PINK UNION JACK  PASSPORT COVER ,765,3.660287081339713,1601.5800000000002,270,12,26.0,70.0,Overstock,0.0
21866,UNION JACK FLAG LUGGAGE TAG,1659,5.53,2068.4,266,12,39.0,105.0,Overstock,0.0
21867,PINK UNION JACK  LUGGAGE TAG,972,4.584905660377358,1214.21,288,6,32.0,60.0,Overstock,0.0
21868,POTTING SHED TEA MUG,8770,12.096551724137932,10353.86,160,11,85.0,218.0,Reorder,58.0
21869,POTTING SHED COFFEE MUG,1245,11.971153846153847,1430.85,293,8,84.0,180.0,Healthy,0.0
21870,I CAN ONLY PLEASE ONE PERSON MUG,5925,10.911602209944752,7124.67,115,5,76.0,131.0,Reorder,16.0
21871,SAVE THE PLANET MUG,11099,18.28500823723229,12515.44,246,8,128.0,274.0,Reorder,28.0
21872,GLAMOROUS  MUG,5032,17.533101045296167,4993.0,58,12,123.0,333.0,Reorder,275.0
21873,IF YOU CAN'T STAND THE HEAT MUG,1943,12.953333333333333,2191.75,48,8,91.0,195.0,Reorder,147.0
21874,GIN AND TONIC MUG,6122,13.454945054945055,7509.76,264,7,94.0,188.0,Healthy,0.0
21875,KINGS CHOICE MUG,6681,20.36890243902439,7450.17,255,4,143.0,224.0,Healthy,0.0
21876,POTTERING MUG,5303,13.126237623762377,6222.47,204,12,92.0,250.0,Reorder,46.0
21877,HOME SWEET HOME MUG,13856,21.25153374233129,15399.56,291,12,149.0,404.0,Reorder,113.0
21878,PACK OF 6 SANDCASTLE FLAGS ASSORTED,5383,18.247457627118646,4273.17,255,4,128.0,201.0,Healthy,0.0
21879,HEARTS GIFT TAPE,1366,14.53191489361702,522.38,258,9,102.0,233.0,Healthy,0.0
21880,RED AND WHITE SPOT TAPE,434,12.4,282.1,285,4,87.0,137.0,Overstock,0.0
21880,RED RETROSPOT TAPE,1548,13.821428571428571,727.44,84,14,97.0,290.0,Reorder,206.0
21881,CUTE CATS TAPE,1183,18.2,450.75000000000006,196,8,127.0,273.0,Reorder,77.0
21882,SKULLS TAPE,921,12.791666666666666,398.73,22,7,90.0,180.0,Reorder,158.0
21883,STARS GIFT TAPE ,2038,12.351515151515152,1015.3600000000001,161,6,86.0,160.0,Healthy,0.0
21884,CAKES AND BOWS GIFT  TAPE,1232,18.11764705882353,457.36,177,9,127.0,290.0,Reorder,113.0
21888,BINGO SET,3219,5.125796178343949,11877.45,165,10,36.0,87.0,Healthy,0.0
21889,WOODEN BOX OF DOMINOES,11803,13.291666666666666,14430.66,172,6,93.0,173.0,Reorder,1.0
21890,S/6 WOODEN SKITTLES IN COTTON BAG,3296,7.885167464114833,9347.16,212,3,55.0,79.0,Overstock,0.0
21891,TRADITIONAL WOODEN SKIPPING ROPE,11721,17.061135371179038,14603.13,92,3,119.0,170.0,Reorder,78.0
21892,TRADITIONAL WOODEN CATCH CUP GAME ,7273,11.692926045016078,8814.42,159,3,82.0,117.0,Healthy,0.0
21893,POTTING SHED SEED TIN,164,12.615384615384615,523.0,206,13,88.0,252.0,Reorder,46.0
21894,POTTING SHED SEED ENVELOPES,1144,7.477124183006536,1400.13,80,3,52.0,74.0,Healthy,0.0
21895,POTTING SHED SOW 'N' GROW SET,529,7.557142857142857,1540.25,217,7,53.0,106.0,Overstock,0.0
21896,POTTING SHED TWINE,2297,10.030567685589519,4618.08,30,6,70.0,130.0,Reorder,100.0
21897,POTTING SHED CANDLE CITRONELLA,857,8.401960784313726,2588.27,81,11,59.0,151.0,Reorder,70.0
21898,POTTING SHED ROSE CANDLE,760,8.26086956521739,2349.88,245,5,58.0,99.0,Overstock,0.0
21899,GARAGE KEY FOB,730,6.293103448275862,489.20000000000005,172,9,44.0,101.0,Healthy,0.0
21899,"KEY FOB , GARAGE DESIGN",5785,13.90625,3601.73,218,13,97.0,278.0,Reorder,60.0
21900,"KEY FOB , SHED",8033,12.025449101796408,5094.29,71,10,84.0,204.0,Reorder,133.0
21901,"KEY FOB , BACK DOOR ",6014,10.124579124579125,3833.42,279,8,71.0,152.0,Healthy,0.0
21902,"KEY FOB , FRONT  DOOR ",5225,12.32311320754717,3244.59,78,14,86.0,259.0,Reorder,181.0
21903,MAN FLU METAL SIGN,3342,9.658959537572255,6574.380000000001,91,12,68.0,184.0,Reorder,93.0
21904,HOUSE WRECKING METAL SIGN ,735,5.6106870229007635,1152.0,167,3,39.0,56.0,Overstock,0.0
21905,MORE BUTTER METAL SIGN ,1520,7.794871794871795,1977.8500000000001,82,10,55.0,133.0,Reorder,51.0
21906,PHARMACIE FIRST AID TIN,1642,5.246006389776358,11093.9,262,12,37.0,100.0,Overstock,0.0
21907,I'M ON HOLIDAY METAL SIGN,4990,7.128571428571429,10306.150000000001,126,5,50.0,86.0,Healthy,0.0
21908,CHOCOLATE THIS WAY METAL SIGN,9396,11.61433868974042,18041.24,245,10,81.0,197.0,Healthy,0.0
21910,WAY OUT METAL SIGN ,1034,10.237623762376238,1331.6999999999998,237,14,72.0,215.0,Healthy,0.0
21911,GARDEN METAL SIGN ,2374,9.237354085603112,3609.8999999999996,260,6,65.0,120.0,Overstock,0.0
21912,VINTAGE SNAKES & LADDERS,3387,5.489465153970826,12157.97,278,10,38.0,93.0,Overstock,0.0
21913,VINTAGE SEASIDE JIGSAW PUZZLES,988,4.819512195121951,3590.02,281,13,34.0,97.0,Overstock,0.0
21914,BLUE HARMONICA IN BOX ,11830,14.28743961352657,14667.47,24,3,100.0,143.0,Reorder,119.0
21915,RED  HARMONICA IN BOX ,35229,39.58314606741573,39870.65,280,5,277.0,475.0,Reorder,195.0
21916,SET 12 RETRO WHITE CHALK STICKS,10417,18.974499089253186,4211.98,73,8,133.0,285.0,Reorder,212.0
21917,SET 12 KIDS  WHITE CHALK STICKS,7892,20.4987012987013,3226.38,66,11,143.0,368.0,Reorder,302.0
21918,SET 12 KIDS COLOUR  CHALK STICKS,14126,23.861486486486488,5681.2,234,4,167.0,262.0,Reorder,28.0
21922,UNION STRIPE WITH FRINGE  HAMMOCK,1280,3.867069486404834,9624.04,196,13,27.0,77.0,Overstock,0.0
21923,RED/CREAM STRIPE FRINGE HAMMOCK,325,3.009259259259259,2483.75,28,3,21.0,30.0,Reorder,2.0
21924,BLUE/CREAM STRIPE FRINGE HAMMOCK,304,2.690265486725664,2307.8,118,12,19.0,51.0,Overstock,0.0
21925,UNION STRIPE CUSHION COVER ,1178,7.551282051282051,1449.7,39,5,53.0,91.0,Reorder,52.0
21926,RED/CREAM STRIPE CUSHION COVER ,992,7.294117647058823,1224.8,260,6,51.0,95.0,Overstock,0.0
21927,BLUE/CREAM STRIPE CUSHION COVER ,1195,6.9476744186046515,1478.55,80,13,49.0,139.0,Reorder,59.0
21928,JUMBO BAG SCANDINAVIAN BLUE PAISLEY,7754,17.11699779249448,14626.73,197,7,120.0,240.0,Reorder,43.0
21928,JUMBO BAG SCANDINAVIAN PAISLEY,15358,21.125171939477305,26847.1,81,5,148.0,254.0,Reorder,173.0
21929,JUMBO BAG PINK VINTAGE PAISLEY,24108,19.50485436893204,43313.9,164,12,137.0,371.0,Reorder,207.0
21930,JUMBO STORAGE BAG SKULLS,12305,12.171117705242334,22795.28,235,13,85.0,243.0,Reorder,8.0
21931,JUMBO STORAGE BAG SUKI,25970,15.028935185185185,47760.99,22,4,105.0,165.0,Reorder,143.0
21932,SCANDINAVIAN PAISLEY PICNIC BAG,3517,7.062248995983936,7260.76,179,4,49.0,77.0,Overstock,0.0
21933,PINK VINTAGE PAISLEY PICNIC BAG,3782,7.945378151260504,8034.86,246,9,56.0,128.0,Healthy,0.0
21934,SKULL SHOULDER BAG,3258,9.416184971098266,5155.7,288,11,66.0,170.0,Healthy,0.0
21935,SUKI  SHOULDER BAG,5021,11.083885209713024,7898.07,139,12,78.0,211.0,Reorder,72.0
21936,RED RETROSPOT PICNIC BAG,6292,8.924822695035461,17462.96,108,4,62.0,98.0,Healthy,0.0
21936,RED/WHITE SPOT PICNIC BAG,1091,12.988095238095237,2974.45,87,9,91.0,208.0,Reorder,121.0
21937,STRAWBERRY   PICNIC BAG,3801,7.556660039761431,10572.95,117,9,53.0,121.0,Reorder,4.0
21942,SKULLS DESIGN FLANNEL,1322,20.65625,691.2,286,13,145.0,414.0,Reorder,128.0
21943,CAKES AND RABBITS DESIGN FLANNEL ,387,9.439024390243903,304.83,124,9,66.0,151.0,Reorder,27.0
21944,KITTENS DESIGN FLANNEL,1538,20.236842105263158,811.1,142,5,142.0,243.0,Reorder,101.0
21945,STRAWBERRIES  DESIGN FLANNEL ,1518,20.24,859.64,48,14,142.0,425.0,Reorder,377.0
21946,PARTY TIME DESIGN FLANNEL,579,19.3,307.81,156,9,135.0,309.0,Reorder,153.0
21947,SET OF 6 HEART CHOPSTICKS,1371,7.879310344827586,1708.17,214,3,55.0,79.0,Overstock,0.0
21948,SET OF 6 CAKE CHOPSTICKS,1990,17.304347826086957,2298.31,245,12,121.0,329.0,Reorder,84.0
21949,SET OF 6 STRAWBERRY CHOPSTICKS,2343,17.355555555555554,2682.79,189,3,121.0,173.0,Healthy,0.0
21950,SET OF 6 DOTS CHOPSTICKS,185,92.5,197.05,28,7,648.0,1296.0,Reorder,1268.0
21955,  DOORMAT UNION JACK GUNS AND ROSES,167,3.2745098039215685,1071.25,59,4,23.0,36.0,Healthy,0.0
21955,DOOR MAT UNION JACK GUNS AND ROSES,725,4.393939393939394,4547.29,44,11,31.0,79.0,Reorder,35.0
21955,DOORMAT UNION JACK GUNS AND ROSES,2078,7.501805054151625,11722.24,280,9,53.0,121.0,Overstock,0.0
21955,UNION JACK GUNS & ROSES  DOORMAT,747,8.586206896551724,3737.4500000000003,245,6,60.0,112.0,Overstock,0.0
21967,PACK OF 12 SKULL TISSUES,15449,41.087765957446805,4246.29,143,6,288.0,535.0,Reorder,392.0
21972,SET OF 36 DINOSAUR PAPER DOILIES,1000,7.518796992481203,1450.0,57,4,53.0,83.0,Reorder,26.0
21973,SET OF 36 MUSHROOM PAPER DOILIES,1614,10.024844720496894,2253.9,270,7,70.0,140.0,Healthy,0.0
21974,SET OF 36 PAISLEY FLOWER DOILIES,6652,11.921146953405017,9374.96,195,6,83.0,155.0,Healthy,0.0
21975,PACK OF 60 DINOSAUR CAKE CASES,30881,26.644521138912857,14818.01,109,14,187.0,560.0,Reorder,451.0
21976,PACK OF 60 MUSHROOM CAKE CASES,14053,19.356749311294767,7073.63,56,3,135.0,193.0,Reorder,137.0
21977,PACK OF 60 PINK PAISLEY CAKE CASES,54592,34.05614472863381,26407.350000000002,195,14,238.0,715.0,Reorder,520.0
21980,PACK OF 12 RED RETROSPOT TISSUES ,8425,24.34971098265896,2533.77,100,10,170.0,413.0,Reorder,313.0
21980,PACK OF 12 RED SPOTTY TISSUES ,22641,100.18141592920354,5922.509999999999,133,5,701.0,1202.0,Reorder,1069.0
21981,PACK OF 12 WOODLAND TISSUES ,25859,65.13602015113351,6855.19,59,8,456.0,977.0,Reorder,918.0
21982,PACK OF 12 SUKI TISSUES ,31340,58.57943925233645,9774.279999999999,243,6,410.0,761.0,Reorder,518.0
21983,PACK OF 12 BLUE PAISLEY TISSUES ,6000,22.641509433962263,1776.84,134,11,158.0,407.0,Reorder,273.0
21984,PACK OF 12 PINK PAISLEY TISSUES ,25150,70.44817927170868,6880.0,205,9,493.0,1127.0,Reorder,922.0
21985,PACK OF 12 HEARTS DESIGN TISSUES ,24766,33.15394912985274,8441.64,75,11,232.0,597.0,Reorder,522.0
21986,PACK OF 12 PINK POLKADOT TISSUES,4952,22.206278026905828,1410.2199999999998,59,12,155.0,421.0,Reorder,362.0
21986,PACK OF 12 PINK SPOT TISSUES ,8151,51.9171974522293,3058.93,59,5,363.0,623.0,Reorder,564.0
21987,PACK OF 6 SKULL PAPER CUPS,6320,17.802816901408452,3848.8,256,3,125.0,178.0,Healthy,0.0
21988,PACK OF 6 SKULL PAPER PLATES,7649,21.365921787709496,5544.05,281,7,150.0,300.0,Reorder,19.0
21989,PACK OF 20 SKULL PAPER NAPKINS,8073,16.995789473684212,5973.09,235,5,119.0,204.0,Healthy,0.0
21990,MODERN FLORAL STATIONERY SET,1786,7.567796610169491,2818.3,166,8,53.0,114.0,Healthy,0.0
21991,BOHEMIAN COLLAGE STATIONERY SET,874,6.287769784172662,1333.98,187,10,44.0,107.0,Healthy,0.0
21992,VINTAGE PAISLEY STATIONERY SET,2064,6.573248407643312,3436.04,111,13,46.0,131.0,Reorder,20.0
21993,FLORAL FOLK STATIONERY SET,2051,7.196491228070175,3171.4,78,6,50.0,93.0,Reorder,15.0
22021,BLUE FELT EASTER EGG BASKET,1305,6.126760563380282,2106.45,78,7,43.0,86.0,Reorder,8.0
22023,EMPIRE BIRTHDAY CARD,4812,15.423076923076923,1939.47,188,7,108.0,216.0,Reorder,28.0
22024,RAINY LADIES BIRTHDAY CARD,5155,17.654109589041095,2069.53,288,6,124.0,230.0,Healthy,0.0
22025,RING OF ROSES BIRTHDAY CARD,3817,18.71078431372549,1523.22,64,6,131.0,243.0,Reorder,179.0
22026,BANQUET BIRTHDAY  CARD  ,3880,14.865900383141762,1592.88,200,6,104.0,193.0,Healthy,0.0
22027,TEA PARTY BIRTHDAY CARD,10808,16.967032967032967,4395.65,189,6,119.0,221.0,Reorder,32.0
22028,PENNY FARTHING BIRTHDAY CARD,6083,16.620218579234972,2474.29,210,6,116.0,216.0,Reorder,6.0
22029,SPACE BOY BIRTHDAY CARD,805,15.18867924528302,333.78000000000003,174,7,106.0,212.0,Reorder,38.0
22029,SPACEBOY BIRTHDAY CARD,16198,19.972872996300865,6440.0599999999995,207,4,140.0,220.0,Reorder,13.0
22030,SWALLOWS GREETING CARD,12340,20.26272577996716,4948.05,26,4,142.0,223.0,Reorder,197.0
22031,BOTANICAL LAVENDER BIRTHDAY CARD,963,12.0375,409.17,152,11,84.0,216.0,Reorder,64.0
22032,BOTANICAL LILY GREETING CARD,903,12.202702702702704,378.42,254,4,85.0,134.0,Healthy,0.0
22033,BOTANICAL ROSE GREETING CARD,1552,14.504672897196262,644.64,64,8,102.0,218.0,Reorder,154.0
22034,ROBIN CHRISTMAS CARD,1533,18.46987951807229,635.22,268,4,129.0,203.0,Healthy,0.0
22035,VINTAGE CARAVAN GREETING CARD ,3930,16.10655737704918,1608.22,50,7,113.0,226.0,Reorder,176.0
22036,DINOSAUR BIRTHDAY CARD,1618,14.709090909090909,668.76,42,6,103.0,191.0,Reorder,149.0
22037,ROBOT BIRTHDAY CARD,6751,14.212631578947368,2806.0,179,14,99.0,298.0,Reorder,119.0
22038,BOTANICAL LAVENDER GIFT WRAP ,1150,25.555555555555557,481.0,177,9,179.0,409.0,Reorder,232.0
22039,BOTANICAL LILY GIFT WRAP,850,28.333333333333332,353.0,58,9,198.0,453.0,Reorder,395.0
22040,BOTANICAL ROSE GIFT WRAP,2815,29.9468085106383,1144.3,101,8,210.0,450.0,Reorder,349.0
22041,"RECORD FRAME 7"" SINGLE SIZE ",6845,21.191950464396285,15088.77,277,12,148.0,402.0,Reorder,125.0
22042,CHRISTMAS CARD SINGING ANGEL,1625,16.75257731958763,577.62,225,7,117.0,234.0,Reorder,9.0
22043,CHRISTMAS CARD SCREEN PRINT ,2112,22.70967741935484,583.08,96,3,159.0,227.0,Reorder,131.0
22044,CHRISTMAS CARD STACK OF PRESENTS,1909,22.458823529411763,536.82,31,14,157.0,471.0,Reorder,440.0
22045,SPACE BOY GIFT WRAP,775,28.703703703703702,325.5,243,5,201.0,345.0,Reorder,102.0
22045,SPACEBOY GIFT WRAP,13642,30.86425339366516,5603.64,32,11,216.0,556.0,Reorder,524.0
22046,TEA PARTY  WRAPPING PAPER ,6350,30.67632850241546,2603.0,65,3,215.0,307.0,Reorder,242.0
22047,EMPIRE GIFT WRAP,8225,31.634615384615383,3340.5,174,7,221.0,442.0,Reorder,268.0
22048,BIRTHDAY BANQUET GIFT WRAP,2815,27.598039215686274,1166.3,132,4,193.0,303.0,Reorder,171.0
22049,WRAP CHRISTMAS SCREEN PRINT,3450,30.530973451327434,994.75,252,6,214.0,397.0,Reorder,145.0
22050,PINK PAISLEY ROSE GIFT WRAP,3300,28.695652173913043,1354.0,36,13,201.0,574.0,Reorder,538.0
22051,BLUE SCANDINAVIAN PAISLEY WRAP,3175,27.370689655172413,1317.5,242,3,192.0,274.0,Reorder,32.0
22052,VINTAGE CARAVAN GIFT WRAP,3446,27.79032258064516,1427.32,207,5,195.0,334.0,Reorder,127.0
22053,EMPIRE DESIGN ROSETTE,4518,68.45454545454545,3948.9199999999996,182,12,479.0,1300.0,Reorder,1118.0
22054,MINI CAKE STAND HANGING HEARTS,321,5.836363636363636,520.05,93,9,41.0,94.0,Reorder,1.0
22055,MINI CAKE STAND  HANGING STRAWBERY,4491,9.0,6731.23,252,12,63.0,171.0,Healthy,0.0
22056,CERAMIC PLATE LOVE HEART DESIGN,596,23.84,619.84,243,5,167.0,286.0,Reorder,43.0
22057,CERAMIC PLATE STRAWBERRY DESIGN,2903,16.78034682080925,3484.35,79,6,117.0,218.0,Reorder,139.0
22058,CERAMIC LOVE HEARTS DESIGN MUG,503,5.08080808080808,749.47,241,4,36.0,56.0,Overstock,0.0
22059,CERAMIC STRAWBERRY DESIGN MUG,2534,12.124401913875598,3064.3799999999997,56,5,85.0,146.0,Reorder,90.0
22059,CERAMIC STRWBERRY DESIGN MUG,2269,12.965714285714286,3130.25,297,11,91.0,234.0,Healthy,0.0
22060,LARGE CAKE STAND HANGING HEARTS,714,4.890410958904109,5285.22,215,5,34.0,58.0,Overstock,0.0
22061,LARGE CAKE STAND  HANGING STRAWBERY,2086,4.698198198198198,17354.85,261,13,33.0,94.0,Overstock,0.0
22062,CERAMIC BOWL WITH LOVE HEART DESIGN,711,7.181818181818182,1048.49,238,7,50.0,100.0,Overstock,0.0
22063,CERAMIC BOWL WITH STRAWBERRY DESIGN,2161,8.093632958801498,5532.55,211,4,57.0,89.0,Overstock,0.0
22064,PINK DOUGHNUT TRINKET POT ,6214,12.630081300813009,9302.099999999999,36,6,88.0,164.0,Reorder,128.0
22065,CHRISTMAS PUDDING TRINKET POT ,8257,23.795389048991353,5453.99,31,14,167.0,500.0,Reorder,469.0
22066,LOVE HEART TRINKET POT,3406,13.1,2654.64,212,9,92.0,210.0,Healthy,0.0
22067,CHOC TRUFFLE GOLD TRINKET POT ,1765,9.697802197802197,2717.1299999999997,41,9,68.0,155.0,Reorder,114.0
22068, BLACK PIRATE TREASURE CHEST,45,3.4615384615384617,74.25,139,14,24.0,72.0,Healthy,0.0
22068,BLACK PIRATE TREASURE CHEST,892,5.309523809523809,1254.1799999999998,229,5,37.0,64.0,Overstock,0.0
22069, BROWN  PIRATE TREASURE CHEST ,36,5.142857142857143,59.39999999999999,289,7,36.0,72.0,Overstock,0.0
22069,BROWN  PIRATE TREASURE CHEST ,603,7.178571428571429,858.3299999999999,211,3,50.0,72.0,Overstock,0.0
22070,SMALL RED RETROSPOT MUG IN BOX ,1426,7.165829145728643,4078.51,194,12,50.0,136.0,Healthy,0.0
22070,SMALL RETRO SPOT MUG IN BOX  RED,317,3.9625,1188.75,223,12,28.0,76.0,Overstock,0.0
22071,SMALL RETRO SPOT MUG IN BOX  WHITE,379,4.7974683544303796,1395.33,183,12,34.0,92.0,Healthy,0.0
22071,SMALL WHITE RETROSPOT MUG IN BOX ,1125,6.987577639751553,2825.37,270,13,49.0,140.0,Healthy,0.0
22072,RED RETROSPOT TEA CUP AND SAUCER ,1561,5.019292604501608,5295.57,246,3,35.0,50.0,Overstock,0.0
22072,TEA CUP AND SAUCER RETRO SPOT,614,5.847619047619047,2218.98,26,7,41.0,82.0,Reorder,56.0
22073,RED RETROSPOT STORAGE JAR,1254,5.016,4566.42,48,12,35.0,95.0,Reorder,47.0
22073,RETRO SPOT STORAGE JAR,675,5.487804878048781,2439.09,52,11,38.0,98.0,Reorder,46.0
22074,6 RIBBONS SHIMMERING PINKS ,1741,11.16025641025641,1707.59,153,3,78.0,111.0,Healthy,0.0
22075,6 RIBBONS ELEGANT CHRISTMAS ,2801,10.731800766283525,4031.2699999999995,98,3,75.0,107.0,Reorder,9.0
22076,6 RIBBONS EMPIRE  ,2100,8.641975308641975,3030.4199999999996,77,6,60.0,112.0,Reorder,35.0
22077,6 RIBBONS RUSTIC CHARM,16026,11.529496402877697,27031.039999999997,45,6,81.0,150.0,Reorder,105.0
22078,RIBBON REEL LACE DESIGN ,3801,9.696428571428571,7739.6,245,4,68.0,107.0,Overstock,0.0
22079,RIBBON REEL HEARTS DESIGN ,4736,8.642335766423358,7670.64,23,11,60.0,155.0,Reorder,132.0
22080,RIBBON REEL POLKADOTS ,1588,8.060913705583756,2572.2,118,11,56.0,145.0,Reorder,27.0
22080,RIBBON REEL SPOTS DESIGN ,2157,8.768292682926829,3509.05,58,4,61.0,96.0,Reorder,38.0
22081,RIBBON REEL FLORA + FAUNA ,1455,6.799065420560748,2411.87,290,11,48.0,123.0,Overstock,0.0
22082,RIBBON REEL STRIPES DESIGN ,6878,8.20763723150358,11166.78,176,8,57.0,123.0,Healthy,0.0
22083,PAPER CHAIN KIT RETRO SPOT,7351,14.880566801619434,19804.550000000003,94,10,104.0,253.0,Reorder,159.0
22083,PAPER CHAIN KIT RETROSPOT,5514,9.377551020408163,15411.86,149,12,66.0,179.0,Reorder,30.0
22084,PAPER CHAIN KIT EMPIRE,8437,11.833099579242637,23049.95,194,6,83.0,154.0,Healthy,0.0
22085,PAPER CHAIN KIT SKULLS ,2482,12.860103626943005,6651.900000000001,103,4,90.0,141.0,Reorder,38.0
22086,PAPER CHAIN KIT 50'S CHRISTMAS ,28380,16.33851468048359,76598.18000000001,41,4,114.0,179.0,Reorder,138.0
22087,PAPER BUNTING WHITE LACE,7752,11.43362831858407,21336.350000000002,46,11,80.0,206.0,Reorder,160.0
22088,PAPER BUNTING COLOURED LACE,4038,8.32577319587629,11086.900000000001,214,3,58.0,83.0,Overstock,0.0
22089,PAPER BUNTING VINTAGE PAISLEY,3196,7.432558139534883,8842.150000000001,255,14,52.0,156.0,Healthy,0.0
22090,PAPER BUNTING RETRO SPOTS,7595,12.34959349593496,20723.25,111,9,86.0,197.0,Reorder,86.0
22090,PAPER BUNTING RETROSPOT,7632,11.51131221719457,20933.24,40,13,81.0,231.0,Reorder,191.0
22091,EMPIRE TISSUE BOX,3039,12.557851239669422,2152.81,103,5,88.0,151.0,Reorder,48.0
22092,BLUE PAISLEY TISSUE BOX,903,6.7894736842105265,548.05,281,5,48.0,82.0,Overstock,0.0
22093,MOTORING TISSUE BOX,2315,9.26,1353.21,166,4,65.0,102.0,Healthy,0.0
22094,RED POLKA DOT TISSUE BOX,943,15.209677419354838,1076.15,276,12,106.0,289.0,Reorder,13.0
22094,RED RETROSPOT TISSUE BOX,2453,14.179190751445086,1179.04,77,8,99.0,212.0,Reorder,135.0
22095,LADS ONLY TISSUE BOX,2820,14.387755102040817,2741.16,34,12,101.0,274.0,Reorder,240.0
22096,PINK PAISLEY SQUARE TISSUE BOX ,1646,9.797619047619047,886.2800000000001,181,4,69.0,108.0,Healthy,0.0
22097,SWALLOW SQUARE TISSUE BOX,2021,9.228310502283104,1180.79,182,12,65.0,176.0,Healthy,0.0
22098,BOUDOIR SQUARE TISSUE BOX,2762,11.508333333333333,1702.8300000000002,299,6,81.0,150.0,Healthy,0.0
22099,CARAVAN SQUARE TISSUE BOX,2019,9.053811659192824,1329.17,31,12,63.0,172.0,Reorder,141.0
22100,SKULLS SQUARE TISSUE BOX,943,11.5,574.1700000000001,293,11,80.0,206.0,Healthy,0.0
22101,MIRROR MOSAIC VOTIVE HOLDER,1088,21.76,1014.72,290,11,152.0,391.0,Reorder,101.0
22102,MIRROR MOSAIC T-LIGHT HOLDER ,1738,42.390243902439025,1024.5,227,8,297.0,636.0,Reorder,409.0
22103,MIRROR MOSAIC T-LIGHT HOLDER ROUND,1598,31.96,1368.54,46,6,224.0,416.0,Reorder,370.0
22104,MIRROR MOSAIC CANDLE PLATE,1026,25.024390243902438,694.26,91,9,175.0,400.0,Reorder,309.0
22105,MIRROR MOSAIC GOBLET CANDLE HOLDER,613,22.703703703703702,937.25,79,3,159.0,227.0,Reorder,148.0
22106,MIRROR MOSAIC HURRICANE LAMP ,427,11.86111111111111,1171.85,164,14,83.0,249.0,Reorder,85.0
22107,PIZZA PLATE IN BOX,841,4.449735449735449,2957.3,112,6,31.0,58.0,Healthy,0.0
22108,PING! MICROWAVE PLATE,197,4.020408163265306,537.89,27,7,28.0,56.0,Reorder,29.0
22109,FULL ENGLISH BREAKFAST PLATE,2872,7.270886075949367,10321.92,98,10,51.0,124.0,Reorder,26.0
22110,BIRD HOUSE HOT WATER BOTTLE,1866,5.586826347305389,4233.11,46,14,39.0,117.0,Reorder,71.0
22111,SCOTTIE DOG HOT WATER BOTTLE,9092,6.172437202987101,42463.200000000004,193,4,43.0,68.0,Overstock,0.0
22112,CHOCOLATE HOT WATER BOTTLE,9904,6.774281805745554,45601.340000000004,69,14,47.0,142.0,Reorder,73.0
22113,GREY HEART HOT WATER BOTTLE,5623,5.969214437367303,20977.78,218,7,42.0,84.0,Overstock,0.0
22114,HOT WATER BOTTLE TEA AND SYMPATHY,8848,6.759358288770054,34479.62,200,8,47.0,101.0,Healthy,0.0
22115,METAL SIGN EMPIRE TEA,2709,7.674220963172805,4639.530000000001,43,7,54.0,108.0,Reorder,65.0
22116,METAL SIGN HIS DINNER IS SERVED,735,5.78740157480315,924.69,65,11,41.0,105.0,Reorder,40.0
22117,METAL SIGN HER DINNER IS SERVED ,1724,8.795918367346939,5051.6,34,12,62.0,168.0,Reorder,134.0
22118,JOY WOODEN BLOCK LETTERS,765,3.0846774193548385,3466.03,172,3,22.0,31.0,Overstock,0.0
22119, PEACE WOODEN BLOCK LETTERS,133,2.8297872340425534,917.15,241,5,20.0,34.0,Overstock,0.0
22119,PEACE WOODEN BLOCK LETTERS,749,2.5827586206896553,4492.31,225,4,18.0,28.0,Overstock,0.0
22120,WELCOME  WOODEN BLOCK LETTERS,967,3.060126582278481,9289.199999999999,292,14,21.0,64.0,Overstock,0.0
22121,NOEL WOODEN BLOCK LETTERS ,1411,3.5994897959183674,8343.19,255,5,25.0,43.0,Overstock,0.0
22122,SET OF 2 FANCY FONT TEA TOWELS,1053,6.540372670807454,3042.3500000000004,247,12,46.0,124.0,Healthy,0.0
22123,PING MICROWAVE APRON,557,6.054347826086956,1233.95,28,11,42.0,109.0,Reorder,81.0
22124,SET OF 2 TEA TOWELS PING MICROWAVE,179,4.589743589743589,422.97,185,11,32.0,82.0,Overstock,0.0
22125,UNION JACK HOT WATER BOTTLE ,608,3.7300613496932513,3514.6000000000004,233,12,26.0,71.0,Overstock,0.0
22127,PARTY CONES CARNIVAL ASSORTED,3445,22.966666666666665,3998.45,136,4,161.0,253.0,Reorder,117.0
22128,PARTY CONES CANDY ASSORTED,3867,20.569148936170212,4588.65,91,5,144.0,247.0,Reorder,156.0
22129,PARTY CONES CANDY DECORATION,296,37.0,233.27999999999997,83,6,259.0,481.0,Reorder,398.0
22129,PARTY CONES CANDY TREE DECORATION,2510,25.353535353535353,1998.56,224,11,177.0,456.0,Reorder,232.0
22130,PARTY CONE CHRISTMAS DECORATION ,6896,18.84153005464481,5704.04,228,5,132.0,226.0,Healthy,0.0
22131,FOOD CONTAINER SET 3 LOVE HEART ,4965,9.65953307392996,8846.17,91,9,68.0,155.0,Reorder,64.0
22132,RED LOVE HEART SHAPE CUP,3044,12.736401673640167,2521.88,296,14,89.0,267.0,Healthy,0.0
22133,PINK LOVE HEART SHAPE CUP,2198,12.779069767441861,1819.9399999999998,293,5,89.0,153.0,Healthy,0.0
22134,LADLE LOVE HEART RED ,1351,18.76388888888889,529.98,114,9,131.0,300.0,Reorder,186.0
22134,MINI LADLE LOVE HEART RED ,630,11.454545454545455,252.24,185,9,80.0,183.0,Healthy,0.0
22135,LADLE LOVE HEART PINK,935,16.120689655172413,372.54,51,11,113.0,290.0,Reorder,239.0
22135,MINI LADLE LOVE HEART PINK,242,5.377777777777778,106.56,30,4,38.0,60.0,Reorder,30.0
22136,LOVE HEART SOCK HANGER,1882,9.60204081632653,2990.0999999999995,236,8,67.0,144.0,Healthy,0.0
22137,BATHROOM SET LOVE HEART DESIGN,583,18.806451612903224,1407.85,121,11,132.0,339.0,Reorder,218.0
22138,BAKING SET 9 PIECE RETROSPOT ,9035,5.154021677124929,43070.91,286,14,36.0,108.0,Overstock,0.0
22139,11 PC CERAMIC TEA SET POLKADOT,3,3.0,14.850000000000001,233,14,21.0,63.0,Overstock,0.0
22139,RETRO SPOT TEA SET CERAMIC 11 PC ,4304,6.175035868005739,19921.27,198,4,43.0,68.0,Overstock,0.0
22139,RETROSPOT TEA SET CERAMIC 11 PC ,5745,4.995652173913044,27595.33,107,4,35.0,55.0,Healthy,0.0
22141,CHRISTMAS CRAFT TREE TOP ANGEL,3060,6.891891891891892,6249.280000000001,60,7,48.0,96.0,Reorder,36.0
22142,CHRISTMAS CRAFT WHITE FAIRY ,4090,9.27437641723356,5741.94,95,12,65.0,176.0,Reorder,81.0
22143,CHRISTMAS CRAFT HEART DECORATIONS,420,7.777777777777778,834.0,65,12,54.0,147.0,Reorder,82.0
22144,CHRISTMAS CRAFT LITTLE FRIENDS,4289,7.855311355311355,8790.7,179,14,55.0,165.0,Healthy,0.0
22145,CHRISTMAS CRAFT HEART STOCKING ,1260,7.283236994219653,2566.0,99,12,51.0,138.0,Reorder,39.0
22146,EASTER CRAFT IVY WREATH WITH CHICK,1343,13.297029702970297,2342.85,105,10,93.0,226.0,Reorder,121.0
22147,FELTCRAFT BUTTERFLY HEARTS,12605,11.835680751173708,17238.05,111,13,83.0,237.0,Reorder,126.0
22148,EASTER CRAFT 4 CHICKS ,2994,12.024096385542169,5430.3,167,11,84.0,216.0,Reorder,49.0
22149,FELTCRAFT 6 FLOWER FRIENDS,12174,10.036273701566364,24248.29,180,4,70.0,110.0,Healthy,0.0
22150, 3 STRIPEY MICE FELTCRAFT,662,5.756521739130434,1241.1,221,7,40.0,80.0,Overstock,0.0
22150,3 STRIPEY MICE FELTCRAFT,6971,9.510231923601637,12515.65,261,9,67.0,153.0,Healthy,0.0
22151,PLACE SETTING WHITE HEART,27085,40.72932330827068,10910.31,21,8,285.0,611.0,Reorder,590.0
22152,PLACE SETTING WHITE STAR,6129,27.0,2493.11,244,8,189.0,405.0,Reorder,161.0
22153,ANGEL DECORATION STARS ON DRESS,5389,26.81094527363184,2243.22,252,9,188.0,429.0,Reorder,177.0
22154,ANGEL DECORATION 3 BUTTONS ,6808,28.485355648535563,2816.16,96,5,199.0,341.0,Reorder,245.0
22155,STAR DECORATION RUSTIC,5487,23.25,2304.54,135,5,163.0,279.0,Reorder,144.0
22156,HEART DECORATION WITH PEARLS ,5717,13.388758782201405,4816.42,173,12,94.0,255.0,Reorder,82.0
22157,ANGEL DECORATION WITH LACE PADDED,1671,14.405172413793103,1420.35,122,11,101.0,259.0,Reorder,137.0
22158,3 HEARTS HANGING DECORATION RUSTIC,7982,12.167682926829269,22471.86,213,10,85.0,207.0,Healthy,0.0
22161,HEART DECORATION RUSTIC HANGING ,5388,22.638655462184875,1590.98,185,7,158.0,316.0,Reorder,131.0
22162,HEART GARLAND RUSTIC PADDED,925,6.702898550724638,2671.15,109,8,47.0,101.0,Healthy,0.0
22163,HEART STRING MEMO HOLDER HANGING,961,8.81651376146789,1569.19,193,13,62.0,177.0,Healthy,0.0
22164,STRING OF STARS CARD HOLDER,303,7.214285714285714,812.2500000000001,141,14,50.0,151.0,Reorder,10.0
22165,"DIAMANTE HEART SHAPED WALL MIRROR, ",783,6.1171875,5020.41,162,12,43.0,116.0,Healthy,0.0
22166,"WALL MIRROR , RECT DIAMANTE, PINK/",177,8.428571428571429,1100.91,125,3,59.0,84.0,Healthy,0.0
22166,WALL MIRROR RECTANGLE DIAMANTE PINK,126,6.3,521.7,142,12,44.0,120.0,Healthy,0.0
22167, OVAL WALL MIRROR DIAMANTE ,139,2.074626865671642,1239.05,28,14,15.0,44.0,Reorder,16.0
22167,"WALL MIRROR , DIAMANTE OVAL SHAPE",387,3.87,2591.85,281,3,27.0,39.0,Overstock,0.0
22168,ORGANISER WOOD ANTIQUE WHITE ,642,2.1258278145695364,5323.8,92,6,15.0,28.0,Overstock,0.0
22168,"ORGANISER WOOD, ANTIQUE WHITE ",3,1.5,25.5,242,4,10.0,16.0,Overstock,0.0
22169,FAMILY ALBUM WHITE PICTURE FRAME,2094,3.6736842105263157,16676.94,60,13,26.0,74.0,Reorder,14.0
22170,PICTURE FRAME WOOD TRIPLE PORTRAIT,2309,4.527450980392157,14658.65,223,9,32.0,73.0,Overstock,0.0
22171,3 HOOK PHOTO SHELF ANTIQUE WHITE,2999,5.512867647058823,21458.420000000002,283,4,39.0,61.0,Overstock,0.0
22172,METAL SHELF WITH RAIL ,339,2.159235668789809,2839.0,197,12,15.0,41.0,Overstock,0.0
22173,METAL 4 HOOK HANGER FRENCH CHATEAU,4538,6.302777777777778,12846.140000000001,103,4,44.0,69.0,Healthy,0.0
22174,PHOTO CUBE,3928,12.670967741935485,6011.24,130,7,89.0,178.0,Reorder,48.0
22175,PINK OWL DECORATION,96,96.0,244.79999999999998,270,6,672.0,1248.0,Reorder,978.0
22175,PINK OWL SOFT TOY,1654,5.569023569023569,4622.68,26,10,39.0,95.0,Reorder,69.0
22176,BLUE OWL DECORATION,96,96.0,244.79999999999998,103,6,672.0,1248.0,Reorder,1145.0
22176,BLUE OWL SOFT TOY,1027,4.7110091743119265,2968.05,227,14,33.0,99.0,Overstock,0.0
22177,5 HOOK BLACKBOARD ORGANISER ,300,2.9411764705882355,2579.64,41,8,21.0,45.0,Reorder,4.0
22178,VICTORIAN GLASS HANGING T-LIGHT,37285,25.41581458759373,45746.75,22,7,178.0,356.0,Reorder,334.0
22179,SET 10 LIGHTS NIGHT OWL,1400,4.651162790697675,8990.800000000001,146,13,33.0,93.0,Healthy,0.0
22179,SET 10 NIGHT OWL LIGHTS,388,3.766990291262136,2510.34,207,4,26.0,41.0,Overstock,0.0
22180,RETRO SPOT LAMP,490,2.768361581920904,4718.9,33,13,19.0,55.0,Reorder,22.0
22180,RETROSPOT LAMP,424,2.342541436464088,4149.2,31,14,16.0,49.0,Reorder,18.0
22181,SNOWSTORM PHOTO FRAME FRIDGE MAGNET,1485,14.00943396226415,1212.33,106,10,98.0,238.0,Reorder,132.0
22182,CAKE STAND VICTORIAN FILIGREE SMALL,359,5.523076923076923,1229.05,31,4,39.0,61.0,Reorder,30.0
22183,CAKE STAND VICTORIAN FILIGREE MED,282,4.476190476190476,1438.05,44,11,31.0,80.0,Reorder,36.0
22184,CAKE STAND VICTORIAN FILIGREE LARGE,268,3.7746478873239435,1609.2,262,11,26.0,68.0,Overstock,0.0
22185,SLATE TILE NATURAL HANGING,3738,9.862796833773087,5723.599999999999,141,5,69.0,118.0,Healthy,0.0
22186,RED STAR CARD HOLDER,1904,6.680701754385965,4840.84,166,6,47.0,87.0,Healthy,0.0
22187,GREEN CHRISTMAS TREE CARD HOLDER,1982,6.787671232876712,5838.0199999999995,74,10,48.0,116.0,Reorder,42.0
22188,BLACK HEART CARD HOLDER,10255,21.014344262295083,27324.45,257,11,147.0,378.0,Reorder,121.0
22189,CREAM HEART CARD HOLDER,15946,14.061728395061728,47414.200000000004,192,5,98.0,168.0,Healthy,0.0
22190,LOCAL CAFE MUG,1164,9.312,1935.93,240,7,65.0,130.0,Healthy,0.0
22191,EAU DE NIL DINER WALL CLOCK,244,2.103448275862069,2033.2,138,13,15.0,42.0,Overstock,0.0
22191,IVORY DINER WALL CLOCK,1629,3.407949790794979,13271.900000000001,202,10,24.0,58.0,Overstock,0.0
22191,IVORY WALL CLOCK,60,60.0,459.0,101,5,420.0,720.0,Reorder,619.0
22192,BLUE DINER WALL CLOCK,1373,2.681640625,11358.78,230,9,19.0,43.0,Overstock,0.0
22193,RED DINER WALL CLOCK,1775,3.203971119133574,14527.09,169,13,22.0,64.0,Overstock,0.0
22193,RED WALL CLOCK,60,60.0,459.0,56,10,420.0,1020.0,Reorder,964.0
22194,BLACK DINER WALL CLOCK,353,2.4859154929577465,2918.05,78,12,17.0,47.0,Healthy,0.0
22195,HEART MEASURING SPOONS LARGE,84,16.8,138.59999999999997,150,13,118.0,336.0,Reorder,186.0
22195,LARGE HEART MEASURING SPOONS,4519,8.591254752851711,7357.469999999999,221,5,60.0,103.0,Overstock,0.0
22196,HEART MEASURING SPOONS SMALL,12,12.0,10.2,262,4,84.0,132.0,Healthy,0.0
22196,SMALL HEART MEASURING SPOONS,5773,9.851535836177474,4850.5,54,12,69.0,187.0,Reorder,133.0
22197,POPCORN HOLDER,30919,47.34915773353752,23417.51,112,9,331.0,757.0,Reorder,645.0
22197,"POPCORN HOLDER , SMALL ",3070,37.4390243902439,2344.2999999999997,226,14,262.0,786.0,Reorder,560.0
22197,SMALL POPCORN HOLDER,42955,40.561850802644,32505.93,232,11,284.0,730.0,Reorder,498.0
22198,LARGE POPCORN HOLDER ,5700,13.701923076923077,9006.199999999999,178,3,96.0,137.0,Healthy,0.0
22198,"POPCORN HOLDER , LARGE",954,14.238805970149254,1524.4999999999998,43,5,100.0,171.0,Reorder,128.0
22199,FRYING PAN RED POLKADOT ,1153,8.062937062937063,4447.21,23,7,56.0,112.0,Reorder,89.0
22199,FRYING PAN RED RETROSPOT,508,3.877862595419847,1834.5,239,5,27.0,46.0,Overstock,0.0
22200,FRYING PAN PINK POLKADOT,549,5.036697247706422,2094.29,39,3,35.0,50.0,Reorder,11.0
22200,FRYING PAN PINK POLKADOT ,600,5.0,2483.0,171,9,35.0,80.0,Overstock,0.0
22200,FRYING PAN PINK RETROSPOT,6,3.0,25.5,69,9,21.0,48.0,Healthy,0.0
22201,FRYING PAN BLUE POLKADOT,142,2.6296296296296298,510.5,196,12,18.0,50.0,Overstock,0.0
22201,FRYING PAN BLUE POLKADOT ,266,5.32,1058.5,115,14,37.0,111.0,Healthy,0.0
22201,FRYING PAN BLUE RETROSPOT,3,1.5,12.75,124,10,10.0,25.0,Overstock,0.0
22202,MILK PAN PINK POLKADOT,286,7.15,1003.38,269,7,50.0,100.0,Overstock,0.0
22202,MILK PAN PINK RETROSPOT,660,5.641025641025641,2385.7200000000003,136,12,39.0,107.0,Healthy,0.0
22203,MILK PAN RED RETROSPOT,1227,4.527675276752768,4386.64,247,14,32.0,95.0,Overstock,0.0
22204,MILK PAN BLUE POLKADOT,123,2.9285714285714284,403.75,85,7,20.0,40.0,Overstock,0.0
22204,MILK PAN BLUE RETROSPOT,290,5.178571428571429,1035.66,281,7,36.0,72.0,Overstock,0.0
22207,FRYING PAN UNION FLAG,2858,8.820987654320987,11283.86,262,3,62.0,88.0,Overstock,0.0
22208,WOOD STAMP SET THANK YOU,2082,6.5266457680250785,2525.87,205,12,46.0,124.0,Healthy,0.0
22209,WOOD STAMP SET HAPPY BIRTHDAY,1263,6.476923076923077,1524.82,265,7,45.0,90.0,Overstock,0.0
22210,WOOD STAMP SET BEST WISHES,1461,6.243589743589744,1707.56,144,8,44.0,94.0,Healthy,0.0
22211,WOOD STAMP SET FLOWERS,1281,6.158653846153846,1625.2799999999997,287,14,43.0,129.0,Overstock,0.0
22212,FOUR HOOK  WHITE LOVEBIRDS,3709,5.991922455573506,7412.31,150,3,42.0,60.0,Overstock,0.0
22214,CANDLE PLATE LACE WHITE,462,8.884615384615385,1069.3,256,13,62.0,178.0,Healthy,0.0
22215,CAKE STAND WHITE TWO TIER LACE,1029,3.225705329153605,8007.3,37,9,23.0,52.0,Reorder,15.0
22216,T-LIGHT HOLDER WHITE LACE,1069,17.241935483870968,775.5699999999999,59,3,121.0,173.0,Reorder,114.0
22217,T-LIGHT HOLDER HANGING LACE,2176,12.505747126436782,2336.02,40,13,88.0,251.0,Reorder,211.0
22218,CAKE STAND LACE WHITE,1113,6.081967213114754,4406.75,244,4,43.0,67.0,Overstock,0.0
22219,LOVEBIRD HANGING DECORATION WHITE ,8375,11.211512717536815,7009.549999999999,27,4,78.0,123.0,Reorder,96.0
22220,CAKE STAND LOVEBIRD 2 TIER WHITE,711,2.9139344262295084,6230.049999999999,119,7,20.0,40.0,Overstock,0.0
22221,CAKE STAND LOVEBIRD 2 TIER PINK,884,6.359712230215828,6339.0,259,12,45.0,121.0,Overstock,0.0
22222,CAKE PLATE LOVEBIRD WHITE,1219,4.104377104377105,4512.45,106,9,29.0,66.0,Healthy,0.0
22223,CAKE PLATE LOVEBIRD PINK,559,4.4015748031496065,2060.25,33,3,31.0,44.0,Reorder,11.0
22224,WHITE LOVEBIRD LANTERN,2105,6.856677524429967,6016.950000000001,21,12,48.0,130.0,Reorder,109.0
22227,"DECORATION, HANGING HEART+MIRROR ",2608,15.251461988304094,1688.0000000000002,60,3,107.0,153.0,Reorder,93.0
22227,HANGING HEART MIRROR DECORATION ,2607,11.334782608695653,1691.5500000000002,130,3,79.0,113.0,Healthy,0.0
22228,BUNNY WOODEN PAINTED WITH BIRD ,1477,8.297752808988765,1129.4099999999999,33,8,58.0,124.0,Reorder,91.0
22229,BUNNY WOODEN PAINTED WITH FLOWER ,860,7.288135593220339,644.52,250,4,51.0,80.0,Overstock,0.0
22230,JIGSAW TREE WITH WATERING CAN,1366,10.841269841269842,731.02,103,3,76.0,109.0,Reorder,6.0
22231,JIGSAW TREE WITH BIRDHOUSE,1948,8.696428571428571,2340.58,149,8,61.0,131.0,Healthy,0.0
22232,3 PIECE JIGSAW TOADSTOOLS,16,8.0,26.4,250,4,56.0,88.0,Overstock,0.0
22232,JIGSAW TOADSTOOLS 3 PIECE,1003,8.955357142857142,1120.6299999999999,164,8,63.0,135.0,Healthy,0.0
22233,JIGSAW RABBIT AND BIRDHOUSE,881,6.776923076923077,1077.35,47,12,47.0,128.0,Reorder,81.0
22236,CAKE STAND 3 TIER MAGIC GARDEN,1074,2.7468030690537084,12951.9,85,10,19.0,46.0,Healthy,0.0
22241,"GARLAND , WOODEN  "" HAPPY EASTER""",103,11.444444444444445,128.75,182,4,80.0,126.0,Healthy,0.0
22241,GARLAND WOODEN HAPPY EASTER,3703,11.22121212121212,4354.31,248,13,79.0,225.0,Healthy,0.0
22242,5 HOOK HANGER MAGIC TOADSTOOL,1757,18.11340206185567,2707.0499999999997,280,11,127.0,326.0,Reorder,46.0
22242,"HOOK, 5 HANGER , MAGIC TOADSTOOL",2902,13.753554502369669,4560.299999999999,183,10,96.0,234.0,Reorder,51.0
22243,5 HOOK HANGER RED MAGIC TOADSTOOL,4471,24.037634408602152,6757.95,29,14,168.0,505.0,Reorder,476.0
22243,"HOOK, 5 HANGER ,MAGIC TOADSTOOL RED",3081,21.697183098591548,4718.849999999999,214,12,152.0,412.0,Reorder,198.0
22244,3 HOOK HANGER MAGIC GARDEN,2623,18.602836879432623,4672.049999999999,137,3,130.0,186.0,Reorder,49.0
22244,"HOOK, 3 HANGER ,MAGIC GARDEN",1919,13.609929078014185,3533.2499999999995,289,9,95.0,217.0,Healthy,0.0
22245,"HOOK, 1 HANGER ,MAGIC GARDEN",4371,15.723021582733812,3563.5499999999997,99,12,110.0,299.0,Reorder,200.0
22246,"GARLAND, MAGIC GARDEN 1.8M",610,8.840579710144928,1146.3,112,8,62.0,133.0,Reorder,21.0
22246,MAGIC GARDEN FELT GARLAND ,270,7.297297297297297,539.5799999999999,285,8,51.0,109.0,Overstock,0.0
22247,BUNNY DECORATION MAGIC GARDEN,971,9.074766355140186,792.0699999999999,276,8,64.0,137.0,Overstock,0.0
22248,DECORATION  PINK CHICK MAGIC GARDEN,773,8.494505494505495,648.73,152,8,59.0,127.0,Healthy,0.0
22249,DECORATION WHITE CHICK MAGIC GARDEN,1291,8.782312925170068,1080.71,295,12,61.0,166.0,Healthy,0.0
22250,DECORATION  BUTTERFLY  MAGIC GARDEN,1018,8.852173913043478,836.18,283,9,62.0,142.0,Healthy,0.0
22251,BIRDHOUSE DECORATION MAGIC GARDEN,1605,8.582887700534759,1906.69,190,14,60.0,180.0,Healthy,0.0
22252,BIRDCAGE DECORATION MAGIC GARDEN,21,5.25,53.55,20,5,37.0,63.0,Reorder,43.0
22252,BIRDCAGE DECORATION TEALIGHT HOLDER,929,8.36936936936937,1114.51,83,8,59.0,126.0,Reorder,43.0
22253,6 CROCHET STRAWBERRIES,937,13.01388888888889,1096.39,140,5,91.0,156.0,Reorder,16.0
22254,FELT TOADSTOOL LARGE,1294,11.350877192982455,1581.02,126,9,79.0,181.0,Reorder,55.0
22255,FELT TOADSTOOL  SMALL,998,11.088888888888889,848.3,194,9,78.0,178.0,Healthy,0.0
22256,FELT FARM ANIMAL CHICKEN,846,9.837209302325581,1025.58,223,10,69.0,167.0,Healthy,0.0
22257,FELT FARM ANIMAL SHEEP,322,11.925925925925926,243.14,184,4,83.0,131.0,Healthy,0.0
22258,FELT FARM ANIMAL RABBIT,1113,15.246575342465754,1000.77,139,11,107.0,275.0,Reorder,136.0
22259,FELT FARM ANIMAL HEN,478,13.657142857142857,358.46,63,7,96.0,192.0,Reorder,129.0
22260,FELT EGG COSY BLUE RABBIT ,1187,10.504424778761061,973.0699999999999,175,11,74.0,190.0,Reorder,15.0
22261,FELT EGG COSY WHITE RABBIT ,1753,10.888198757763975,1412.57,226,12,76.0,207.0,Healthy,0.0
22262,FELT EGG COSY CHICKEN,1734,8.757575757575758,1477.02,127,7,61.0,122.0,Healthy,0.0
22263,FELT EGG COSY LADYBIRD ,722,16.044444444444444,484.34,270,9,112.0,256.0,Healthy,0.0
22264,FELT FARM ANIMAL WHITE BUNNY ,1803,20.033333333333335,865.7099999999999,149,13,140.0,400.0,Reorder,251.0
22265,EASTER DECORATION NATURAL CHICK,1781,12.454545454545455,1129.65,39,11,87.0,224.0,Reorder,185.0
22266,EASTER DECORATION HANGING BUNNY,2476,18.757575757575758,958.3000000000001,20,6,131.0,244.0,Reorder,224.0
22267,EASTER DECORATION EGG BUNNY ,1457,13.36697247706422,1255.43,138,4,94.0,147.0,Reorder,9.0
22268,DECORATION SITTING BUNNY,1335,31.046511627906977,257.61,54,11,217.0,559.0,Reorder,505.0
22268,EASTER DECORATION SITTING BUNNY,1010,8.632478632478632,817.9399999999999,217,4,60.0,95.0,Overstock,0.0
22269,EGG CUP NATURAL CHICKEN,1400,9.271523178807946,1194.64,264,5,65.0,111.0,Overstock,0.0
22270,HAPPY EASTER HANGING DECORATION,631,4.708955223880597,2314.41,78,12,33.0,90.0,Reorder,12.0
22271,FELTCRAFT DOLL ROSIE,4744,6.796561604584527,13244.460000000001,180,4,48.0,75.0,Overstock,0.0
22272,FELTCRAFT DOLL MARIA,1343,4.796428571428572,3684.9100000000003,198,5,34.0,58.0,Overstock,0.0
22273,FELTCRAFT DOLL MOLLY,7203,10.130801687763713,19332.93,225,8,71.0,152.0,Healthy,0.0
22274,FELTCRAFT DOLL EMILY,3675,6.303602058319039,10227.310000000001,31,5,44.0,76.0,Reorder,45.0
22275,WEEKEND BAG VINTAGE ROSE PAISLEY,902,3.1649122807017545,7315.950000000001,295,12,22.0,60.0,Overstock,0.0
22276,WASH BAG VINTAGE ROSE PAISLEY,1780,5.855263157894737,4372.5,200,10,41.0,100.0,Healthy,0.0
22277,COSMETIC BAG VINTAGE ROSE PAISLEY,1303,6.8578947368421055,2633.42,261,13,48.0,137.0,Healthy,0.0
22278,OVERNIGHT BAG VINTAGE ROSE PAISLEY,799,3.2745901639344264,3899.05,235,8,23.0,49.0,Overstock,0.0
22279,POCKET BAG BLUE PAISLEY RED SPOT,1073,8.653225806451612,1636.8600000000001,270,9,61.0,139.0,Healthy,0.0
22280,POCKET BAG PINK PAISELY BROWN SPOT,579,6.362637362637362,943.03,145,3,45.0,64.0,Overstock,0.0
22281,EASTER TREE YELLOW BIRDS,423,4.316326530612245,2192.25,236,5,30.0,52.0,Overstock,0.0
22282,12 EGG HOUSE PAINTED WOOD,475,3.3216783216783217,5176.67,204,5,23.0,40.0,Overstock,0.0
22283,6 EGG HOUSE PAINTED WOOD,923,3.1077441077441077,6881.6900000000005,58,4,22.0,34.0,Healthy,0.0
22284,HEN HOUSE DECORATION,2341,9.836134453781513,3665.2499999999995,242,9,69.0,158.0,Healthy,0.0
22285,"DECORATION HEN ON NEST, HANGING",1837,14.13076923076923,2718.45,203,11,99.0,254.0,Reorder,51.0
22285,HANGING HEN ON NEST DECORATION,794,8.822222222222223,1310.1,197,6,62.0,115.0,Healthy,0.0
22286,"DECORATION , WOBBLY RABBIT , METAL ",1066,10.767676767676768,1561.4999999999998,170,14,75.0,226.0,Reorder,56.0
22286,DECORATION WOBBLY RABBIT METAL ,753,16.733333333333334,375.57,145,7,117.0,234.0,Reorder,89.0
22287,"DECORATION , WOBBLY CHICKEN, METAL ",763,12.716666666666667,1061.55,253,5,89.0,153.0,Healthy,0.0
22287,DECORATION WOBBLY CHICKEN,521,17.96551724137931,256.11,27,13,126.0,360.0,Reorder,333.0
22288,"DECORATION , HANGING METAL RABBIT",813,16.591836734693878,851.25,148,11,116.0,299.0,Reorder,151.0
22288,HANGING METAL RABBIT DECORATION,452,10.511627906976743,565.0,283,6,74.0,137.0,Overstock,0.0
22289,"DECORATION , HANGING METAL CHICKEN",601,19.387096774193548,586.25,176,7,136.0,272.0,Reorder,96.0
22289,HANGING METAL CHICKEN DECORATION,122,6.1,152.5,24,3,43.0,61.0,Reorder,37.0
22290,STANDING METAL RABBIT WITH EGG,657,9.521739130434783,1168.2,105,13,67.0,191.0,Reorder,86.0
22291,HANGING CHICK CREAM DECORATION,1218,13.096774193548388,1766.1,194,14,92.0,275.0,Reorder,81.0
22291,"SPRING DEC , HANGING CHICK CREAM",1872,15.47107438016529,2419.2,212,4,108.0,170.0,Healthy,0.0
22292,HANGING CHICK  YELLOW DECORATION,1088,11.698924731182796,1520.0,138,14,82.0,246.0,Reorder,108.0
22292,"SPRING DEC , HANGING CHICK  YELLOW",1550,16.666666666666668,2009.8999999999999,237,11,117.0,300.0,Reorder,63.0
22293,HANGING CHICK GREEN DECORATION,818,9.511627906976743,1186.1,133,4,67.0,105.0,Healthy,0.0
22293,"SPRING DEC , HANGING CHICK  GREEN",1087,14.89041095890411,1396.1499999999999,164,7,104.0,208.0,Reorder,44.0
22294,HEART FILIGREE DOVE  SMALL,16260,22.002706359945872,19686.6,45,10,154.0,374.0,Reorder,329.0
22295,HEART FILIGREE DOVE LARGE,8159,12.808477237048665,13184.069999999998,155,5,90.0,154.0,Healthy,0.0
22296,HEART IVORY TRELLIS LARGE,9416,12.389473684210527,15218.079999999998,251,8,87.0,186.0,Healthy,0.0
22297,HEART IVORY TRELLIS SMALL,12939,19.42792792792793,15836.59,95,6,136.0,253.0,Reorder,158.0
22299,PIG KEYRING WITH LIGHT & SOUND ,3795,29.6484375,4147.69,20,13,208.0,593.0,Reorder,573.0
22300,COFFEE MUG DOG + BALL DESIGN,3923,9.453012048192772,9021.39,166,9,66.0,151.0,Healthy,0.0
22301,COFFEE MUG CAT + BIRD DESIGN,4733,10.113247863247864,10831.289999999999,161,12,71.0,192.0,Reorder,31.0
22302,COFFEE MUG PEARS  DESIGN,4808,13.581920903954803,10043.41,72,5,95.0,163.0,Reorder,91.0
22303,COFFEE MUG APPLES DESIGN,5310,11.03950103950104,12179.95,88,8,77.0,165.0,Reorder,77.0
22304,COFFEE MUG BLUE PAISLEY DESIGN,2330,16.408450704225352,4455.11,109,14,115.0,345.0,Reorder,236.0
22305,COFFEE MUG PINK PAISLEY DESIGN,2230,17.6984126984127,4559.8,239,12,124.0,336.0,Reorder,97.0
22306,SILVER MUG BONE CHINA TREE OF LIFE,1578,10.52,2157.17,211,11,74.0,190.0,Healthy,0.0
22307,GOLD MUG BONE CHINA TREE OF LIFE,1153,11.303921568627452,1640.41,82,13,79.0,226.0,Reorder,144.0
22308,TEA COSY BLUE STRIPE,515,5.255102040816326,1273.3899999999999,92,12,37.0,100.0,Reorder,8.0
22309,TEA COSY RED  STRIPE,1208,7.105882352941176,2850.93,180,3,50.0,71.0,Overstock,0.0
22310,IVORY KNITTED MUG COSY ,943,11.094117647058823,1477.59,188,5,78.0,133.0,Healthy,0.0
22310,KNITTED MUG COSY IVORY COLOUR ,546,19.5,821.6999999999999,108,4,136.0,214.0,Reorder,106.0
22311,OFFICE MUG WARMER BLACK+SILVER ,1937,10.088541666666666,5576.95,195,10,71.0,172.0,Healthy,0.0
22312,OFFICE MUG WARMER POLKADOT,995,5.264550264550264,3186.7900000000004,288,9,37.0,84.0,Overstock,0.0
22313,OFFICE MUG WARMER PINK,952,8.814814814814815,2899.54,92,4,62.0,97.0,Reorder,5.0
22314,OFFICE MUG WARMER CHOC+BLUE,1020,5.513513513513513,3315.5400000000004,264,8,39.0,83.0,Overstock,0.0
22315,200 RED + WHITE BENDY STRAWS,1930,6.476510067114094,2325.86,96,5,45.0,77.0,Healthy,0.0
22316,200 BENDY SKULL STRAWS,1224,12.884210526315789,1370.4,178,10,90.0,219.0,Reorder,41.0
22317,FIVE CATS HANGING DECORATION,450,4.639175257731959,1324.0200000000002,117,12,32.0,88.0,Healthy,0.0
22318,FIVE HEART HANGING DECORATION,1461,5.037931034482758,4281.150000000001,121,5,35.0,60.0,Overstock,0.0
22319,HAIRCLIPS FORTIES FABRIC ASSORTED,2957,18.141104294478527,1635.0100000000002,151,12,127.0,345.0,Reorder,194.0
22320,BIRDS MOBILE VINTAGE DESIGN,578,3.4201183431952664,3390.46,121,11,24.0,62.0,Healthy,0.0
22321,BIRD DECORATION RED RETROSPOT,1085,14.863013698630137,903.53,38,3,104.0,149.0,Reorder,111.0
22321,BIRD DECORATION RED SPOT,1139,13.55952380952381,966.5899999999999,101,7,95.0,190.0,Reorder,89.0
22322,BIRD DECORATION GREEN  SPOT,574,12.212765957446809,487.9,298,5,85.0,146.0,Overstock,0.0
22322,BIRD DECORATION GREEN POLKADOT,486,10.8,413.09999999999997,148,8,76.0,162.0,Reorder,14.0
22323,BAG FOR CHILDREN VINTAGE PINK ,96,96.0,408.0,108,12,672.0,1824.0,Reorder,1716.0
22323,PINK POLKADOT KIDS BAG,474,6.493150684931507,975.9,232,4,45.0,71.0,Overstock,0.0
22324,BAG FOR CHILDREN VINTAGE BLUE ,96,96.0,408.0,162,11,672.0,1728.0,Reorder,1566.0
22324,BLUE POLKADOT KIDS BAG,447,6.6716417910447765,906.81,84,8,47.0,100.0,Reorder,16.0
22325,MOBILE VINTAGE HEARTS ,439,2.8141025641025643,2137.3500000000004,95,9,20.0,45.0,Overstock,0.0
22326,"ROUND SNACK BOXES ,SET4, WOODLAND ",66,22.0,194.70000000000002,218,7,154.0,308.0,Reorder,90.0
22326,ROUND SNACK BOXES SET OF4 WOODLAND ,14630,12.655709342560554,40219.82,162,11,89.0,228.0,Reorder,66.0
22327,ROUND SNACK BOXES SET OF 4 SKULLS,2628,5.497907949790795,7440.6,112,3,38.0,54.0,Overstock,0.0
22328,"ROUND SNACK BOXES ,SET 4, FRUITS ",84,16.8,247.8,243,7,118.0,236.0,Healthy,0.0
22328,ROUND SNACK BOXES SET OF 4 FRUITS ,12356,12.443101711983887,33670.24,121,13,87.0,249.0,Reorder,128.0
22329,ROUND CONTAINER SET OF 5 RETROSPOT,4755,11.294536817102138,7408.749999999999,286,12,79.0,215.0,Healthy,0.0
22329,ROUND FOOD CONTAINER S/5 RETROSPOT,36,12.0,59.39999999999999,129,13,84.0,240.0,Reorder,111.0
22330,72 ROUND PINK DOILIES,115,7.666666666666667,166.75,284,8,54.0,115.0,Overstock,0.0
22331,WOODLAND PARTY BAG + STICKER SET,3460,9.914040114613181,5456.36,22,9,69.0,158.0,Reorder,136.0
22332,SKULLS PARTY BAG + STICKER SET,4065,12.02662721893491,6264.049999999999,104,14,84.0,252.0,Reorder,148.0
22333,RETRO SPORT PARTY BAG + STICKER SET,3339,15.246575342465754,5122.15,136,6,107.0,198.0,Reorder,62.0
22333,RETRO SPOT PARTY BAG + STICKER SET,933,30.096774193548388,1395.45,240,14,211.0,632.0,Reorder,392.0
22333,RETROSPOT PARTY BAG + STICKER SET,5526,15.698863636363637,8497.179999999998,173,3,110.0,157.0,Healthy,0.0
22334,DINOSAUR PARTY BAG + STICKER SET,2196,8.784,3460.24,172,13,61.0,175.0,Reorder,3.0
22335,HEART DECORATION PAINTED ZINC ,8034,22.954285714285714,4895.1,31,10,161.0,391.0,Reorder,360.0
22336,DOVE DECORATION PAINTED ZINC ,4442,28.11392405063291,2014.7600000000002,152,12,197.0,534.0,Reorder,382.0
22337,ANGEL DECORATION PAINTED ZINC ,2165,25.470588235294116,1292.0500000000002,247,6,178.0,331.0,Reorder,84.0
22338,STAR DECORATION PAINTED ZINC ,5509,29.778378378378378,1763.2500000000002,290,5,208.0,357.0,Reorder,67.0
22339,CHRISTMAS TREE PAINTED ZINC ,3308,30.91588785046729,1235.5400000000002,62,14,216.0,649.0,Reorder,587.0
22340,NOEL GARLAND PAINTED ZINC ,1345,14.157894736842104,1027.4099999999999,40,9,99.0,226.0,Reorder,186.0
22341,LOVE GARLAND PAINTED ZINC ,3332,23.631205673758867,5252.599999999999,126,14,165.0,496.0,Reorder,370.0
22342,HOME GARLAND PAINTED ZINC ,1608,13.982608695652173,2029.1999999999998,136,4,98.0,154.0,Reorder,18.0
22343,PARTY PIZZA DISH RED RETROSPOT,2506,22.990825688073393,1380.9399999999998,143,10,161.0,391.0,Reorder,248.0
22343,PARTY PIZZA DISH RED WHITE SPOT ,464,21.09090909090909,394.4,222,8,148.0,317.0,Reorder,95.0
22343,PARTY PIZZA DISH RED+WHITE SPOT ,12,12.0,10.2,70,9,84.0,192.0,Reorder,122.0
22344,PARTY PIZZA DISH PINK POLKADOT,1109,20.92452830188679,426.28999999999996,290,7,146.0,292.0,Reorder,2.0
22344,PARTY PIZZA DISH PINK RETROSPOT,155,8.157894736842104,131.75,296,11,57.0,147.0,Overstock,0.0
22344,PARTY PIZZA DISH PINK WHITE SPOT ,56,5.6,47.599999999999994,160,7,39.0,78.0,Overstock,0.0
22344,PARTY PIZZA DISH PINK+WHITE SPOT ,24,12.0,20.4,294,13,84.0,240.0,Healthy,0.0
22345,PARTY PIZZA DISH BLUE POLKADOT,1032,20.64,371.46,71,7,144.0,288.0,Reorder,217.0
22345,PARTY PIZZA DISH BLUE RETROSPOT,202,8.416666666666666,171.7,46,5,59.0,101.0,Reorder,55.0
22345,PARTY PIZZA DISH BLUE WHITE SPOT ,41,5.125,34.849999999999994,176,13,36.0,103.0,Healthy,0.0
22345,PARTY PIZZA DISH BLUE+WHITE SPOT ,24,12.0,20.4,258,3,84.0,120.0,Overstock,0.0
22346,PARTY PIZZA DISH GREEN POLKADOT,1005,25.125,404.31,175,4,176.0,276.0,Reorder,101.0
22346,PARTY PIZZA DISH GREEN RETROSPOT,83,5.928571428571429,70.55,155,10,42.0,101.0,Healthy,0.0
22346,PARTY PIZZA DISH GREEN WHITE SPOT ,29,4.142857142857143,24.65,163,3,29.0,41.0,Overstock,0.0
22346,PARTY PIZZA DISH GREEN+WHITE SPOT ,12,12.0,10.2,125,9,84.0,192.0,Reorder,67.0
22347,PIZZA DISH SLICE ,36,18.0,45.0,177,7,126.0,252.0,Reorder,75.0
22347,PIZZA SLICE DISH,2605,35.2027027027027,2891.4500000000003,165,5,246.0,422.0,Reorder,257.0
22348,TEA BAG PLATE RED RETROSPOT,5033,14.058659217877095,4171.19,21,14,98.0,295.0,Reorder,274.0
22348,TEA BAG PLATE RED SPOTTY ,6866,20.076023391812864,5496.0199999999995,96,14,141.0,422.0,Reorder,326.0
22349,"DOG BOWL , CHASING BALL DESIGN",695,5.889830508474576,2537.13,151,13,41.0,118.0,Healthy,0.0
22349,DOG BOWL CHASING BALL DESIGN,1688,8.356435643564357,6515.62,109,9,58.0,133.0,Reorder,24.0
22350,CAT BOWL ,862,8.795918367346939,2057.7,282,11,62.0,159.0,Healthy,0.0
22350,ILLUSTRATED CAT BOWL ,1730,11.08974358974359,4540.86,127,4,78.0,122.0,Healthy,0.0
22351,DOTCOMGIFTSHOP TEA TOWEL,12,12.0,19.799999999999997,93,10,84.0,204.0,Reorder,111.0
22352,LUNCH BOX WITH CUTLERY RETROSPOT ,5331,8.239567233384854,12669.039999999999,58,11,58.0,149.0,Reorder,91.0
22352,LUNCHBOX WITH CUTLERY RETROSPOT ,1359,7.005154639175258,3214.35,178,13,49.0,140.0,Healthy,0.0
22353,LUNCH BOX WITH CUTLERY FAIRY CAKES ,1429,6.525114155251141,3498.1499999999996,90,5,46.0,79.0,Healthy,0.0
22353,LUNCHBOX WITH CUTLERY FAIRY CAKES ,1371,8.788461538461538,3215.25,260,4,62.0,97.0,Overstock,0.0
22354,RETRO SPOT PADDED SEAT CUSHION,467,8.98076923076923,1657.65,55,9,63.0,144.0,Reorder,89.0
22354,RETROSPOT PADDED SEAT CUSHION,1613,8.672043010752688,5807.77,103,7,61.0,122.0,Reorder,19.0
22355,"CHARLOTTE BAG , SUKI DESIGN",4072,17.4017094017094,3233.7,282,7,122.0,244.0,Healthy,0.0
22355,CHARLOTTE BAG SUKI DESIGN,15411,15.986514522821576,12268.65,191,12,112.0,304.0,Reorder,113.0
22356,"CHARLOTTE BAG , PINK/WHITE SPOTS",4216,16.091603053435115,3360.0,192,7,113.0,226.0,Reorder,34.0
22356,CHARLOTTE BAG PINK POLKADOT,8455,13.883415435139574,6812.09,66,6,97.0,180.0,Reorder,114.0
22356,CHARLOTTE BAG PINK WITH WHITE SPOTS,3952,16.065040650406505,3151.2,160,7,112.0,224.0,Reorder,64.0
22357,KINGS CHOICE BISCUIT TIN,1873,5.927215189873418,8044.09,137,6,41.0,77.0,Healthy,0.0
22358,KINGS CHOICE TEA CADDY ,2286,5.876606683804627,6468.580000000001,296,8,41.0,88.0,Overstock,0.0
22359,GLASS JAR KINGS CHOICE,1185,8.061224489795919,3631.87,233,6,56.0,104.0,Overstock,0.0
22359,"GLASS JAR, KINGS CHOICE SOAP",42,5.25,123.9,239,4,37.0,58.0,Overstock,0.0
22360,GLASS JAR ENGLISH CONFECTIONERY,2284,7.5131578947368425,6248.8,45,11,53.0,136.0,Reorder,91.0
22360,"GLASS JAR, ENGLISH CONFECTIONERY",2,2.0,5.9,28,4,14.0,22.0,Healthy,0.0
22361,GLASS JAR DAISY FRESH COTTON WOOL,1535,5.7924528301886795,4242.650000000001,290,11,41.0,105.0,Overstock,0.0
22362,GLASS JAR PEACOCK BATH SALTS,658,3.7175141242937855,1893.9800000000002,29,12,26.0,71.0,Reorder,42.0
22363,GLASS JAR MARMALADE ,735,5.6106870229007635,2034.2900000000002,140,8,39.0,84.0,Healthy,0.0
22364,GLASS JAR DIGESTIVE BISCUITS,1893,8.376106194690266,5556.55,144,11,59.0,151.0,Reorder,7.0
22365,DOOR MAT RESPECTABLE HOUSE,358,3.4423076923076925,2479.86,189,11,24.0,62.0,Overstock,0.0
22365,DOORMAT RESPECTABLE HOUSE,1863,7.635245901639344,11282.69,91,5,53.0,91.0,Healthy,0.0
22366,DOOR MAT AIRMAIL ,427,3.745614035087719,2988.53,171,3,26.0,37.0,Overstock,0.0
22366,DOORMAT AIRMAIL ,1943,6.071875,11946.53,227,3,43.0,61.0,Overstock,0.0
22367,CHILDRENS APRON SPACEBOY DESIGN,5455,7.608089260808926,10120.289999999999,68,5,53.0,91.0,Reorder,23.0
22367,CHILDS APRON SPACEBOY DESIGN,2247,7.721649484536083,4174.35,173,7,54.0,108.0,Healthy,0.0
22371,AIRLINE BAG VINTAGE TOKYO 78,1522,3.001972386587771,6962.4800000000005,87,5,21.0,36.0,Overstock,0.0
22372,AIRLINE BAG VINTAGE WORLD CHAMPION ,526,2.307017543859649,2554.08,69,14,16.0,48.0,Healthy,0.0
22374,AIRLINE BAG VINTAGE JET SET RED,894,2.6064139941690962,4273.34,171,11,18.0,47.0,Overstock,0.0
22375,AIRLINE BAG VINTAGE JET SET BROWN,471,2.4153846153846152,2171.25,38,11,17.0,44.0,Reorder,6.0
22376,AIRLINE BAG VINTAGE JET SET WHITE,449,2.314432989690722,2148.09,119,5,16.0,28.0,Overstock,0.0
22377,BOTTLE BAG RETROSPOT ,3212,11.114186851211073,5741.29,79,5,78.0,134.0,Reorder,55.0
22378,WALL TIDY RETROSPOT ,3046,10.539792387543253,4850.66,186,14,74.0,222.0,Reorder,36.0
22379,RECYCLING BAG RETROSPOT ,14259,13.952054794520548,27893.78,221,7,98.0,196.0,Healthy,0.0
22380,TOY TIDY SPACEBOY  ,4654,8.446460980036298,9044.0,165,4,59.0,93.0,Healthy,0.0
22381,TOY TIDY PINK POLKADOT,4378,11.283505154639176,8587.48,183,8,79.0,169.0,Healthy,0.0
22381,TOY TIDY PINK RETROSPOT  ,4279,10.360774818401937,8393.1,261,9,73.0,166.0,Healthy,0.0
22382,LUNCH BAG SPACEBOY DESIGN ,18834,9.965079365079365,30131.7,88,11,70.0,180.0,Reorder,92.0
22382,LUNCHBAG SPACEBOY DESIGN ,644,14.311111111111112,1022.6,194,8,100.0,214.0,Reorder,20.0
22383,LUNCH BAG SUKI  DESIGN ,13896,12.725274725274724,22026.4,68,5,89.0,153.0,Reorder,85.0
22383,LUNCH BAG SUKI DESIGN ,9570,10.459016393442623,15332.9,127,14,73.0,219.0,Reorder,92.0
22383,LUNCHBAG SUKI  DESIGN ,405,12.65625,648.25,245,7,89.0,178.0,Healthy,0.0
22384,LUNCH BAG PINK POLKADOT,11392,10.207885304659499,18207.2,180,6,71.0,132.0,Healthy,0.0
22384,LUNCH BAG PINK POLKADOTS,10,10.0,16.5,138,7,70.0,140.0,Reorder,2.0
22384,LUNCH BAG PINK RETROSPOT,8738,11.744623655913978,13893.7,168,10,82.0,199.0,Reorder,31.0
22384,LUNCHBAG PINK RETROSPOT,107,8.23076923076923,176.54999999999998,169,10,58.0,140.0,Healthy,0.0
22385,JUMBO BAG SPACEBOY DESIGN,16383,16.683299389002038,29810.15,162,8,117.0,250.0,Reorder,88.0
22386,JUMBO BAG PINK POLKADOT,23572,22.071161048689138,43319.16,179,3,154.0,220.0,Reorder,41.0
22386,JUMBO BAG PINK WITH WHITE SPOTS,13766,19.14603616133519,24450.6,30,10,134.0,325.0,Reorder,295.0
22389,PAPERWEIGHT SAVE THE PLANET,624,7.8,1160.1599999999999,157,10,55.0,133.0,Healthy,0.0
22390,PAPERWEIGHT CHILDHOOD MEMORIES,795,10.89041095890411,1378.22,97,4,76.0,120.0,Reorder,23.0
22391,PAPERWEIGHT HOME SWEET HOME,305,6.1,545.31,96,6,43.0,80.0,Healthy,0.0
22393,PAPERWEIGHT VINTAGE COLLAGE,800,8.98876404494382,1289.23,273,14,63.0,189.0,Healthy,0.0
22394,PAPERWEIGHT KINGS CHOICE ,337,7.170212765957447,499.34999999999997,277,4,50.0,79.0,Overstock,0.0
22395,PAPERWEIGHT VINTAGE PAISLEY,214,6.484848484848484,313.85999999999996,282,6,45.0,84.0,Overstock,0.0
22396,MAGNETS PACK OF 4 RETRO PHOTO,1830,11.4375,1342.94,104,14,80.0,240.0,Reorder,136.0
22398,MAGNETS PACK OF 4 SWALLOWS,4186,10.438902743142144,3573.95,165,12,73.0,198.0,Reorder,33.0
22399,MAGNETS PACK OF 4 CHILDHOOD MEMORY,3996,15.609375,4659.84,61,9,109.0,249.0,Reorder,188.0
22400,MAGNETS PACK OF 4 HOME SWEET HOME,2440,10.748898678414097,2024.81,144,11,75.0,193.0,Reorder,49.0
22402,MAGNETS PACK OF 4 VINTAGE COLLAGE,3398,13.983539094650206,2962.81,186,10,98.0,238.0,Reorder,52.0
22403,MAGNETS PACK OF 4 VINTAGE LABELS ,1601,9.944099378881987,1040.83,260,14,70.0,209.0,Healthy,0.0
22405,MONEY BOX POCKET MONEY DESIGN,1573,8.108247422680412,1854.05,299,11,57.0,146.0,Overstock,0.0
22405,TIN CAN POCKET MONEY DESIGN,24,12.0,30.0,207,10,84.0,204.0,Healthy,0.0
22406,MONEY BOX KINGS CHOICE DESIGN,2380,13.757225433526012,2942.78,38,4,96.0,151.0,Reorder,113.0
22406,TIN CAN KINGS CHOICE DESIGN,36,12.0,45.0,87,9,84.0,192.0,Reorder,105.0
22407,MONEY BOX FIRST ADE DESIGN,384,6.9818181818181815,461.76,237,4,49.0,77.0,Overstock,0.0
22407,MONEY BOX FIRST AID DESIGN,43,4.3,34.32,121,14,30.0,90.0,Healthy,0.0
22408,MONEY BOX CONFECTIONERY DESIGN,614,8.078947368421053,726.35,61,13,57.0,162.0,Reorder,101.0
22408,TIN CAN CONFECTIONERY DESIGN,12,12.0,15.0,186,4,84.0,132.0,Healthy,0.0
22409,MONEY BOX BISCUITS DESIGN,1590,13.25,2112.8999999999996,128,6,93.0,172.0,Reorder,44.0
22409,TIN CAN BISCUITS DESIGN,48,12.0,60.0,55,3,84.0,120.0,Reorder,65.0
22410,MONEY BOX HOUSEKEEPING DESIGN,1304,7.761904761904762,1552.73,251,7,54.0,108.0,Overstock,0.0
22410,TIN CAN HOUSEKEEPING DESIGN,24,12.0,30.0,248,8,84.0,180.0,Healthy,0.0
22411,JUMBO SHOPPER VINTAGE RED PAISLEY,24295,14.367238320520402,45059.13,183,11,101.0,259.0,Reorder,76.0
22412,METAL SIGN NEIGHBOURHOOD WITCH ,2286,7.326923076923077,4661.1,92,12,51.0,139.0,Reorder,47.0
22413,METAL SIGN TAKE IT OR LEAVE IT ,6814,8.815006468305304,18863.02,155,10,62.0,150.0,Healthy,0.0
22414,DOOR MAT NEIGHBOURHOOD WITCH ,79,2.257142857142857,565.89,89,4,16.0,25.0,Overstock,0.0
22414,DOORMAT NEIGHBOURHOOD WITCH ,1043,8.21259842519685,5709.31,215,3,57.0,82.0,Overstock,0.0
22415,WHITE TISSUE REAM,317,1.553921568627451,2520.15,288,4,11.0,17.0,Overstock,0.0
22416,36 DOILIES SPACEBOY DESIGN ,705,13.557692307692308,993.4499999999999,68,9,95.0,217.0,Reorder,149.0
22416,SET OF 36 DOILIES SPACEBOY DESIGN ,1188,12.505263157894737,1636.1999999999998,149,6,88.0,163.0,Reorder,14.0
22416,SET OF 36 SPACEBOY PAPER DOILIES,50,7.142857142857143,72.5,24,12,50.0,136.0,Reorder,112.0
22417,PACK OF 60 SPACEBOY CAKE CASES,20867,22.38948497854077,10465.49,46,7,157.0,314.0,Reorder,268.0
22418,10 COLOUR SPACEBOY PEN,11892,24.983193277310924,9878.099999999999,179,14,175.0,525.0,Reorder,346.0
22418,"PEN, 10 COLOURS - SPACEBOY",24,24.0,20.4,168,9,168.0,384.0,Reorder,216.0
22419,LIPSTICK PEN RED,5641,19.122033898305084,2350.86,283,5,134.0,230.0,Healthy,0.0
22420,LIPSTICK PEN BABY PINK,1818,11.729032258064516,758.87,249,12,82.0,223.0,Healthy,0.0
22421,LIPSTICK PEN FUSCHIA,3725,15.080971659919028,1526.48,219,4,106.0,166.0,Healthy,0.0
22422,TOOTHPASTE TUBE PEN,2080,13.506493506493506,1088.1000000000001,69,9,95.0,217.0,Reorder,148.0
22423,REGENCY CAKESTAND 3 TIER,24124,7.233583208395802,277656.25,86,7,51.0,102.0,Reorder,16.0
22424,ENAMEL BREAD BIN CREAM,1300,2.3214285714285716,15621.65,77,3,16.0,23.0,Overstock,0.0
22425,ENAMEL COLANDER CREAM,692,2.871369294605809,3352.01,278,3,20.0,29.0,Overstock,0.0
22425,ENAMEL COLLANDER CREAM,115,5.476190476190476,527.25,149,11,38.0,98.0,Healthy,0.0
22426,ENAMEL WASH BOWL CREAM,1182,4.313868613138686,4073.3,234,7,30.0,60.0,Overstock,0.0
22427,ENAMEL FLOWER JUG CREAM,3039,4.304532577903683,17471.23,191,3,30.0,43.0,Overstock,0.0
22428,ENAMEL FIRE BUCKET CREAM,421,2.647798742138365,2910.9300000000003,277,9,19.0,43.0,Overstock,0.0
22429,ENAMEL MEASURING JUG CREAM,2149,4.062381852551985,8867.29,121,11,28.0,73.0,Healthy,0.0
22430,ENAMEL WATERING CAN CREAM,1288,4.2368421052631575,5916.4400000000005,228,13,30.0,85.0,Overstock,0.0
22431,WATERING CAN BLUE ELEPHANT,3179,6.3453093812375245,6004.75,135,3,44.0,63.0,Overstock,0.0
22432,WATERING CAN GREEN DINOSAUR,48,8.0,93.6,283,12,56.0,152.0,Healthy,0.0
22432,WATERING CAN PINK BUNNY,3340,7.84037558685446,6110.9,169,6,55.0,102.0,Healthy,0.0
22433,WATERING CAN GREEN DINOSAUR,2622,7.491428571428571,4728.62,55,5,52.0,89.0,Reorder,34.0
22433,WATERING CAN PINK BUNNY,54,10.8,105.3,227,7,76.0,152.0,Healthy,0.0
22434,BALLOON PUMP WITH 10 BALLOONS,2521,9.406716417910447,4654.13,125,9,66.0,151.0,Reorder,26.0
22435,SET OF 9 HEART SHAPED BALLOONS,4716,10.387665198237885,5783.04,177,10,73.0,177.0,Healthy,0.0
22436,12 COLOURED PARTY BALLOONS,4157,15.988461538461538,2637.85,140,4,112.0,176.0,Reorder,36.0
22437,SET OF 9 BLACK SKULL BALLOONS,6332,17.34794520547945,5197.6,74,9,121.0,277.0,Reorder,203.0
22438,BALLOON ART MAKE YOUR OWN FLOWERS,1323,9.727941176470589,1636.65,31,3,68.0,97.0,Reorder,66.0
22439,6 ROCKET BALLOONS ,3699,11.780254777070065,2431.9500000000003,164,9,82.0,188.0,Reorder,24.0
22440,BALLOON WATER BOMB PACK OF 35,8296,31.18796992481203,3224.52,155,10,218.0,530.0,Reorder,375.0
22441,GROW YOUR OWN BASIL IN ENAMEL MUG,2515,6.383248730964467,5215.5,22,4,45.0,71.0,Reorder,49.0
22442,GROW YOUR OWN FLOWERS SET OF 3,858,5.2,4653.66,163,11,36.0,93.0,Healthy,0.0
22443,GROW YOUR OWN HERBS SET OF 3,648,2.711297071129707,4945.4400000000005,49,3,19.0,27.0,Healthy,0.0
22444,GROW YOUR OWN PLANT IN A CAN ,8960,27.23404255319149,10976.56,256,8,191.0,409.0,Reorder,153.0
22445,PENCIL CASE GINGHAM FOREST,36,9.0,106.20000000000002,298,3,63.0,90.0,Overstock,0.0
22445,PENCIL CASE LIFE IS BEAUTIFUL,1138,5.220183486238532,3311.3,134,5,37.0,63.0,Overstock,0.0
22446,PIN CUSHION BABUSHKA PINK,219,3.5901639344262297,627.2900000000001,123,13,25.0,72.0,Healthy,0.0
22446,PIN CUSHION RUSSIAN DOLL PINK,114,4.384615384615385,381.90000000000003,137,8,31.0,66.0,Overstock,0.0
22447,PIN CUSHION BABUSHKA BLUE,117,4.0344827586206895,364.65000000000003,24,5,28.0,48.0,Reorder,24.0
22447,PIN CUSHION RUSSIAN DOLL BLUE,64,3.3684210526315788,214.4,267,10,24.0,58.0,Overstock,0.0
22448,PIN CUSHION BABUSHKA RED,340,4.857142857142857,1088.8600000000001,140,7,34.0,68.0,Overstock,0.0
22448,PIN CUSHION RUSSIAN DOLL RED,393,11.228571428571428,1220.55,168,4,79.0,124.0,Healthy,0.0
22449,SILK PURSE BABUSHKA PINK,729,4.584905660377358,2437.08,103,6,32.0,60.0,Healthy,0.0
22449,SILK PURSE RUSSIAN DOLL PINK,447,5.658227848101266,1449.45,250,11,40.0,102.0,Overstock,0.0
22450,SILK PURSE BABUSHKA BLUE,431,4.184466019417476,1441.45,180,6,29.0,54.0,Overstock,0.0
22450,SILK PURSE RUSSIAN DOLL BLUE,371,5.537313432835821,1218.8500000000001,291,12,39.0,105.0,Overstock,0.0
22451,SILK PURSE BABUSHKA RED,668,5.566666666666666,2194.6000000000004,57,12,39.0,106.0,Reorder,49.0
22451,SILK PURSE RUSSIAN DOLL RED,575,6.927710843373494,1854.25,245,10,48.0,117.0,Overstock,0.0
22452,MEASURING TAPE BABUSHKA PINK,749,5.944444444444445,2111.35,161,7,42.0,84.0,Healthy,0.0
22452,MEASURING TAPE RUSSIAN DOLL PINK,152,3.707317073170732,448.4000000000001,170,13,26.0,74.0,Overstock,0.0
22453,MEASURING TAPE BABUSHKA BLUE,585,7.134146341463414,1651.3500000000001,133,13,50.0,143.0,Reorder,10.0
22453,MEASURING TAPE RUSSIAN DOLL BLUE,102,3.7777777777777777,300.90000000000003,256,12,26.0,71.0,Overstock,0.0
22454,MEASURING TAPE BABUSHKA RED,707,6.546296296296297,1989.65,85,3,46.0,66.0,Healthy,0.0
22454,MEASURING TAPE RUSSIAN DOLL RED,647,11.350877192982455,1755.05,277,9,79.0,181.0,Healthy,0.0
22456,NATURAL SLATE CHALKBOARD LARGE ,4016,6.738255033557047,17637.16,268,5,47.0,81.0,Overstock,0.0
22457,NATURAL SLATE HEART CHALKBOARD ,14187,8.603395997574287,40276.170000000006,199,12,60.0,163.0,Healthy,0.0
22458,CAST IRON HOOK GARDEN FORK,1487,9.847682119205299,3599.6099999999997,209,10,69.0,167.0,Healthy,0.0
22459,CAST IRON HOOK GARDEN TROWEL,1336,8.906666666666666,3164.96,173,14,62.0,187.0,Reorder,14.0
22460,EMBOSSED GLASS TEALIGHT HOLDER,4259,14.686206896551724,5162.34,215,5,103.0,176.0,Healthy,0.0
22461,SAVOY ART DECO CLOCK,394,3.0307692307692307,3214.2999999999997,281,3,21.0,30.0,Overstock,0.0
22464,HANGING METAL HEART LANTERN,7388,11.262195121951219,11530.56,162,7,79.0,158.0,Healthy,0.0
22465,HANGING METAL STAR LANTERN,4325,10.839598997493734,6656.829999999999,120,4,76.0,119.0,Healthy,0.0
22466,FAIRY TALE COTTAGE NIGHT LIGHT,912,11.121951219512194,1717.1999999999998,263,13,78.0,223.0,Healthy,0.0
22466,FAIRY TALE COTTAGE NIGHTLIGHT,4208,18.45614035087719,7389.599999999999,31,6,129.0,240.0,Reorder,209.0
22467,GUMBALL COAT RACK,11460,12.191489361702128,26149.13,258,3,85.0,122.0,Overstock,0.0
22468,BABUSHKA LIGHTS STRING OF 10,1630,4.865671641791045,10229.64,68,11,34.0,88.0,Reorder,20.0
22469,HEART OF WICKER SMALL,26193,14.383855024711696,43316.53999999999,61,8,101.0,216.0,Reorder,155.0
22470,HEART OF WICKER LARGE,17104,9.592821088053842,49859.5,185,10,67.0,163.0,Healthy,0.0
22471,TV DINNER TRAY AIR HOSTESS ,553,4.532786885245901,2017.3300000000002,101,13,32.0,91.0,Healthy,0.0
22472,"TRAY FOR TV DINNER , DOLLY GIRL",6,6.0,29.700000000000003,177,6,42.0,78.0,Overstock,0.0
22472,TV DINNER TRAY DOLLY GIRL,1043,5.163366336633663,4614.570000000001,235,11,36.0,93.0,Overstock,0.0
22473,TV DINNER TRAY VINTAGE PAISLEY,732,4.409638554216867,2580.44,177,4,31.0,49.0,Overstock,0.0
22474,SPACEBOY TV DINNER TRAY,888,4.673684210526316,3898.44,153,11,33.0,84.0,Healthy,0.0
22474,"TRAY FOR TV DINNER ,SPACEBOY",6,6.0,29.700000000000003,86,14,42.0,126.0,Reorder,40.0
22475,SKULL DESIGN TV DINNER TRAY,690,3.399014778325123,3052.9,26,7,24.0,48.0,Reorder,22.0
22476,EMPIRE UNION JACK TV DINNER TRAY,1221,6.4603174603174605,4079.4700000000003,33,8,45.0,97.0,Reorder,64.0
22477,WATERING CAN GARDEN MARKER,2243,12.256830601092895,2967.45,92,5,86.0,147.0,Reorder,55.0
22478,BIRDHOUSE GARDEN MARKER ,2537,11.74537037037037,3336.85,182,6,82.0,152.0,Healthy,0.0
22479,DAISY GARDEN MARKER,1832,11.819354838709678,2453.7,85,8,83.0,178.0,Reorder,93.0
22480,RED TEA TOWEL CLASSIC DESIGN,2272,9.124497991967871,2730.56,149,9,64.0,146.0,Healthy,0.0
22481,BLACK TEA TOWEL CLASSIC DESIGN,1110,6.491228070175438,1130.24,225,3,45.0,64.0,Overstock,0.0
22482,BLUE TEA TOWEL CLASSIC DESIGN,2233,10.892682926829268,2627.09,295,9,76.0,174.0,Healthy,0.0
22483,RED GINGHAM TEDDY BEAR ,1812,6.0,5080.68,275,3,42.0,60.0,Overstock,0.0
22485,SET OF 2 WOODEN MARKET CRATES,995,2.909356725146199,12146.25,285,7,20.0,40.0,Overstock,0.0
22486,PLASMATRONIC LAMP,85,3.4,698.89,44,8,24.0,51.0,Reorder,7.0
22487,WHITE WOOD GARDEN PLANT LADDER,1519,1.8753086419753087,14256.96,272,4,13.0,21.0,Overstock,0.0
22488,NATURAL SLATE RECTANGLE CHALKBOARD,6453,9.836890243902438,10285.609999999999,183,12,69.0,187.0,Reorder,4.0
22489,PACK OF 12 TRADITIONAL CRAYONS,17090,27.609046849757675,6889.7699999999995,114,11,193.0,497.0,Reorder,383.0
22491,PACK OF 12 COLOURED PENCILS,7322,20.06027397260274,5831.36,289,12,140.0,381.0,Reorder,92.0
22492,MINI PAINT SET VINTAGE ,41507,67.16343042071198,25900.190000000002,129,8,470.0,1007.0,Reorder,878.0
22492,MINI PAINT SET VINTAGE  BOY+ GIRL,1188,69.88235294117646,714.6,257,9,489.0,1118.0,Reorder,861.0
22493, PAINT YOUR OWN CANVAS SET,480,28.235294117647058,724.8,44,12,198.0,537.0,Reorder,493.0
22493,PAINT YOUR OWN CANVAS SET,4025,11.566091954022989,6382.53,160,10,81.0,197.0,Reorder,37.0
22494,EMERGENCY FIRST AID TIN ,2502,8.424242424242424,3099.4,136,13,59.0,169.0,Reorder,33.0
22495,SET OF 2 ROUND TINS CAMEMBERT ,879,4.602094240837697,2322.3300000000004,44,12,32.0,87.0,Reorder,43.0
22496,SET OF 2 ROUND TINS DUTCH CHEESE,698,3.9885714285714284,1790.5400000000002,98,3,28.0,40.0,Overstock,0.0
22497,SET OF 2 TINS VINTAGE BATHROOM ,838,4.067961165048544,3511.5,87,10,28.0,69.0,Healthy,0.0
22498,WOODEN REGATTA BUNTING,991,3.347972972972973,5704.450000000001,192,6,23.0,43.0,Overstock,0.0
22499,WOODEN UNION JACK BUNTING,3165,4.976415094339623,18251.280000000002,31,12,35.0,95.0,Reorder,64.0
22500,SET OF 2 TINS JARDIN DE PROVENCE,553,3.106741573033708,2383.85,147,10,22.0,53.0,Overstock,0.0
22501,PICNIC BASKET WICKER LARGE,2055,4.134808853118712,18794.25,115,8,29.0,62.0,Healthy,0.0
22502,PICNIC BASKET WICKER 60 PIECES,61,30.5,39619.5,111,13,214.0,610.0,Reorder,499.0
22502,PICNIC BASKET WICKER SMALL,2985,5.227670753064799,14945.6,160,11,37.0,95.0,Healthy,0.0
22503,CABIN BAG VINTAGE PAISLEY,105,3.0,2417.15,50,13,21.0,60.0,Reorder,10.0
22504,CABIN BAG VINTAGE RETROSPOT,269,3.539473684210526,5976.95,39,6,25.0,46.0,Reorder,7.0
22505,MEMO BOARD COTTAGE DESIGN,3605,5.445619335347432,16599.89,165,4,38.0,60.0,Overstock,0.0
22507,MEMO BOARD RETROSPOT  DESIGN,5208,7.047361299052774,23083.44,179,4,49.0,77.0,Overstock,0.0
22508,DOORSTOP RETROSPOT HEART,2695,4.614726027397261,10283.5,62,7,32.0,64.0,Reorder,2.0
22509,SEWING BOX RETROSPOT DESIGN ,372,2.1502890173410405,4640.4,273,12,15.0,41.0,Overstock,0.0
22510,DOORSTOP RUSSIAN DOLL GINGHAM,38,1.7272727272727273,142.5,149,11,12.0,31.0,Overstock,0.0
22510,GINGHAM BABUSHKA DOORSTOP,270,4.5,623.86,79,14,32.0,95.0,Reorder,16.0
22511,DOORSTOP RUSSIAN DOLL RETROSPOT,100,2.857142857142857,363.48,170,5,20.0,34.0,Overstock,0.0
22511,RETROSPOT BABUSHKA DOORSTOP,287,4.2835820895522385,613.37,24,10,30.0,73.0,Reorder,49.0
22512,DOORSTOP RACING CAR DESIGN,375,5.9523809523809526,888.23,285,6,42.0,78.0,Overstock,0.0
22513,DOORSTOP FOOTBALL DESIGN,556,3.861111111111111,1675.96,149,8,27.0,58.0,Overstock,0.0
22514,CHILDS GARDEN SPADE BLUE,1022,5.295336787564767,1978.6800000000003,286,12,37.0,101.0,Overstock,0.0
22515,CHILDS GARDEN SPADE PINK,990,5.892857142857143,1908.4800000000002,197,8,41.0,88.0,Overstock,0.0
22516,CHILDS GARDEN RAKE BLUE,786,6.140625,1490.5800000000002,272,5,43.0,74.0,Overstock,0.0
22517,CHILDS GARDEN RAKE PINK,772,6.176,1458.18,75,7,43.0,86.0,Reorder,11.0
22518,CHILDS GARDEN BRUSH BLUE,1304,6.455445544554456,2515.38,102,14,45.0,135.0,Reorder,33.0
22519,CHILDS GARDEN BRUSH PINK,1320,6.439024390243903,2554.9800000000005,118,5,45.0,77.0,Healthy,0.0
22520,CHILDS GARDEN TROWEL BLUE ,2185,6.541916167664671,1840.09,168,13,46.0,131.0,Healthy,0.0
22521,CHILDS GARDEN TROWEL PINK,2196,6.654545454545454,1846.32,175,13,47.0,134.0,Healthy,0.0
22522,CHILDS GARDEN FORK BLUE ,2185,7.003205128205129,1815.1299999999999,209,3,49.0,70.0,Overstock,0.0
22523,CHILDS GARDEN FORK PINK,2122,6.652037617554859,1783.4199999999998,282,9,47.0,107.0,Overstock,0.0
22524,CHILDRENS GARDEN GLOVES BLUE,1735,7.414529914529915,2142.91,99,6,52.0,96.0,Healthy,0.0
22525,CHILDRENS GARDEN GLOVES PINK,1741,7.224066390041494,2145.85,271,9,51.0,116.0,Overstock,0.0
22526,WHEELBARROW FOR CHILDREN ,518,2.75531914893617,6133.62,116,5,19.0,33.0,Overstock,0.0
22528,GARDENERS KNEELING PAD,5363,11.838852097130243,6329.83,279,14,83.0,249.0,Healthy,0.0
22529,MAGIC DRAWING SLATE GO TO THE FAIR ,2295,16.751824817518248,916.38,279,13,117.0,335.0,Reorder,56.0
22529,MAGIC SLATE GO TO THE FAIR ,96,48.0,40.32,122,7,336.0,672.0,Reorder,550.0
22530,MAGIC DRAWING SLATE DOLLY GIRL ,9438,25.03448275862069,3781.8,59,7,175.0,350.0,Reorder,291.0
22530,MAGIC SLATE DOLLY GIRL ,192,48.0,80.64,292,4,336.0,528.0,Reorder,236.0
22531,MAGIC DRAWING SLATE CIRCUS PARADE  ,7504,22.26706231454006,3053.76,120,13,156.0,445.0,Reorder,325.0
22531,MAGIC SLATE CIRCUS PARADE  ,192,48.0,80.64,240,12,336.0,912.0,Reorder,672.0
22532,MAGIC DRAWING SLATE LEAP FROG ,2740,17.232704402515722,1041.3600000000001,143,14,121.0,362.0,Reorder,219.0
22532,MAGIC SLATE LEAP FROG ,96,48.0,40.32,250,4,336.0,528.0,Reorder,278.0
22533,MAGIC DRAWING SLATE BAKE A CAKE ,4399,21.885572139303484,1699.26,197,6,153.0,284.0,Reorder,87.0
22533,MAGIC SLATE BAKE A CAKE ,48,48.0,20.16,82,6,336.0,624.0,Reorder,542.0
22534,MAGIC DRAWING SLATE SPACEBOY ,11981,25.11740041928721,4833.3,135,6,176.0,327.0,Reorder,192.0
22534,MAGIC SLATE SPACEBOY ,288,48.0,120.96000000000001,210,8,336.0,720.0,Reorder,510.0
22535,MAGIC DRAWING SLATE BUNNIES ,3995,15.728346456692913,1588.6200000000001,81,4,110.0,173.0,Reorder,92.0
22535,MAGIC SLATE BUNNIES AT HOME ,288,48.0,120.96000000000001,275,8,336.0,720.0,Reorder,445.0
22536,MAGIC DRAWING SLATE FIDO,360,45.0,151.2,26,9,315.0,720.0,Reorder,694.0
22536,MAGIC DRAWING SLATE PURDEY,8378,26.018633540372672,3265.56,174,13,182.0,520.0,Reorder,346.0
22536,MAGIC SLATE FIDO,288,48.0,120.96000000000001,111,12,336.0,912.0,Reorder,801.0
22537,MAGIC DRAWING SLATE DINOSAUR,5563,19.116838487972508,2244.3,33,5,134.0,230.0,Reorder,197.0
22537,MAGIC SLATE DINOSAUR,144,48.0,60.480000000000004,248,13,336.0,960.0,Reorder,712.0
22538,MINI JIGSAW GO TO THE FAIR,1409,22.725806451612904,580.74,105,14,159.0,477.0,Reorder,372.0
22539,MINI JIGSAW DOLLY GIRL,5512,32.23391812865497,2150.57,152,10,226.0,548.0,Reorder,396.0
22540,MINI JIGSAW CIRCUS PARADE ,6063,40.152317880794705,2337.06,202,4,281.0,442.0,Reorder,240.0
22541,MINI JIGSAW LEAP FROG,1192,29.073170731707318,471.56,81,13,204.0,582.0,Reorder,501.0
22543,MINI JIGSAW BAKE A CAKE ,3198,36.758620689655174,1242.25,238,10,257.0,625.0,Reorder,387.0
22544,MINI JIGSAW SPACEBOY,9209,35.14885496183206,3613.4,265,13,246.0,703.0,Reorder,438.0
22545,MINI JIGSAW BUNNIES,2922,23.56451612903226,1158.09,249,7,165.0,330.0,Reorder,81.0
22545,MINI JIGSAW BUNNIES AT HOME,432,48.0,181.44,98,4,336.0,528.0,Reorder,430.0
22546,MINI JIGSAW FIDO,672,67.2,282.24,168,9,470.0,1075.0,Reorder,907.0
22546,MINI JIGSAW PURDEY,3637,28.865079365079364,1425.19,157,4,202.0,317.0,Reorder,160.0
22547,MINI JIGSAW DINOSAUR ,1864,16.642857142857142,752.43,84,8,116.0,249.0,Reorder,165.0
22548,HEADS AND TAILS SPORTING FUN,3315,8.588082901554404,3873.1,32,12,60.0,163.0,Reorder,131.0
22549,PICTURE DOMINOES,6222,11.312727272727273,8813.74,232,5,79.0,136.0,Healthy,0.0
22550,HOLIDAY FUN LUDO,1921,5.536023054755043,6869.0,261,11,39.0,100.0,Overstock,0.0
22551,PLASTERS IN TIN SPACEBOY,14623,12.498290598290598,23194.949999999997,232,5,87.0,149.0,Healthy,0.0
22553,PLASTERS IN TIN SKULLS,7363,7.99457111834962,11913.749999999998,200,13,56.0,160.0,Healthy,0.0
22554,PLASTERS IN TIN WOODLAND ANIMALS,12824,11.542754275427543,20471.679999999997,192,14,81.0,243.0,Reorder,51.0
22555,PLASTERS IN TIN MR STRONG ,228,20.727272727272727,357.0,179,14,145.0,435.0,Reorder,256.0
22555,PLASTERS IN TIN STRONGMAN,11048,12.713463751438434,17664.44,183,5,89.0,153.0,Healthy,0.0
22556,PLASTERS IN TIN CIRCUS PARADE ,13112,11.707142857142857,20950.159999999996,207,7,82.0,164.0,Healthy,0.0
22557,PLASTERS IN TIN VINTAGE PAISLEY ,9827,9.643768400392542,15614.589999999998,210,9,68.0,155.0,Healthy,0.0
22558,CLOTHES PEGS RETROSPOT PACK 24 ,13410,13.057448880233691,18411.739999999998,275,10,91.0,222.0,Healthy,0.0
22559,SEASIDE FLYING DISC,1107,9.461538461538462,1340.85,202,14,66.0,198.0,Healthy,0.0
22559,SEASIDE FRISBEE ,303,14.428571428571429,360.51,136,13,101.0,289.0,Reorder,153.0
22560,TRADITIONAL MODELLING CLAY,14393,21.57871064467766,16851.64,215,9,151.0,345.0,Reorder,130.0
22561,WOODEN SCHOOL COLOURING SET,11158,13.035046728971963,17861.219999999998,53,11,91.0,234.0,Reorder,181.0
22562,MONSTERS STENCIL CRAFT,3938,10.789041095890411,4600.54,71,7,76.0,152.0,Reorder,81.0
22563,HAPPY STENCIL CRAFT,5857,11.904471544715447,6756.400000000001,131,12,83.0,226.0,Reorder,95.0
22564,ALPHABET STENCIL CRAFT,4526,14.460063897763579,5137.01,271,13,101.0,289.0,Reorder,18.0
22565,FELTCRAFT HAIRBANDS PINK + WHITE ,72,12.0,61.199999999999996,101,5,84.0,144.0,Reorder,43.0
22565,FELTCRAFT HAIRBANDS PINK AND WHITE ,1825,8.371559633027523,1549.6899999999998,251,8,59.0,126.0,Healthy,0.0
22566,FELTCRAFT HAIRBAND PINK AND PURPLE,2654,10.744939271255062,2170.1,246,7,75.0,150.0,Healthy,0.0
22566,"FELTCRAFT HAIRBAND S/2, PINK/PURPLE",96,12.0,81.6,252,14,84.0,252.0,Healthy,0.0
22567,20 DOLLY PEGS RETROSPOT,5385,12.379310344827585,6568.75,240,6,87.0,161.0,Healthy,0.0
22568,FELTCRAFT CUSHION OWL,5312,6.863049095607235,19128.13,61,14,48.0,144.0,Reorder,83.0
22569,FELTCRAFT CUSHION BUTTERFLY,5357,7.786337209302325,18865.21,40,4,55.0,86.0,Reorder,46.0
22570,FELTCRAFT CUSHION RABBIT,5420,7.970588235294118,19282.55,61,9,56.0,128.0,Reorder,67.0
22571,ROCKING HORSE RED CHRISTMAS ,5293,13.606683804627249,4336.8099999999995,132,7,95.0,190.0,Reorder,58.0
22572,ROCKING HORSE GREEN CHRISTMAS ,3115,11.327272727272728,2560.39,124,6,79.0,147.0,Reorder,23.0
22573,STAR WOODEN CHRISTMAS DECORATION,4502,15.312925170068027,3739.3399999999997,211,14,107.0,321.0,Reorder,110.0
22574,HEART WOODEN CHRISTMAS DECORATION,4684,14.9171974522293,3980.62,36,10,104.0,253.0,Reorder,217.0
22575,METAL MERRY CHRISTMAS WREATH,2807,9.02572347266881,5321.849999999999,139,11,63.0,162.0,Reorder,23.0
22576,SWALLOW WOODEN CHRISTMAS DECORATION,2905,11.173076923076923,2456.77,148,11,78.0,201.0,Reorder,53.0
22577,WOODEN HEART CHRISTMAS SCANDINAVIAN,12969,17.20026525198939,6124.849999999999,149,5,120.0,206.0,Reorder,57.0
22577,WOODEN HEART CHRISTMAS SCANDISPOT,36,36.0,30.599999999999998,79,5,252.0,432.0,Reorder,353.0
22578,WOODEN STAR CHRISTMAS SCANDINAVIAN,12180,17.5,5333.28,67,7,122.0,244.0,Reorder,177.0
22578,WOODEN STAR CHRISTMAS SCANDISPOT,72,36.0,61.199999999999996,48,7,252.0,504.0,Reorder,456.0
22579,WOODEN TREE CHRISTMAS SCANDINAVIAN,6566,13.736401673640167,3161.14,116,12,96.0,261.0,Reorder,145.0
22579,WOODEN TREE CHRISTMAS SCANDISPOT,96,32.0,81.6,29,4,224.0,352.0,Reorder,323.0
22580,ADVENT CALENDAR GINGHAM SACK,1785,4.5886889460154245,10338.230000000001,261,3,32.0,46.0,Overstock,0.0
22581,WOOD STOCKING CHRISTMAS SCANDISPOT,2998,11.022058823529411,2282.2799999999997,251,10,77.0,187.0,Healthy,0.0
22582,PACK OF 6 SWEETIE GIFT BOXES,2459,9.494208494208495,6025.36,296,5,66.0,113.0,Overstock,0.0
22583,PACK OF 6 HANDBAG GIFT BOXES,1764,5.95945945945946,4455.599999999999,222,3,42.0,60.0,Overstock,0.0
22584,PACK OF 6 PANETTONE GIFT BOXES,226,16.142857142857142,513.91,266,3,113.0,161.0,Healthy,0.0
22584,PACK OF 6 PANNETONE GIFT BOXES,4793,9.509920634920634,11725.48,283,13,67.0,191.0,Healthy,0.0
22585,PACK OF 6 BIRDY GIFT TAGS,16784,16.97067745197169,19950.850000000002,233,4,119.0,187.0,Healthy,0.0
22586,FELTCRAFT HAIRBAND PINK AND BLUE,1975,8.229166666666666,1660.03,219,8,58.0,124.0,Healthy,0.0
22587,FELTCRAFT HAIRBAND RED AND BLUE,1791,7.251012145748988,1503.6299999999999,98,8,51.0,109.0,Reorder,11.0
22587,"FELTCRAFT HAIRBAND, S/2, RED/BLUE",204,34.0,154.67999999999998,192,5,238.0,408.0,Reorder,216.0
22588,CARD HOLDER GINGHAM HEART,2541,6.28960396039604,6539.2699999999995,88,14,44.0,132.0,Reorder,44.0
22588,CARDHOLDER GINGHAM HEART,102,51.0,216.90000000000003,106,6,357.0,663.0,Reorder,557.0
22589,CARDHOLDER GINGHAM STAR,1225,6.155778894472362,3197.39,120,14,43.0,129.0,Reorder,9.0
22591,CARDHOLDER GINGHAM CHRISTMAS TREE,1284,7.337142857142857,3474.14,27,4,51.0,80.0,Reorder,53.0
22592,CARDHOLDER HOLLY WREATH METAL,1814,7.169960474308301,6730.6,219,4,50.0,79.0,Overstock,0.0
22593,CHRISTMAS GINGHAM STAR,5067,16.18849840255591,4246.11,106,9,113.0,259.0,Reorder,153.0
22594,CHRISTMAS GINGHAM TREE,4354,14.962199312714777,3661.12,62,3,105.0,150.0,Reorder,88.0
22595,CHRISTMAS GINGHAM HEART,6125,19.631410256410255,5000.33,128,9,137.0,314.0,Reorder,186.0
22595,GINGHAM HEART DECORATION,5951,17.606508875739646,4817.33,171,14,123.0,369.0,Reorder,198.0
22596,CHRISTMAS STAR WISH LIST CHALKBOARD,6080,14.865525672371637,5853.92,36,14,104.0,312.0,Reorder,276.0
22597,CHRISTMAS MUSICAL ZINC HEART ,1683,17.904255319148938,1327.59,152,3,125.0,179.0,Reorder,27.0
22597,MUSICAL ZINC HEART DECORATION ,2498,21.35042735042735,943.64,167,8,149.0,320.0,Reorder,153.0
22598,CHRISTMAS MUSICAL ZINC TREE,1562,16.442105263157895,881.7199999999999,296,5,115.0,197.0,Healthy,0.0
22599,CHRISTMAS MUSICAL ZINC STAR,2562,19.263157894736842,1374.74,251,10,135.0,328.0,Reorder,77.0
22600,CHRISTMAS RETROSPOT STAR WOOD,4594,13.125714285714286,3793.3599999999997,247,8,92.0,197.0,Healthy,0.0
22601,CHRISTMAS RETROSPOT ANGEL WOOD,4923,14.695522388059702,4016.0699999999997,158,13,103.0,294.0,Reorder,136.0
22602,CHRISTMAS RETROSPOT HEART WOOD,4217,16.93574297188755,3384.77,230,4,119.0,187.0,Healthy,0.0
22602,RETROSPOT WOODEN HEART DECORATION,1850,10.946745562130177,1552.2199999999998,47,10,77.0,186.0,Reorder,139.0
22603,CHRISTMAS RETROSPOT TREE WOOD,3949,12.779935275080906,3239.6499999999996,70,7,89.0,178.0,Reorder,108.0
22604,SET OF 4 NAPKIN CHARM CUTLERY,18,6.0,45.9,280,10,42.0,102.0,Overstock,0.0
22604,SET OF 4 NAPKIN CHARMS CUTLERY,1906,8.585585585585585,4466.71,280,10,60.0,146.0,Healthy,0.0
22605,WOODEN CROQUET GARDEN SET,1710,3.1147540983606556,20813.809999999998,27,8,22.0,47.0,Reorder,20.0
22606,WOODEN SKITTLES GARDEN SET,1022,3.0058823529411764,13722.74,157,4,21.0,33.0,Overstock,0.0
22607,WOODEN ROUNDERS GARDEN SET ,2406,3.7244582043343653,20978.47,57,10,26.0,63.0,Reorder,6.0
22608,PENS ASSORTED FUNKY JEWELED ,5401,55.11224489795919,1406.29,130,13,386.0,1102.0,Reorder,972.0
22609,PENS ASSORTED SPACEBALL,6758,44.169934640522875,2221.1,239,8,309.0,662.0,Reorder,423.0
22610,PENS ASSORTED FUNNY FACE,12170,54.330357142857146,4764.98,242,8,380.0,815.0,Reorder,573.0
22611,VINTAGE UNION JACK SHOPPING BAG,896,4.71578947368421,4227.6,155,10,33.0,80.0,Healthy,0.0
22612,TEA COSY VINTAGE UNION JACK,988,10.081632653061224,3885.93,275,3,71.0,101.0,Overstock,0.0
22613,PACK OF 20 SPACEBOY NAPKINS,2962,12.767241379310345,2302.48,68,4,89.0,140.0,Reorder,72.0
22614,PACK OF 12 SPACEBOY TISSUES,5427,17.91089108910891,1673.6499999999999,97,14,125.0,376.0,Reorder,279.0
22615,PACK OF 12 CIRCUS PARADE TISSUES ,3643,26.59124087591241,1084.09,124,14,186.0,558.0,Reorder,434.0
22616,PACK OF 12 LONDON TISSUES ,37084,57.22839506172839,10519.359999999999,188,11,401.0,1031.0,Reorder,843.0
22617,BAKING SET SPACEBOY DESIGN,4165,4.68503937007874,19719.210000000003,236,13,33.0,94.0,Overstock,0.0
22618,COOKING SET RETROSPOT,696,3.0933333333333333,6609.839999999999,138,14,22.0,65.0,Overstock,0.0
22619, SET Of 6 SOLDIER SKITTLES,16,5.333333333333333,60.0,209,10,37.0,90.0,Overstock,0.0
22619,SET OF 6 SOLDIER SKITTLES,3762,6.463917525773196,13950.85,274,14,45.0,135.0,Overstock,0.0
22620,4 TRADITIONAL SPINNING TOPS,7559,11.298953662182361,9763.68,285,9,79.0,181.0,Healthy,0.0
22621,TRADITIONAL KNITTING NANCY,8365,11.365489130434783,12780.57,168,9,80.0,182.0,Reorder,14.0
22622,BOX OF VINTAGE ALPHABET BLOCKS,2833,5.511673151750973,27251.26,183,7,39.0,78.0,Overstock,0.0
22623,BOX OF VINTAGE JIGSAW BLOCKS ,2195,4.372509960159363,11129.42,159,4,31.0,48.0,Overstock,0.0
22624,IVORY KITCHEN SCALES,2916,2.7354596622889304,24137.48,277,13,19.0,55.0,Overstock,0.0
22625,RED KITCHEN SCALES,2360,3.021766965428937,19149.63,288,8,21.0,45.0,Overstock,0.0
22626,BLACK KITCHEN SCALES,802,2.6295081967213116,6619.43,200,12,18.0,50.0,Overstock,0.0
22627,MINT KITCHEN SCALES,1476,2.6404293381037567,12219.99,179,5,18.0,31.0,Overstock,0.0
22628,PICNIC BOXES SET OF 3 RETROSPOT ,1515,6.035856573705179,7051.25,245,6,42.0,78.0,Overstock,0.0
22629,SPACEBOY LUNCH BOX ,20271,18.115281501340483,36150.99,30,12,127.0,344.0,Reorder,314.0
22630,DOLLY GIRL LUNCH BOX,17340,17.134387351778656,30921.64,29,14,120.0,360.0,Reorder,331.0
22631,CIRCUS PARADE LUNCH BOX ,5871,12.386075949367088,10791.83,290,13,87.0,248.0,Healthy,0.0
22631,CIRCUS PARADE LUNCHBOX ,1,1.0,1.95,292,4,7.0,11.0,Overstock,0.0
22632,HAND WARMER RED POLKA DOT,2592,56.34782608695652,4876.2,202,4,394.0,619.0,Reorder,417.0
22632,HAND WARMER RED RETROSPOT,7578,10.841201716738198,15272.520000000002,172,14,76.0,228.0,Reorder,56.0
22633,HAND WARMER UNION JACK,8364,10.064981949458483,16857.36,143,10,70.0,171.0,Reorder,28.0
22634,CHILDS BREAKFAST SET SPACEBOY ,1627,3.4914163090128754,15021.4,133,10,24.0,59.0,Overstock,0.0
22635,CHILDS BREAKFAST SET DOLLY GIRL ,1598,3.5353982300884956,14787.949999999999,297,12,25.0,67.0,Overstock,0.0
22636,CHILDS BREAKFAST SET CIRCUS PARADE,1565,3.3801295896328294,12716.380000000001,232,8,24.0,51.0,Overstock,0.0
22637,PIGGY BANK RETROSPOT ,4278,8.607645875251508,10377.02,191,7,60.0,120.0,Healthy,0.0
22638,SET OF 4 NAPKIN CHARMS CROWNS ,357,6.0508474576271185,640.12,193,10,42.0,103.0,Healthy,0.0
22639,SET OF 4 NAPKIN CHARMS HEARTS,1598,6.291338582677166,3776.22,132,6,44.0,82.0,Healthy,0.0
22640,SET OF 4 NAPKIN CHARMS 3 KEYS ,298,4.257142857142857,629.8199999999999,141,13,30.0,85.0,Healthy,0.0
22641,SET OF 4 NAPKIN CHARMS INSTRUMENT,255,5.0,576.17,51,6,35.0,65.0,Reorder,14.0
22641,SET OF 4 NAPKIN CHARMS INSTUMENT   ,12,6.0,30.599999999999998,241,7,42.0,84.0,Overstock,0.0
22642,SET OF 4 NAPKIN CHARMS STARS   ,959,7.103703703703704,2230.7,138,3,50.0,71.0,Healthy,0.0
22643,SET OF 4 NAPKIN CHARMS LEAVES   ,405,5.328947368421052,882.99,58,3,37.0,53.0,Healthy,0.0
22644,CERAMIC CHERRY CAKE MONEY BANK,4583,9.77185501066098,6016.429999999999,287,4,68.0,107.0,Overstock,0.0
22645,CERAMIC HEART CAKE MONEY BANK,120,24.0,159.6,252,10,168.0,408.0,Reorder,156.0
22645,CERAMIC HEART FAIRY CAKE MONEY BANK,4563,8.236462093862816,6241.69,37,9,58.0,132.0,Reorder,95.0
22646,CERAMIC STRAWBERRY CAKE MONEY BANK,8514,12.025423728813559,11187.26,168,12,84.0,228.0,Reorder,60.0
22647,CERAMIC LOVE HEART MONEY BANK,1042,15.323529411764707,866.5,168,11,107.0,276.0,Reorder,108.0
22649,STRAWBERRY CAKE TEAPOT,16,4.0,79.2,145,7,28.0,56.0,Overstock,0.0
22649,STRAWBERRY FAIRY CAKE TEAPOT,2203,5.2829736211031175,10577.95,257,4,37.0,58.0,Overstock,0.0
22650,CERAMIC PIRATE CHEST MONEY BANK,1689,7.573991031390134,2403.45,154,9,53.0,121.0,Healthy,0.0
22651,GENTLEMAN SHIRT REPAIR KIT ,2923,19.230263157894736,2356.6299999999997,170,10,135.0,327.0,Reorder,157.0
22652,TRAVEL SEWING KIT,9353,12.829903978052126,14859.81,255,14,90.0,270.0,Reorder,15.0
22653,BUTTON BOX ,2198,9.393162393162394,4158.36,243,9,66.0,151.0,Healthy,0.0
22654,DELUXE SEWING KIT ,2045,4.6058558558558556,11611.27,222,9,32.0,73.0,Overstock,0.0
22655,VINTAGE RED KITCHEN CABINET,75,1.4423076923076923,12550.0,275,14,10.0,30.0,Overstock,0.0
22656,VINTAGE BLUE KITCHEN CABINET,45,1.2162162162162162,9290.0,105,7,9.0,18.0,Overstock,0.0
22657,HEN & 2 CHICKS IN BASKET,59,8.428571428571429,50.15,169,4,59.0,93.0,Healthy,0.0
22659,LUNCH BOX I LOVE LONDON,15156,19.331632653061224,26596.719999999998,254,8,135.0,290.0,Reorder,36.0
22659,LUNCHBOX I LOVE LONDON,1,1.0,1.95,41,6,7.0,13.0,Overstock,0.0
22660,DOORMAT I LOVE LONDON,831,5.614864864864865,5136.67,288,12,39.0,106.0,Overstock,0.0
22661,CHARLOTTE BAG DOLLY GIRL DESIGN,8034,14.795580110497237,6365.84,277,4,104.0,163.0,Healthy,0.0
22662,LUNCH BAG DOLLY GIRL DESIGN,9715,11.002265005662514,15305.19,48,14,77.0,231.0,Reorder,183.0
22663,JUMBO BAG DOLLY GIRL DESIGN,5367,10.184060721062618,10206.78,232,11,71.0,183.0,Healthy,0.0
22664,TOY TIDY DOLLY GIRL DESIGN,1304,7.325842696629214,2474.38,69,9,51.0,117.0,Reorder,48.0
22665,RECIPE BOX BLUE SKETCHBOOK DESIGN,2535,4.960861056751468,7172.81,114,8,35.0,75.0,Healthy,0.0
22666,RECIPE BOX PANTRY YELLOW DESIGN,9600,7.436096049573973,27222.52,107,14,52.0,156.0,Reorder,49.0
22667,RECIPE BOX RETRO SPOT DESIGN,952,5.409090909090909,2674.0000000000005,63,7,38.0,76.0,Reorder,13.0
22667,RECIPE BOX RETROSPOT ,3841,5.873088685015291,10702.150000000001,297,5,41.0,70.0,Overstock,0.0
22668,PINK BABY BUNTING,3290,8.63517060367454,9236.86,190,14,60.0,181.0,Healthy,0.0
22669,RED BABY BUNTING ,2165,6.42433234421365,6266.75,208,12,45.0,122.0,Healthy,0.0
22670,FRENCH WC SIGN BLUE METAL,4283,13.301242236024844,5136.36,203,12,93.0,253.0,Reorder,50.0
22671,FRENCH LAUNDRY SIGN BLUE METAL,1618,8.471204188481675,2599.4599999999996,22,6,59.0,110.0,Reorder,88.0
22672,FRENCH BATHROOM SIGN BLUE METAL,2723,8.957236842105264,4382.669999999999,210,5,63.0,108.0,Healthy,0.0
22673,FRENCH GARDEN SIGN BLUE METAL,1280,7.57396449704142,1577.34,137,14,53.0,159.0,Reorder,22.0
22674,FRENCH TOILET SIGN BLUE METAL,2267,9.215447154471544,2741.48,38,13,65.0,185.0,Reorder,147.0
22675,FRENCH KITCHEN SIGN BLUE METAL,2146,9.37117903930131,2599.91,42,10,66.0,160.0,Reorder,118.0
22676,FRENCH BLUE METAL DOOR SIGN 1,1119,7.266233766233766,1402.39,49,5,51.0,87.0,Reorder,38.0
22676,"FRENCH BLUE METAL DOOR SIGN, 1",560,8.235294117647058,700.0,127,9,58.0,132.0,Reorder,5.0
22677,FRENCH BLUE METAL DOOR SIGN 2,942,7.596774193548387,1177.51,147,9,53.0,121.0,Healthy,0.0
22677,"FRENCH BLUE METAL DOOR SIGN, 2",493,7.584615384615384,616.25,248,9,53.0,121.0,Overstock,0.0
22678,FRENCH BLUE METAL DOOR SIGN 3,799,7.070796460176991,1001.18,130,9,49.0,113.0,Healthy,0.0
22678,"FRENCH BLUE METAL DOOR SIGN, 3",486,8.23728813559322,607.5,155,4,58.0,91.0,Healthy,0.0
22679,FRENCH BLUE METAL DOOR SIGN 4,695,6.813725490196078,870.57,205,12,48.0,130.0,Healthy,0.0
22679,"FRENCH BLUE METAL DOOR SIGN, 4",459,8.5,573.75,163,5,60.0,102.0,Healthy,0.0
22680,FRENCH BLUE METAL DOOR SIGN 5,775,7.110091743119266,969.97,91,12,50.0,135.0,Reorder,44.0
22680,"FRENCH BLUE METAL DOOR SIGN, 5",465,8.303571428571429,581.25,148,11,58.0,149.0,Reorder,1.0
22681,FRENCH BLUE METAL DOOR SIGN 6,652,7.409090909090909,816.82,280,5,52.0,89.0,Overstock,0.0
22681,"FRENCH BLUE METAL DOOR SIGN, 6",420,8.936170212765957,525.0,22,4,63.0,99.0,Reorder,77.0
22682,FRENCH BLUE METAL DOOR SIGN 7,658,7.651162790697675,823.11,123,11,54.0,138.0,Reorder,15.0
22682,"FRENCH BLUE METAL DOOR SIGN, 7",438,8.264150943396226,547.5,243,12,58.0,157.0,Healthy,0.0
22683,FRENCH BLUE METAL DOOR SIGN 8,598,7.204819277108434,749.32,29,11,50.0,129.0,Reorder,100.0
22683,"FRENCH BLUE METAL DOOR SIGN, 8",447,8.127272727272727,558.75,250,6,57.0,106.0,Overstock,0.0
22684,FRENCH BLUE METAL DOOR SIGN 9,489,7.409090909090909,610.65,238,14,52.0,156.0,Healthy,0.0
22684,"FRENCH BLUE METAL DOOR SIGN, 9",442,8.84,552.5,85,11,62.0,159.0,Reorder,74.0
22685,FRENCH BLUE METAL DOOR SIGN 0,567,7.662162162162162,708.15,131,5,54.0,92.0,Healthy,0.0
22685,"FRENCH BLUE METAL DOOR SIGN, 0",460,8.518518518518519,575.0,32,9,60.0,137.0,Reorder,105.0
22686,FRENCH BLUE METAL DOOR SIGN No,909,11.222222222222221,1059.7,105,9,79.0,180.0,Reorder,75.0
22686,"FRENCH BLUE METAL DOOR SIGN, No",337,9.628571428571428,421.25,253,13,67.0,192.0,Healthy,0.0
22687,DOORMAT CHRISTMAS VILLAGE,837,7.407079646017699,4966.929999999999,109,10,52.0,126.0,Reorder,17.0
22688,DOORMAT PEACE ON EARTH BLUE,856,10.070588235294117,4621.360000000001,73,12,70.0,191.0,Reorder,118.0
22689,DOORMAT MERRY CHRISTMAS RED ,1004,4.735849056603773,7171.64,31,6,33.0,61.0,Reorder,30.0
22690,DOORMAT HOME SWEET HOME BLUE ,2493,6.201492537313433,15329.57,228,5,43.0,74.0,Overstock,0.0
22691,DOORMAT WELCOME SUNRISE,718,3.9450549450549453,4602.26,33,5,28.0,48.0,Reorder,15.0
22692,DOORMAT WELCOME TO OUR HOME,1935,4.206521739130435,13103.81,140,14,29.0,88.0,Healthy,0.0
22693,GROW A FLYTRAP OR SUNFLOWER IN TIN,17242,61.141843971631204,18798.98,39,7,428.0,856.0,Reorder,817.0
22694,WICKER STAR ,4428,6.065753424657534,9115.800000000001,94,13,42.0,121.0,Reorder,27.0
22695,WICKER WREATH SMALL,1378,7.291005291005291,1822.02,262,3,51.0,73.0,Overstock,0.0
22696,WICKER WREATH LARGE,1360,5.396825396825397,2577.2599999999998,242,12,38.0,103.0,Overstock,0.0
22697,GREEN REGENCY TEACUP AND SAUCER,8500,8.994708994708995,23507.24,89,5,63.0,108.0,Reorder,19.0
22697,TEACUP AND SAUCER REGENCY GREEN,174,13.384615384615385,472.5,230,8,94.0,201.0,Healthy,0.0
22698,PINK REGENCY TEACUP AND SAUCER,7408,9.864181091877496,20329.64,120,5,69.0,118.0,Healthy,0.0
22698,TEACUP AND SAUCER REGENCY PINK,144,16.0,384.0,205,7,112.0,224.0,Reorder,19.0
22699,ROSES REGENCY TEACUP AND SAUCER ,11939,11.168381665107578,32470.65,151,11,78.0,201.0,Reorder,50.0
22699,TEACUP AND SAUCER REGENCY ROSES,210,15.0,566.7,130,4,105.0,165.0,Reorder,35.0
22700,BLACK AND WHITE DOG BOWL,1377,14.967391304347826,3114.27,151,13,105.0,300.0,Reorder,149.0
22701,PINK DOG BOWL,552,6.344827586206897,954.7800000000001,39,4,44.0,69.0,Reorder,30.0
22702,BLACK AND WHITE CAT BOWL,1573,18.951807228915662,3097.7999999999997,43,14,133.0,398.0,Reorder,355.0
22703,PINK CAT BOWL,310,4.1891891891891895,547.9200000000001,246,8,29.0,63.0,Overstock,0.0
22704,WRAP RED APPLES ,8650,29.522184300341298,3553.0,173,8,207.0,443.0,Reorder,270.0
22705,WRAP GREEN PEARS ,3700,25.170068027210885,1554.0,249,13,176.0,503.0,Reorder,254.0
22706,WRAP COWBOYS  ,4215,34.26829268292683,1690.3,221,13,240.0,685.0,Reorder,464.0
22707,WRAP MONSTER FUN ,2150,26.54320987654321,903.0,57,10,186.0,451.0,Reorder,394.0
22708,WRAP DOLLY GIRL,5300,33.54430379746835,2130.0,279,14,235.0,705.0,Reorder,426.0
22709,WRAP WEDDING DAY,2775,36.51315789473684,1089.5,207,13,256.0,731.0,Reorder,524.0
22710,WRAP I LOVE LONDON ,7104,42.285714285714285,2787.68,76,4,296.0,465.0,Reorder,389.0
22711,WRAP CIRCUS PARADE,5302,29.786516853932586,2178.84,39,11,209.0,537.0,Reorder,498.0
22712,CARD DOLLY GIRL ,7009,20.315942028985507,2777.73,292,4,142.0,223.0,Healthy,0.0
22713,CARD I LOVE LONDON ,5625,23.3402489626556,2214.2799999999997,138,3,163.0,233.0,Reorder,95.0
22714,CARD BIRTHDAY COWBOY,5097,20.14624505928854,2016.93,90,12,141.0,383.0,Reorder,293.0
22715,CARD WEDDING DAY,2646,15.75,1081.08,23,4,110.0,173.0,Reorder,150.0
22716,CARD CIRCUS PARADE,5020,14.72140762463343,2066.43,240,14,103.0,309.0,Reorder,69.0
22717,CARD DOG AND BALL ,2322,15.276315789473685,949.32,33,9,107.0,244.0,Reorder,211.0
22718,CARD CAT AND TREE ,2460,14.470588235294118,1020.24,22,10,101.0,246.0,Reorder,224.0
22719,"GUMBALL COATHOOK., BLACK & WHITE ",20,4.0,25.0,235,7,28.0,56.0,Overstock,0.0
22719,GUMBALL MONOCHROME COAT RACK,1195,11.273584905660377,1345.5500000000002,248,8,79.0,169.0,Healthy,0.0
22720,SET OF 3 CAKE TINS PANTRY DESIGN ,7010,6.085069444444445,33298.3,205,14,43.0,128.0,Healthy,0.0
22721,SET OF 3 CAKE TINS SKETCHBOOK,908,3.6761133603238867,3942.82,74,3,26.0,37.0,Healthy,0.0
22722,SET OF 6 SPICE TINS PANTRY DESIGN,5366,8.081325301204819,20506.300000000003,273,8,57.0,122.0,Overstock,0.0
22723,SET OF 6 HERB TINS SKETCHBOOK,1054,4.428571428571429,3686.1400000000003,43,14,31.0,93.0,Reorder,50.0
22725,ALARM CLOCK BAKELIKE CHOCOLATE,2266,5.356973995271868,8367.84,181,10,37.0,91.0,Healthy,0.0
22726,ALARM CLOCK BAKELIKE GREEN,6713,6.3811787072243344,24898.96,177,5,45.0,77.0,Overstock,0.0
22727,ALARM CLOCK BAKELIKE RED ,8512,7.337931034482758,30703.09,101,13,51.0,146.0,Reorder,45.0
22728,ALARM CLOCK BAKELIKE PINK,5833,7.468629961587708,21369.98,178,3,52.0,74.0,Overstock,0.0
22729,ALARM CLOCK BAKELIKE ORANGE,2797,5.527667984189724,10300.44,207,13,39.0,111.0,Healthy,0.0
22730,ALARM CLOCK BAKELIKE IVORY,3451,5.575121163166397,12951.5,79,6,39.0,72.0,Healthy,0.0
22731,3D CHRISTMAS STAMPS STICKERS ,1756,10.209302325581396,2192.68,230,3,71.0,102.0,Overstock,0.0
22731,3D STICKERS CHRISTMAS STAMPS,940,27.647058823529413,1137.0,171,10,194.0,470.0,Reorder,299.0
22732,3D STICKERS VINTAGE CHRISTMAS,1060,27.894736842105264,1268.0,128,7,195.0,390.0,Reorder,262.0
22732,3D VINTAGE CHRISTMAS STICKERS ,2407,11.516746411483254,2995.59,95,3,81.0,116.0,Reorder,21.0
22733,3D STICKERS TRADITIONAL CHRISTMAS ,980,27.22222222222222,1187.0,49,10,191.0,463.0,Reorder,414.0
22733,3D TRADITIONAL CHRISTMAS STICKERS,2296,10.342342342342342,2893.04,136,11,72.0,186.0,Reorder,50.0
22734,SET OF 6 RIBBONS VINTAGE CHRISTMAS,8849,14.36525974025974,21490.17,211,12,101.0,273.0,Reorder,62.0
22735,RIBBON REEL SOCKS AND MITTENS,1318,8.186335403726709,2146.38,38,4,57.0,90.0,Reorder,52.0
22736,RIBBON REEL MAKING SNOWMEN ,2274,7.708474576271186,3735.2599999999998,192,11,54.0,139.0,Healthy,0.0
22736,"RIBBON REEL, MAKING SNOWMEN ",60,12.0,99.0,247,10,84.0,204.0,Healthy,0.0
22737,RIBBON REEL CHRISTMAS PRESENT ,2998,7.766839378238342,4925.54,202,9,54.0,124.0,Healthy,0.0
22738,RIBBON REEL SNOWY VILLAGE,4012,11.365439093484419,6431.68,132,5,80.0,137.0,Reorder,5.0
22739,RIBBON REEL CHRISTMAS SOCK BAUBLE,2944,7.626943005181347,4893.84,202,4,53.0,84.0,Overstock,0.0
22739,"RIBBON REEL, XMAS SOCK/BAUBLE",700,15.217391304347826,1131.0,165,9,107.0,244.0,Reorder,79.0
22740,POLKA DOT PEN,1248,52.0,1060.8,135,7,364.0,728.0,Reorder,593.0
22740,POLKADOT PEN,11303,62.794444444444444,9276.83,132,8,440.0,942.0,Reorder,810.0
22740,POLKADOT PENS,48,48.0,40.8,270,6,336.0,624.0,Reorder,354.0
22741,FUNKY DIVA PEN,10297,52.535714285714285,8672.109999999999,270,4,368.0,578.0,Reorder,308.0
22742,MAKE YOUR OWN PLAYTIME CARD KIT,960,5.889570552147239,2227.44,137,11,41.0,106.0,Healthy,0.0
22743,MAKE YOUR OWN FLOWERPOWER CARD KIT,1309,4.848148148148148,3334.51,180,5,34.0,58.0,Overstock,0.0
22744,MAKE YOUR OWN MONSOON CARD KIT,1391,5.370656370656371,3489.4900000000002,217,14,38.0,113.0,Healthy,0.0
22745,POPPY'S PLAYHOUSE BEDROOM ,3330,5.914742451154529,6820.150000000001,279,9,41.0,94.0,Overstock,0.0
22746,POPPY'S PLAYHOUSE LIVINGROOM ,2589,5.555793991416309,5292.02,167,10,39.0,95.0,Healthy,0.0
22747,POPPY'S PLAYHOUSE BATHROOM,1870,5.649546827794562,3789.0000000000005,259,4,40.0,63.0,Overstock,0.0
22748,POPPY'S PLAYHOUSE KITCHEN,3498,5.587859424920127,7192.01,66,8,39.0,84.0,Reorder,18.0
22749,FELTCRAFT PRINCESS CHARLOTTE DOLL,3407,5.390822784810126,12407.83,217,13,38.0,108.0,Overstock,0.0
22750,FELTCRAFT PRINCESS LOLA DOLL,3039,5.048172757475083,11094.51,66,10,35.0,85.0,Reorder,19.0
22751,FELTCRAFT PRINCESS OLIVIA DOLL,2195,5.251196172248804,7965.29,97,9,37.0,84.0,Healthy,0.0
22752,SET 7 BABUSHKA NESTING BOXES,3273,5.5948717948717945,25620.99,143,13,39.0,112.0,Healthy,0.0
22753,SMALL YELLOW BABUSHKA NOTEBOOK ,2176,6.476190476190476,1662.09,94,5,45.0,77.0,Healthy,0.0
22754,SMALL RED BABUSHKA NOTEBOOK ,3671,9.609947643979057,2635.81,156,3,67.0,96.0,Healthy,0.0
22755,SMALL PURPLE BABUSHKA NOTEBOOK ,3543,8.791563275434243,2624.6,109,8,62.0,132.0,Reorder,23.0
22756,LARGE YELLOW BABUSHKA NOTEBOOK ,1127,6.5523255813953485,1231.21,80,10,46.0,112.0,Reorder,32.0
22757,LARGE RED BABUSHKA NOTEBOOK ,2532,11.20353982300885,2703.73,157,8,78.0,168.0,Reorder,11.0
22758,LARGE PURPLE BABUSHKA NOTEBOOK  ,2292,10.232142857142858,2299.64,69,7,72.0,144.0,Reorder,75.0
22759,SET OF 3 NOTEBOOKS IN PARCEL,8860,13.63076923076923,14138.399999999998,278,13,95.0,272.0,Healthy,0.0
22760,"TRAY, BREAKFAST IN BED",337,3.2718446601941746,4041.1499999999996,126,14,23.0,69.0,Healthy,0.0
22761,CHEST 7 DRAWER MA CAMPAGNE,45,1.4516129032258065,1083.75,132,10,10.0,25.0,Overstock,0.0
22762,CUPBOARD 3 DRAWER MA CAMPAGNE,177,1.6542056074766356,2531.75,273,4,12.0,19.0,Overstock,0.0
22763,KEY CABINET MA CAMPAGNE,645,5.420168067226891,5089.59,137,14,38.0,114.0,Healthy,0.0
22764,"RUSTIC WOODEN CABINET, GLASS DOORS",181,7.541666666666667,3362.5699999999997,217,3,53.0,76.0,Overstock,0.0
22765,NEWSPAPER STAND,300,7.142857142857143,3210.3,70,3,50.0,71.0,Reorder,1.0
22766,PHOTO FRAME CORNICE,4246,7.27054794520548,12280.18,264,6,51.0,95.0,Overstock,0.0
22767,TRIPLE PHOTO FRAME CORNICE ,977,3.4892857142857143,9035.63,54,8,24.0,52.0,Healthy,0.0
22768,FAMILY PHOTO FRAME CORNICE,1114,3.470404984423676,10310.189999999999,88,11,24.0,62.0,Healthy,0.0
22769,CHALKBOARD KITCHEN ORGANISER,164,4.685714285714286,3198.8,68,3,33.0,47.0,Healthy,0.0
22770,MIRROR CORNICE,100,1.5873015873015872,1477.3999999999999,93,14,11.0,33.0,Overstock,0.0
22771,CLEAR DRAWER KNOB ACRYLIC EDWARDIAN,6547,16.787179487179486,7917.11,211,3,118.0,168.0,Healthy,0.0
22771,DRAWER KNOB ACRYLIC EDWARDIAN CLEAR,24,24.0,30.0,280,7,168.0,336.0,Reorder,56.0
22772,DRAWER KNOB ACRYLIC EDWARDIAN PINK,24,24.0,30.0,89,12,168.0,456.0,Reorder,367.0
22772,PINK DRAWER KNOB ACRYLIC EDWARDIAN,3776,17.64485981308411,4466.91,109,7,124.0,248.0,Reorder,139.0
22773,DRAWER KNOB ACRYLIC EDWARDIAN GREEN,24,24.0,30.0,279,7,168.0,336.0,Reorder,57.0
22773,GREEN DRAWER KNOB ACRYLIC EDWARDIAN,2106,12.10344827586207,2561.46,145,12,85.0,230.0,Reorder,85.0
22774,RED DRAWER KNOB ACRYLIC EDWARDIAN,2483,18.25735294117647,2918.71,250,8,128.0,274.0,Reorder,24.0
22775,DRAWERKNOB ACRYLIC EDWARDIAN PURPLE,24,24.0,30.0,148,10,168.0,408.0,Reorder,260.0
22775,PURPLE DRAWERKNOB ACRYLIC EDWARDIAN,2949,15.686170212765957,3590.06,299,5,110.0,188.0,Healthy,0.0
22776,"CAKESTAND, 3 TIER, LOVEHEART",46,6.571428571428571,405.5,119,11,46.0,118.0,Healthy,0.0
22776,SWEETHEART 3 TIER CAKE STAND ,222,1.8048780487804879,2174.1,201,3,13.0,18.0,Overstock,0.0
22776,SWEETHEART CAKESTAND 3 TIER,1292,2.772532188841202,12130.4,193,6,19.0,36.0,Overstock,0.0
22777,GLASS BELL JAR LARGE,2,2.0,17.0,207,11,14.0,36.0,Overstock,0.0
22777,GLASS CLOCHE LARGE,420,5.6,3324.3500000000004,76,10,39.0,95.0,Reorder,19.0
22778,GLASS BELL JAR SMALL,4,4.0,15.8,50,12,28.0,76.0,Reorder,26.0
22778,GLASS CLOCHE SMALL,890,5.973154362416107,3255.66,103,11,42.0,108.0,Reorder,5.0
22779,WOODEN OWLS LIGHT GARLAND ,1730,8.917525773195877,6610.1,171,3,62.0,89.0,Healthy,0.0
22780,LIGHT GARLAND BUTTERFILES PINK,1617,9.033519553072626,6142.09,55,11,63.0,162.0,Reorder,107.0
22781,GUMBALL MAGAZINE RACK,768,3.398230088495575,5633.54,232,5,24.0,41.0,Overstock,0.0
22782,SET 3 WICKER STORAGE BASKETS ,254,3.0238095238095237,3712.2999999999997,125,13,21.0,60.0,Overstock,0.0
22783,SET 3 WICKER OVAL BASKETS W LIDS,481,10.931818181818182,6277.17,239,14,77.0,230.0,Healthy,0.0
22784,LANTERN CREAM GAZEBO ,1474,4.507645259938838,6932.820000000001,182,12,32.0,86.0,Overstock,0.0
22785,CUSHION COVER PINK UNION FLAG,101,4.590909090909091,643.35,239,11,32.0,82.0,Overstock,0.0
22785,SQUARECUSHION COVER PINK UNION FLAG,108,2.4545454545454546,725.8,289,3,17.0,24.0,Overstock,0.0
22785,SQUARECUSHION COVER PINK UNION JACK,150,5.172413793103448,382.14,139,3,36.0,52.0,Overstock,0.0
22786,CUSHION COVER PINK UNION JACK,163,2.716666666666667,903.89,201,11,19.0,49.0,Overstock,0.0
22786,PILLOWCUSHION COVER PINK UNION JACK,51,3.0,303.45,125,13,21.0,60.0,Overstock,0.0
22788,BROCANTE COAT RACK,459,6.75,3609.95,236,8,47.0,101.0,Overstock,0.0
22789,T-LIGHT HOLDER SWEETHEART HANGING,1201,6.5271739130434785,2292.09,224,6,46.0,85.0,Overstock,0.0
22790,"MIRROR, ARCHED GEORGIAN",200,200.0,3884.0000000000005,89,9,1400.0,3200.0,Reorder,3111.0
22791,T-LIGHT GLASS FLUTED ANTIQUE,8698,26.12012012012012,9985.630000000001,63,7,183.0,366.0,Reorder,303.0
22792,FLUTED ANTIQUE CANDLE HOLDER,2951,17.257309941520468,2421.25,247,12,121.0,328.0,Reorder,81.0
22794,SWEETHEART WIRE MAGAZINE RACK,362,1.9781420765027322,2851.5,203,9,14.0,32.0,Overstock,0.0
22795,SWEETHEART RECIPE BOOK STAND,1465,3.6083743842364533,9465.55,126,10,25.0,61.0,Overstock,0.0
22796,PHOTO FRAME 3 CLASSIC HANGING,771,2.613559322033898,7484.4,103,10,18.0,44.0,Overstock,0.0
22797,CHEST OF DRAWERS GINGHAM HEART ,222,1.776,3711.24,269,3,12.0,17.0,Overstock,0.0
22798,ANTIQUE GLASS DRESSING TABLE POT,2172,8.418604651162791,6228.360000000001,40,10,59.0,143.0,Reorder,103.0
22799,SWEETHEART WIRE FRUIT BOWL,241,2.5104166666666665,1853.1000000000001,215,8,18.0,38.0,Overstock,0.0
22800,ANTIQUE TALL SWIRLGLASS TRINKET POT,1003,5.306878306878307,3709.63,197,6,37.0,69.0,Overstock,0.0
22801,ANTIQUE GLASS PEDESTAL BOWL,1144,4.909871244635193,4175.85,26,14,34.0,103.0,Reorder,77.0
22802,FAUX FUR CHOCOLATE THROW,86,1.8695652173913044,1454.7,89,10,13.0,32.0,Overstock,0.0
22803,IVORY EMBROIDERED QUILT ,51,1.7,1915.65,146,5,12.0,20.0,Overstock,0.0
22804,CANDLEHOLDER PINK HANGING HEART,4069,7.6773584905660375,11400.75,179,6,54.0,100.0,Healthy,0.0
22804,PINK HANGING HEART T-LIGHT HOLDER,823,12.469696969696969,1476.13,267,8,87.0,187.0,Healthy,0.0
22805,BLUE DRAWER KNOB ACRYLIC EDWARDIAN,1848,12.486486486486486,2266.68,222,13,87.0,249.0,Reorder,27.0
22806,SET OF 6 T-LIGHTS WEDDING CAKE ,410,9.11111111111111,1049.9,167,9,64.0,146.0,Healthy,0.0
22807,SET OF 6 T-LIGHTS TOADSTOOLS,1192,6.340425531914893,3257.0400000000004,162,6,44.0,82.0,Healthy,0.0
22808,SET OF 6 T-LIGHTS EASTER CHICKS,394,6.459016393442623,1098.9,218,6,45.0,84.0,Overstock,0.0
22809,SET OF 6 T-LIGHTS SANTA,2452,7.430303030303031,7053.76,173,9,52.0,119.0,Healthy,0.0
22810,SET OF 6 T-LIGHTS SNOWMEN,2079,7.320422535211268,6088.13,161,8,51.0,110.0,Healthy,0.0
22811,SET OF 6 T-LIGHTS CACTI ,891,12.728571428571428,2310.93,184,13,89.0,254.0,Reorder,70.0
22812,PACK 3 BOXES CHRISTMAS PANETTONE,39,3.25,95.67,40,10,23.0,56.0,Reorder,16.0
22812,PACK 3 BOXES CHRISTMAS PANNETONE,4286,12.28080229226361,8066.599999999999,101,3,86.0,123.0,Reorder,22.0
22813,PACK 3 BOXES BIRD PANETTONE ,177,12.642857142857142,340.33,88,12,88.0,240.0,Reorder,152.0
22813,PACK 3 BOXES BIRD PANNETONE ,3613,12.857651245551601,6735.95,150,13,90.0,257.0,Reorder,107.0
22814,CARD PARTY GAMES ,2126,15.748148148148148,858.36,106,9,110.0,252.0,Reorder,146.0
22815,CARD PSYCHEDELIC APPLES,2566,15.55151515151515,1060.44,237,14,109.0,327.0,Reorder,90.0
22816,CARD MOTORBIKE SANTA,5948,19.760797342192692,2438.4,180,9,138.0,316.0,Reorder,136.0
22817,CARD SUKI BIRTHDAY,2578,15.254437869822485,1056.84,197,13,107.0,305.0,Reorder,108.0
22818,CARD CHRISTMAS VILLAGE,5574,19.354166666666668,2319.48,136,9,135.0,309.0,Reorder,173.0
22819,"BIRTHDAY CARD, RETRO SPOT",2568,15.285714285714286,1052.64,215,9,107.0,245.0,Reorder,30.0
22820,GIFT BAG BIRTHDAY,1172,15.220779220779221,761.98,105,12,107.0,290.0,Reorder,185.0
22821,GIFT BAG PSYCHEDELIC APPLES,1300,12.62135922330097,845.3600000000001,100,12,88.0,239.0,Reorder,139.0
22822,CREAM WALL PLANTER HEART SHAPED,562,3.3254437869822486,3169.41,171,10,23.0,56.0,Overstock,0.0
22823,CHEST NATURAL WOOD 20 DRAWERS,32,1.7777777777777777,3655.0,80,11,12.0,32.0,Overstock,0.0
22824,3 TIER SWEETHEART GARDEN SHELF,61,1.2708333333333333,2153.9500000000003,80,11,9.0,23.0,Overstock,0.0
22825,DECORATIVE PLANT POT WITH FRIEZE,96,2.823529411764706,751.2,47,4,20.0,31.0,Healthy,0.0
22826,LOVE SEAT ANTIQUE WHITE METAL,58,1.4146341463414633,6210.0,62,9,10.0,23.0,Overstock,0.0
22827,GIANT SEVENTEEN DRAWER SIDEBOARD,8,1.3333333333333333,1240.0,188,9,9.0,21.0,Overstock,0.0
22827,RUSTIC  SEVENTEEN DRAWER SIDEBOARD,38,1.3103448275862069,5910.0,105,6,9.0,17.0,Overstock,0.0
22828,REGENCY MIRROR WITH SHUTTERS,17,1.5454545454545454,2565.0,196,11,11.0,28.0,Overstock,0.0
22829,BROCANTE SHELF WITH HOOKS,1,1.0,9.95,36,10,7.0,17.0,Overstock,0.0
22829,SWEETHEART WIRE WALL TIDY,223,2.1650485436893203,2146.35,117,14,15.0,45.0,Overstock,0.0
22830,UTILTY CABINET WITH HOOKS,178,11.125,3623.2000000000003,217,3,78.0,111.0,Healthy,0.0
22831,WHITE BROCANTE SOAP DISH,751,6.258333333333334,2157.8500000000004,117,4,44.0,69.0,Healthy,0.0
22832,BROCANTE SHELF WITH HOOKS,165,2.22972972972973,1752.95,84,4,16.0,25.0,Overstock,0.0
22832,SWEETHEART WIRE WALL TIDY,12,4.0,122.6,24,14,28.0,84.0,Reorder,60.0
22833,HALL CABINET WITH 3 DRAWERS,118,10.727272727272727,4013.59,21,14,75.0,225.0,Reorder,204.0
22834,HAND WARMER BABUSHKA DESIGN,6378,12.884848484848485,9747.83,41,13,90.0,258.0,Reorder,217.0
22834,MINI HAND WARMER BABUSHKA DESIGN,108,21.6,214.8,131,10,151.0,367.0,Reorder,236.0
22835,HOT WATER BOTTLE I AM SO POORLY,4638,5.669926650366748,21398.280000000002,76,3,40.0,57.0,Healthy,0.0
22837,HOT WATER BOTTLE BABUSHKA ,3093,8.615598885793872,13807.25,85,6,60.0,112.0,Reorder,27.0
22837,HOT WATER BOTTLE BABUSHKA LARGE,136,9.714285714285714,618.0,117,12,68.0,185.0,Reorder,68.0
22838,3 TIER CAKE TIN RED AND CREAM,844,3.8363636363636364,11467.38,163,14,27.0,81.0,Overstock,0.0
22838,"CAKE TIN, 3 TIER RED/IVORY",28,3.5,383.4,144,7,24.0,48.0,Overstock,0.0
22839,3 TIER CAKE TIN GREEN AND CREAM,476,2.572972972972973,6558.5599999999995,186,11,18.0,46.0,Overstock,0.0
22839,"CAKE TIN, 3 TIER MINT/IVORY",13,3.25,176.75,105,9,23.0,52.0,Overstock,0.0
22840,"CAKE TIN, ROUND, VINTAGE RED,CREAM",59,5.9,421.05,95,10,41.0,100.0,Reorder,5.0
22840,ROUND CAKE TIN VINTAGE RED,1233,3.3596730245231607,9211.630000000001,78,13,24.0,68.0,Healthy,0.0
22841,"CAKE TIN, ROUND, VINTAGE MINT,IVORY",27,6.75,190.65,157,11,47.0,121.0,Healthy,0.0
22841,ROUND CAKE TIN VINTAGE GREEN,724,2.5673758865248226,5501.08,118,9,18.0,41.0,Overstock,0.0
22842,BISCUIT TIN VINTAGE RED,761,3.572769953051643,4837.55,211,7,25.0,50.0,Overstock,0.0
22842,"BISCUIT TIN, RED,IVORY, VINTAGE",37,5.285714285714286,230.55,262,7,37.0,74.0,Overstock,0.0
22843,BISCUIT TIN VINTAGE GREEN,573,3.5153374233128836,3591.73,68,12,25.0,67.0,Healthy,0.0
22843,"BISCUIT TIN, MINT,IVORY, VINTAGE",1,1.0,6.75,51,13,7.0,20.0,Overstock,0.0
22844,"DOG FOOD CONTAINER , VINTAGE",10,3.3333333333333335,85.0,296,8,23.0,50.0,Overstock,0.0
22844,VINTAGE CREAM DOG FOOD CONTAINER,990,2.7653631284916202,8122.35,39,7,19.0,38.0,Healthy,0.0
22844,VINTAGE DOG FOOD CONTAINER,36,6.0,308.64,173,14,42.0,126.0,Healthy,0.0
22845,"CAT FOOD CONTAINER , VINTAGE",10,3.3333333333333335,63.49999999999999,87,13,23.0,66.0,Healthy,0.0
22845,VINTAGE CAT FOOD CONTAINER,34,6.8,218.14,233,11,48.0,123.0,Healthy,0.0
22845,VINTAGE CREAM CAT FOOD CONTAINER,831,2.875432525951557,4976.139999999999,162,5,20.0,34.0,Overstock,0.0
22846,BREAD BIN DINER STYLE RED ,771,2.495145631067961,11879.06,251,5,17.0,29.0,Overstock,0.0
22846,"BREAD BIN, DINER STYLE, RED ",3,1.5,50.849999999999994,232,9,10.0,24.0,Overstock,0.0
22847,BREAD BIN DINER STYLE IVORY,1049,2.4114942528735632,16335.789999999999,98,9,17.0,39.0,Overstock,0.0
22847,"BREAD BIN, DINER STYLE, IVORY",45,4.5,682.7499999999999,233,8,32.0,68.0,Overstock,0.0
22848,BREAD BIN DINER STYLE PINK,350,2.6923076923076925,5339.95,135,5,19.0,32.0,Overstock,0.0
22848,"BREAD BIN, DINER STYLE, PINK",8,2.6666666666666665,127.6,111,9,19.0,43.0,Overstock,0.0
22849,BREAD BIN DINER STYLE MINT,369,2.510204081632653,5676.3099999999995,289,7,18.0,36.0,Overstock,0.0
22849,"BREAD BIN, DINER STYLE, MINT",13,3.25,196.35,187,9,23.0,52.0,Overstock,0.0
22850,BREAD BIN DINER STYLE BLACK,8,4.0,123.6,77,4,28.0,44.0,Healthy,0.0
22851,SET 20 NAPKINS FAIRY CAKES DESIGN ,4992,10.852173913043478,3931.8599999999997,45,8,76.0,163.0,Reorder,118.0
22852,DOG BOWL VINTAGE CREAM,444,3.240875912408759,1878.42,85,10,23.0,55.0,Healthy,0.0
22852,"DOG BOWL, ENAMEL , CREAM COLOUR",8,4.0,34.0,267,3,28.0,40.0,Overstock,0.0
22852,ENAMEL DOG BOWL CREAM,76,25.333333333333332,300.48,273,6,177.0,329.0,Reorder,56.0
22853,CAT BOWL VINTAGE CREAM,536,4.357723577235772,1726.2,63,13,31.0,88.0,Reorder,25.0
22853,"CAT BOWL, ENAMEL , CREAM COLOUR",12,6.0,39.0,116,3,42.0,60.0,Healthy,0.0
22853,ENAMEL CAT BOWL CREAM,52,17.333333333333332,157.8,61,3,121.0,173.0,Reorder,112.0
22854,CREAM SWEETHEART EGG HOLDER,1093,5.013761467889908,5177.95,246,12,35.0,95.0,Overstock,0.0
22855,FINE WICKER HEART ,4612,13.177142857142858,5541.56,281,14,92.0,276.0,Healthy,0.0
22856,ASSORTED EASTER DECORATIONS  BELLS,872,32.2962962962963,980.5600000000001,186,13,226.0,646.0,Reorder,460.0
22857,ASSORTED EASTER GIFT TAGS,1226,19.774193548387096,1004.66,298,10,138.0,336.0,Reorder,38.0
22858,EASTER TIN KEEPSAKE,1086,9.610619469026549,1727.1,108,9,67.0,153.0,Reorder,45.0
22859,EASTER TIN BUNNY BOUQUET,1188,8.865671641791044,1895.3999999999999,197,14,62.0,186.0,Healthy,0.0
22860,EASTER TIN CHICKS PINK DAISY,580,6.590909090909091,956.9999999999999,216,12,46.0,125.0,Healthy,0.0
22861,EASTER TIN CHICKS IN GARDEN,292,7.684210526315789,481.79999999999995,286,3,54.0,77.0,Overstock,0.0
22862,LOVE HEART NAPKIN BOX ,708,3.786096256684492,2993.0,287,13,27.0,76.0,Overstock,0.0
22863,SOAP DISH BROCANTE,1070,7.181208053691275,3002.9,93,4,50.0,79.0,Healthy,0.0
22864,MUG AND COASTER SET RED CIRCLES,378,189.0,158.76,27,6,1323.0,2457.0,Reorder,2430.0
22865,HAND WARMER OWL DESIGN,13675,12.420526793823797,27514.63,183,3,87.0,124.0,Healthy,0.0
22866,HAND WARMER SCOTTY DOG DESIGN,11667,11.856707317073171,23436.660000000003,104,5,83.0,142.0,Reorder,38.0
22867,HAND WARMER BIRD DESIGN,11000,11.727078891257996,22168.33,91,10,82.0,199.0,Reorder,108.0
22868,NUMBER TILE COTTAGE GARDEN 0 ,55,4.583333333333333,107.25,74,10,32.0,78.0,Reorder,4.0
22868,"NUMBER TILE COTTAGE GARDEN, 0 ",56,28.0,109.19999999999999,66,10,196.0,476.0,Reorder,410.0
22869,NUMBER TILE COTTAGE GARDEN 1,70,3.5,136.5,257,8,24.0,52.0,Overstock,0.0
22869,"NUMBER TILE COTTAGE GARDEN, 1",63,9.0,122.85,123,8,63.0,135.0,Reorder,12.0
22870,NUMBER TILE COTTAGE GARDEN 2,69,3.8333333333333335,134.54999999999998,229,7,27.0,54.0,Overstock,0.0
22870,"NUMBER TILE COTTAGE GARDEN, 2",56,28.0,109.19999999999999,61,11,196.0,504.0,Reorder,443.0
22871,NUMBER TILE COTTAGE GARDEN 3 ,52,5.2,101.39999999999999,287,6,36.0,67.0,Overstock,0.0
22871,"NUMBER TILE COTTAGE GARDEN, 3 ",56,28.0,109.19999999999999,282,12,196.0,532.0,Reorder,250.0
22872,NUMBER TILE COTTAGE GARDEN 4,59,3.6875,115.05,278,14,26.0,78.0,Overstock,0.0
22872,"NUMBER TILE COTTAGE GARDEN, 4",56,28.0,109.19999999999999,133,14,196.0,588.0,Reorder,455.0
22873,NUMBER TILE COTTAGE GARDEN 5,50,3.3333333333333335,97.5,59,14,23.0,70.0,Reorder,11.0
22873,"NUMBER TILE COTTAGE GARDEN, 5",57,19.0,111.14999999999999,239,9,133.0,304.0,Reorder,65.0
22874,NUMBER TILE COTTAGE GARDEN 6,58,3.625,113.1,148,3,25.0,36.0,Overstock,0.0
22874,"NUMBER TILE COTTAGE GARDEN, 6",56,28.0,109.19999999999999,27,11,196.0,504.0,Reorder,477.0
22875,NUMBER TILE COTTAGE GARDEN 7,54,3.375,105.3,120,9,24.0,54.0,Overstock,0.0
22875,"NUMBER TILE COTTAGE GARDEN, 7",56,28.0,109.19999999999999,195,12,196.0,532.0,Reorder,337.0
22876,NUMBER TILE COTTAGE GARDEN 8,52,4.7272727272727275,101.39999999999999,126,14,33.0,99.0,Healthy,0.0
22876,"NUMBER TILE COTTAGE GARDEN, 8",56,28.0,109.19999999999999,120,11,196.0,504.0,Reorder,384.0
22877,NUMBER TILE COTTAGE GARDEN 9,60,3.75,117.0,279,9,26.0,60.0,Overstock,0.0
22877,"NUMBER TILE COTTAGE GARDEN, 9",58,14.5,113.1,265,4,102.0,160.0,Healthy,0.0
22878,NUMBER TILE COTTAGE GARDEN No,55,4.230769230769231,115.50000000000001,294,8,30.0,64.0,Overstock,0.0
22878,"NUMBER TILE COTTAGE GARDEN, No",43,14.333333333333334,90.3,51,12,100.0,272.0,Reorder,221.0
22879,NUMBER TILE VINTAGE FONT 0,63,7.0,71.29,156,14,49.0,147.0,Healthy,0.0
22879,"NUMBER TILE VINTAGE FONT, 0",8,8.0,17.36,31,13,56.0,160.0,Reorder,129.0
22880,NUMBER TILE VINTAGE FONT 1,73,5.615384615384615,90.78999999999999,35,6,39.0,73.0,Reorder,38.0
22880,"NUMBER TILE VINTAGE FONT, 1",8,8.0,17.36,148,5,56.0,96.0,Healthy,0.0
22881,NUMBER TILE VINTAGE FONT 2,81,5.785714285714286,106.39,82,4,40.0,63.0,Healthy,0.0
22881,"NUMBER TILE VINTAGE FONT, 2",8,8.0,17.36,128,8,56.0,120.0,Healthy,0.0
22882,NUMBER TILE VINTAGE FONT 3,91,3.64,125.89,40,10,25.0,61.0,Reorder,21.0
22882,"NUMBER TILE VINTAGE FONT, 3",8,8.0,17.36,177,8,56.0,120.0,Healthy,0.0
22883,NUMBER TILE VINTAGE FONT 4,78,7.090909090909091,100.53999999999999,288,11,50.0,128.0,Overstock,0.0
22883,"NUMBER TILE VINTAGE FONT, 4",8,8.0,17.36,181,7,56.0,112.0,Healthy,0.0
22884,NUMBER TILE VINTAGE FONT 5,78,4.333333333333333,100.53999999999999,279,4,30.0,47.0,Overstock,0.0
22884,"NUMBER TILE VINTAGE FONT, 5",8,8.0,17.36,121,10,56.0,136.0,Reorder,15.0
22885,NUMBER TILE VINTAGE FONT 6 ,85,5.3125,114.19,242,11,37.0,95.0,Overstock,0.0
22885,"NUMBER TILE VINTAGE FONT, 6 ",8,8.0,17.36,78,12,56.0,152.0,Reorder,74.0
22886,NUMBER TILE VINTAGE FONT 7,74,5.6923076923076925,92.74,266,6,40.0,74.0,Overstock,0.0
22886,"NUMBER TILE VINTAGE FONT, 7",8,8.0,17.36,147,8,56.0,120.0,Healthy,0.0
22887,NUMBER TILE VINTAGE FONT 8,70,5.384615384615385,84.94,44,13,38.0,108.0,Reorder,64.0
22887,"NUMBER TILE VINTAGE FONT, 8",8,8.0,17.36,150,12,56.0,152.0,Reorder,2.0
22888,NUMBER TILE VINTAGE FONT 9 ,66,6.6,77.14,215,10,46.0,112.0,Healthy,0.0
22889,NUMBER TILE VINTAGE FONT No ,145,18.125,160.38,173,11,127.0,326.0,Reorder,153.0
22889,"NUMBER TILE VINTAGE FONT, No ",22,7.333333333333333,48.6,152,14,51.0,154.0,Reorder,2.0
22890,NOVELTY BISCUITS CAKE STAND 3 TIER,767,3.3203463203463204,7164.469999999999,246,7,23.0,46.0,Overstock,0.0
22891,TEA FOR ONE POLKADOT,549,3.541935483870968,2362.0099999999998,208,14,25.0,75.0,Overstock,0.0
22892,SALT AND PEPPER SHAKERS TOADSTOOLS,393,15.115384615384615,477.57,284,8,106.0,227.0,Healthy,0.0
22892,SET OF SALT AND PEPPER TOADSTOOLS,3084,12.435483870967742,3759.2400000000002,153,13,87.0,249.0,Reorder,96.0
22893,MINI CAKE STAND T-LIGHT HOLDER,2006,21.340425531914892,819.48,230,6,149.0,277.0,Reorder,47.0
22894,TABLECLOTH RED APPLES DESIGN ,541,3.0914285714285716,4861.95,79,7,22.0,44.0,Healthy,0.0
22895,SET OF 2 TEA TOWELS APPLE AND PEARS,2752,7.687150837988827,8091.740000000001,232,9,54.0,123.0,Healthy,0.0
22896,PEG BAG APPLE DESIGN,384,13.714285714285714,866.6999999999999,235,11,96.0,247.0,Reorder,12.0
22896,PEG BAG APPLES DESIGN,1586,5.9849056603773585,3813.6699999999996,245,12,42.0,114.0,Overstock,0.0
22897,OVEN MITT APPLE DESIGN,337,11.233333333333333,468.65,150,13,79.0,225.0,Reorder,75.0
22897,OVEN MITT APPLES DESIGN,1549,7.073059360730594,2214.61,95,8,50.0,107.0,Reorder,12.0
22898,CHILDRENS APRON APPLE DESIGN,290,11.6,520.5,296,8,81.0,174.0,Healthy,0.0
22898,CHILDRENS APRON APPLES DESIGN,2626,7.481481481481482,4934.6,175,10,52.0,127.0,Healthy,0.0
22899,CHILDREN'S APRON DOLLY GIRL ,2566,7.502923976608187,5150.780000000001,267,13,53.0,151.0,Healthy,0.0
22899,CHILDRENS APRON DOLLY GIRL ,103,6.866666666666666,216.3,237,6,48.0,89.0,Overstock,0.0
22900, SET 2 TEA TOWELS I LOVE LONDON ,3511,10.1768115942029,9726.85,209,5,71.0,122.0,Healthy,0.0
22900,SET 2 TEA TOWELS I LOVE LONDON ,1947,10.756906077348066,5839.75,182,9,75.0,172.0,Healthy,0.0
22902,TOTE BAG I LOVE LONDON,1610,11.338028169014084,3091.54,199,7,79.0,158.0,Healthy,0.0
22903,CALENDAR FAMILY FAVORITES,20,5.0,59.0,53,4,35.0,55.0,Reorder,2.0
22903,CALENDAR FAMILY FAVOURITES,684,13.68,1865.88,60,4,96.0,151.0,Reorder,91.0
22904,CALENDAR PAPER CUT DESIGN,3195,7.947761194029851,9110.29,94,13,56.0,159.0,Reorder,65.0
22905,CALENDAR IN SEASON DESIGN,935,6.493055555555555,2541.6400000000003,298,8,45.0,97.0,Overstock,0.0
22906,12 MESSAGE CARDS WITH ENVELOPES,2960,8.10958904109589,4716.0,195,10,57.0,138.0,Healthy,0.0
22907,PACK OF 20 NAPKINS PANTRY DESIGN,8141,11.663323782234958,6497.87,169,3,82.0,117.0,Healthy,0.0
22908,PACK OF 20 NAPKINS RED APPLES,5430,12.990430622009569,4246.44,292,13,91.0,260.0,Healthy,0.0
22909,SET OF 20 VINTAGE CHRISTMAS NAPKINS,15376,16.822757111597372,12124.119999999999,127,8,118.0,253.0,Reorder,126.0
22910,PAPER CHAIN KIT VINTAGE CHRISTMAS,16469,13.206896551724139,44998.270000000004,158,14,92.0,277.0,Reorder,119.0
22911,PAPER CHAIN KIT LONDON,817,5.713286713286713,2292.9900000000002,290,4,40.0,63.0,Overstock,0.0
22912,YELLOW COAT RACK PARIS FASHION,296,2.98989898989899,1351.44,231,4,21.0,33.0,Overstock,0.0
22913,RED COAT RACK PARIS FASHION,425,4.0476190476190474,1914.39,291,9,28.0,64.0,Overstock,0.0
22914,BLUE COAT RACK PARIS FASHION,529,3.526666666666667,2429.19,85,12,25.0,67.0,Healthy,0.0
22915,ASSORTED BOTTLE TOP  MAGNETS ,3054,21.507042253521128,1157.28,267,3,151.0,216.0,Healthy,0.0
22916,HERB MARKER THYME,1861,9.3989898989899,1197.65,175,8,66.0,141.0,Healthy,0.0
22917,HERB MARKER ROSEMARY,1902,9.557788944723619,1224.3000000000002,66,9,67.0,153.0,Reorder,87.0
22918,HERB MARKER PARSLEY,1816,9.218274111675127,1148.4,220,10,65.0,157.0,Healthy,0.0
22919,HERB MARKER MINT,1709,8.545,1098.8500000000001,167,9,60.0,137.0,Healthy,0.0
22920,HERB MARKER BASIL,3370,17.106598984771573,2027.0000000000002,143,8,120.0,257.0,Reorder,114.0
22921,HERB MARKER CHIVES ,1688,9.701149425287356,1085.2,20,11,68.0,175.0,Reorder,155.0
22922,FRIDGE MAGNETS US DINER ASSORTED,1968,19.87878787878788,1592.6999999999998,266,5,139.0,238.0,Healthy,0.0
22923,FRIDGE MAGNETS LES ENFANTS ASSORTED,1491,17.75,1204.9499999999998,147,13,124.0,355.0,Reorder,208.0
22924,FRIDGE MAGNETS LA VIE EN ROSE,1374,16.75609756097561,1121.1,210,8,117.0,251.0,Reorder,41.0
22925,BLUE GIANT GARDEN THERMOMETER,465,2.703488372093023,2743.77,86,6,19.0,35.0,Overstock,0.0
22926,IVORY GIANT GARDEN THERMOMETER,649,3.212871287128713,3753.55,23,4,22.0,35.0,Reorder,12.0
22927,GREEN GIANT GARDEN THERMOMETER,428,3.057142857142857,2474.6,162,3,21.0,30.0,Overstock,0.0
22928,YELLOW GIANT GARDEN THERMOMETER,259,2.8461538461538463,1583.17,210,14,20.0,60.0,Overstock,0.0
22929,SCHOOL DESK AND CHAIR ,23,1.3529411764705883,1459.75,40,14,9.0,28.0,Healthy,0.0
22930,BAKING MOULD HEART MILK CHOCOLATE,1040,7.123287671232877,2513.12,246,3,50.0,71.0,Overstock,0.0
22931,BAKING MOULD HEART WHITE CHOCOLATE,792,7.135135135135135,1873.51,136,13,50.0,143.0,Reorder,7.0
22932,BAKING MOULD TOFFEE CUP  CHOCOLATE,6,6.0,15.299999999999999,161,12,42.0,114.0,Healthy,0.0
22932,BAKING MOULD TOFFEE CUP CHOCOLATE,866,13.746031746031745,1935.6000000000001,58,5,96.0,165.0,Reorder,107.0
22933,BAKING MOULD EASTER EGG MILK CHOC,876,9.521739130434783,2272.2000000000003,271,6,67.0,124.0,Overstock,0.0
22934,BAKING MOULD EASTER EGG WHITE CHOC,560,8.115942028985508,1527.2,226,4,57.0,89.0,Overstock,0.0
22935,BAKING MOULD ROSE MILK CHOCOLATE,673,12.942307692307692,1964.25,229,14,91.0,272.0,Reorder,43.0
22936,BAKING MOULD ROSE WHITE CHOCOLATE,258,7.371428571428571,766.88,134,13,52.0,148.0,Reorder,14.0
22937,BAKING MOULD CHOCOLATE CUP CAKES,12,6.0,30.599999999999998,244,13,42.0,120.0,Overstock,0.0
22937,BAKING MOULD CHOCOLATE CUPCAKES,915,6.727941176470588,2358.89,153,13,47.0,134.0,Healthy,0.0
22937,BAKING MOULD CUPCAKE CHOCOLATE,12,12.0,30.599999999999998,270,3,84.0,120.0,Overstock,0.0
22938,CUPCAKE LACE PAPER SET 6,3631,14.351778656126482,6722.629999999999,238,6,100.0,186.0,Healthy,0.0
22939,ADULT APRON APPLE DELIGHT,179,4.475,891.9300000000001,110,9,31.0,71.0,Healthy,0.0
22939,APRON APPLE DELIGHT,492,4.392857142857143,2330.4,65,12,31.0,84.0,Reorder,19.0
22940,FELTCRAFT CHRISTMAS FAIRY,3286,5.878354203935599,13462.18,57,13,41.0,117.0,Reorder,60.0
22941,CHRISTMAS LIGHTS 10 REINDEER,2487,6.11056511056511,19590.9,161,8,43.0,92.0,Healthy,0.0
22942,CHRISTMAS LIGHTS 10 SANTAS ,1181,5.442396313364055,8912.95,119,8,38.0,82.0,Healthy,0.0
22943,CHRISTMAS LIGHTS 10 VINTAGE BAUBLES,2258,7.840277777777778,10432.08,209,13,55.0,157.0,Healthy,0.0
22944,CHRISTMAS METAL POSTCARD WITH BELLS,4185,39.11214953271028,2813.03,54,11,274.0,704.0,Reorder,650.0
22945,CHRISTMAS METAL TAGS ASSORTED ,7369,25.856140350877194,6025.209999999999,166,4,181.0,284.0,Reorder,118.0
22946,WOODEN ADVENT CALENDAR CREAM,869,4.157894736842105,12588.449999999999,49,6,29.0,54.0,Reorder,5.0
22947,WOODEN ADVENT CALENDAR RED,773,4.742331288343558,8459.95,103,7,33.0,66.0,Healthy,0.0
22948,METAL DECORATION NAUGHTY CHILDREN ,1971,14.492647058823529,1724.31,289,3,101.0,144.0,Overstock,0.0
22949,36 DOILIES DOLLY GIRL,1929,14.725190839694656,2681.85,173,10,103.0,250.0,Reorder,77.0
22949,SET OF 36 DOLLY GIRL PAPER DOILIES,42,3.5,60.9,121,10,24.0,59.0,Overstock,0.0
22950,36 DOILIES VINTAGE CHRISTMAS,7744,25.557755775577558,10590.4,234,8,179.0,383.0,Reorder,149.0
22950,SET OF 36 DOILIES VINTAGE CHRISTMAS,444,222.0,557.4,169,14,1554.0,4662.0,Reorder,4493.0
22950,SET OF 36 VINTAGE CHRISTMAS DOILIES,27,4.5,39.15,102,7,32.0,64.0,Healthy,0.0
22951,60 CAKE CASES DOLLY GIRL DESIGN,9707,19.375249500998002,4983.610000000001,129,10,136.0,330.0,Reorder,201.0
22951,72 CAKE CASES DOLLY GIRL DESIGN,943,37.72,471.85,294,5,264.0,453.0,Reorder,159.0
22952,60 CAKE CASES VINTAGE CHRISTMAS,25179,30.483050847457626,12556.77,220,5,213.0,365.0,Reorder,145.0
22952,72 CAKE CASES VINTAGE CHRISTMAS,4293,43.36363636363637,2148.9900000000002,192,4,304.0,477.0,Reorder,285.0
22952,SET 72 CAKE CASES VINTAGE CHRISTMAS,672,168.0,291.6,225,7,1176.0,2352.0,Reorder,2127.0
22953,BIRTHDAY BANNER TAPE,48,16.0,60.0,82,5,112.0,192.0,Reorder,110.0
22953,BIRTHDAY PARTY CORDON BARRIER TAPE,665,6.855670103092783,807.52,92,5,48.0,82.0,Healthy,0.0
22954,HEN PARTY BANNER TAPE,12,12.0,15.0,270,8,84.0,180.0,Healthy,0.0
22954,HEN PARTY CORDON BARRIER TAPE,188,5.222222222222222,235.0,143,10,37.0,89.0,Healthy,0.0
22955,36 FOIL STAR CAKE CASES ,1404,8.613496932515337,2740.0400000000004,140,4,60.0,94.0,Healthy,0.0
22956,36 FOIL HEART CAKE CASES,2438,10.46351931330472,4699.370000000001,294,6,73.0,136.0,Overstock,0.0
22957,SET 3 PAPER VINTAGE CHICK PAPER EGG,1746,8.818181818181818,4872.3,139,13,62.0,177.0,Reorder,38.0
22959,WRAP CHRISTMAS VILLAGE,9663,34.387900355871885,3950.46,183,9,241.0,550.0,Reorder,367.0
22959,"WRAPPING PAPER, XMAS VILLAGE",25,25.0,10.5,284,3,175.0,250.0,Healthy,0.0
22960,JAM MAKING SET WITH JARS,8454,9.351769911504425,33833.72,180,3,65.0,93.0,Healthy,0.0
22961,JAM MAKING SET PRINTED,15867,17.513245033112582,22328.949999999997,108,14,123.0,368.0,Reorder,260.0
22962,JAM JAR WITH PINK LID,4141,16.050387596899224,3293.65,161,12,112.0,305.0,Reorder,144.0
22963,JAM JAR WITH BLUE LID,26,13.0,18.98,222,9,91.0,208.0,Healthy,0.0
22963,JAM JAR WITH GREEN LID,3450,15.610859728506787,2733.6,246,9,109.0,249.0,Reorder,3.0
22964,3 PIECE SPACEBOY COOKIE CUTTER SET,2635,8.132716049382717,5288.740000000001,241,3,57.0,81.0,Overstock,0.0
22965,3 TRADITIONAL COOKIE CUTTERS  SET,354,35.4,671.4000000000001,60,3,248.0,354.0,Reorder,294.0
22965,3 TRADITIONAl BISCUIT CUTTERS  SET,1423,6.497716894977169,2946.92,215,6,45.0,84.0,Overstock,0.0
22966,GINGERBREAD MAN COOKIE CUTTER,7946,12.754414125200642,9497.91,87,7,89.0,178.0,Reorder,91.0
22967,SET 3 SONG BIRD PAPER EGGS ASSORTED,1159,8.84732824427481,3224.65,283,7,62.0,124.0,Overstock,0.0
22968,ROSE COTTAGE KEEPSAKE BOX ,1036,4.2633744855967075,9409.199999999999,21,6,30.0,56.0,Reorder,35.0
22969,HOMEMADE JAM SCENTED CANDLES,14012,24.2842287694974,20204.8,144,10,170.0,413.0,Reorder,269.0
22970,LONDON BUS COFFEE MUG,4213,15.154676258992806,9582.15,129,9,106.0,242.0,Reorder,113.0
22971,QUEENS GUARD COFFEE MUG,2365,10.063829787234043,5603.57,105,11,70.0,181.0,Reorder,76.0
22972,CHILDREN'S SPACEBOY MUG,1722,9.20855614973262,2802.2599999999998,139,9,64.0,147.0,Reorder,8.0
22972,CHILDRENS SPACEBOY MUG,72,14.4,118.79999999999998,146,12,101.0,274.0,Reorder,128.0
22973,CHILDREN'S CIRCUS PARADE MUG,1254,10.627118644067796,2026.7799999999997,274,3,74.0,106.0,Overstock,0.0
22973,CHILDRENS CIRCUS PARADE MUG,36,12.0,59.39999999999999,202,9,84.0,192.0,Healthy,0.0
22974,CHILDRENS DOLLY GIRL MUG,1550,9.451219512195122,2502.5399999999995,35,3,66.0,94.0,Reorder,59.0
22975,SPACEBOY CHILDRENS EGG CUP,1156,7.758389261744966,1453.47,81,9,54.0,124.0,Reorder,43.0
22976,CIRCUS PARADE CHILDRENS EGG CUP ,1083,9.100840336134453,1358.59,177,12,64.0,173.0,Healthy,0.0
22977,DOLLY GIRL CHILDRENS EGG CUP,953,8.145299145299145,1192.46,287,10,57.0,138.0,Overstock,0.0
22978,PANTRY ROLLING PIN,2406,12.213197969543147,9180.529999999999,54,13,85.0,244.0,Reorder,190.0
22979,PANTRY WASHING UP BRUSH,3913,12.787581699346406,5785.71,286,11,90.0,231.0,Healthy,0.0
22980,PANTRY SCRUBBING BRUSH,2286,9.368852459016393,3656.9399999999996,83,14,66.0,197.0,Reorder,114.0
22981,PANTRY APPLE CORER,435,5.8,601.9499999999999,69,5,41.0,70.0,Reorder,1.0
22982,PANTRY PASTRY BRUSH,1044,7.1506849315068495,1307.05,274,6,50.0,93.0,Overstock,0.0
22983,CARD BILLBOARD FONT,5122,15.289552238805971,2103.75,168,6,107.0,199.0,Reorder,31.0
22983,"CARD, BILLBOARD FONT",1266,16.88,514.4399999999999,295,14,118.0,354.0,Reorder,59.0
22984,CARD GINGHAM ROSE ,2714,18.84722222222222,1088.86,191,11,132.0,339.0,Reorder,148.0
22984,"CARD, GINGHAM ROSE ",492,12.3,206.64,220,9,86.0,197.0,Healthy,0.0
22985,WRAP BILLBOARD FONTS DESIGN,1800,29.032258064516128,756.0,54,5,203.0,348.0,Reorder,294.0
22985,"WRAP, BILLBOARD FONTS DESIGN",2890,40.70422535211268,1125.8,235,12,285.0,773.0,Reorder,538.0
22986,GINGHAM ROSE WRAP,3515,29.049586776859503,1444.3,84,7,203.0,406.0,Reorder,322.0
22986,WRAP GINGHAM ROSE ,2276,27.75609756097561,943.92,27,9,194.0,444.0,Reorder,417.0
22987,"WRAP , SUMMER ROSE DESIGN",150,25.0,63.0,95,10,175.0,425.0,Reorder,330.0
22987,WRAP SUMMER ROSE DESIGN,100,25.0,42.0,193,3,175.0,250.0,Reorder,57.0
22988,SOLDIERS EGG CUP ,9033,25.589235127478755,10415.220000000001,66,14,179.0,537.0,Reorder,471.0
22989,SET 2 PANTRY DESIGN TEA TOWELS,2693,8.495268138801261,8310.17,34,4,59.0,93.0,Reorder,59.0
22990,COTTON APRON PANTRY DESIGN,602,4.23943661971831,2670.54,166,9,30.0,68.0,Overstock,0.0
22991,GIRAFFE WOODEN RULER,3708,15.514644351464435,6816.84,45,13,109.0,311.0,Reorder,266.0
22992,REVOLVER WOODEN RULER ,4914,16.77133105802048,8944.439999999999,112,4,117.0,184.0,Reorder,72.0
22993,SET OF 4 PANTRY JELLY MOULDS,11769,13.358683314415437,14151.42,251,9,94.0,214.0,Healthy,0.0
22994,TRAVEL CARD WALLET RETROSPOT,2104,13.06832298136646,882.24,40,11,91.0,235.0,Reorder,195.0
22995,TRAVEL CARD WALLET SUKI,2228,12.043243243243243,932.88,57,13,84.0,241.0,Reorder,184.0
22996,TRAVEL CARD WALLET VINTAGE TICKET,4540,15.234899328859061,1875.12,295,4,107.0,168.0,Healthy,0.0
22997,TRAVEL CARD WALLET UNION JACK,2477,13.60989010989011,1038.9,176,9,95.0,217.0,Reorder,41.0
22998,TRAVEL CARD WALLET KEEP CALM,11645,26.46590909090909,4641.32,198,6,185.0,344.0,Reorder,146.0
22999,TRAVEL CARD WALLET RETRO PETALS,1489,16.36263736263736,623.94,151,13,115.0,328.0,Reorder,177.0
22999,TRAVEL CARD WALLET VINTAGE LEAF,1320,13.608247422680412,554.4,47,4,95.0,149.0,Reorder,102.0
23000,TRAVEL CARD WALLET TRANSPORT,3042,14.766990291262136,1274.76,279,9,103.0,236.0,Healthy,0.0
23002,TRAVEL CARD WALLET SKULLS,2052,14.450704225352112,860.4,95,7,101.0,202.0,Reorder,107.0
23003,TRAVEL CARD WALLET VINTAGE ROSE ,541,10.20754716981132,225.78,86,3,71.0,102.0,Reorder,16.0
23004,TRAVEL CARD WALLET PANTRY,1853,14.706349206349206,779.9,213,7,103.0,206.0,Healthy,0.0
23005,TRAVEL CARD WALLET I LOVE LONDON,4346,24.415730337078653,1767.72,181,14,171.0,513.0,Reorder,332.0
23006,TRAVEL CARD WALLET FLOWER MEADOW,1693,13.023076923076923,709.62,276,14,91.0,273.0,Healthy,0.0
23007, SPACEBOY BABY GIFT SET,449,3.1619718309859155,7048.549999999999,91,5,22.0,38.0,Overstock,0.0
23008,DOLLY GIRL BABY GIFT SET,419,3.4916666666666667,6534.049999999999,106,9,24.0,55.0,Healthy,0.0
23009,I LOVE LONDON BABY GIFT SET,209,3.4262295081967213,3262.5499999999997,281,8,24.0,51.0,Overstock,0.0
23010,CIRCUS PARADE BABY GIFT SET,285,3.202247191011236,4444.75,233,10,22.0,54.0,Overstock,0.0
23012,GLASS APOTHECARY BOTTLE PERFUME,1014,5.07,3763.6400000000003,172,7,35.0,70.0,Overstock,0.0
23013,GLASS APOTHECARY BOTTLE TONIC,865,4.779005524861878,3211.09,229,4,33.0,52.0,Overstock,0.0
23014,GLASS APOTHECARY BOTTLE ELIXIR,798,4.925925925925926,2951.78,80,11,34.0,88.0,Reorder,8.0
23015,CORDIAL GLASS JUG,30,2.142857142857143,247.5,287,13,15.0,43.0,Overstock,0.0
23015,CORDIAL JUG,6,3.0,49.5,281,10,21.0,51.0,Overstock,0.0
23016,GLASS TWIST BON BON JAR,69,3.6315789473684212,512.85,237,8,25.0,54.0,Overstock,0.0
23017,APOTHECARY MEASURING JAR,64,3.0476190476190474,751.4000000000001,155,12,21.0,58.0,Overstock,0.0
23018,LARGE APOTHECARY MEASURING JAR ,50,2.5,587.2,112,9,18.0,40.0,Overstock,0.0
23019,SMALL APOTHECARY MEASURING JAR ,81,2.892857142857143,629.0500000000001,128,11,20.0,52.0,Overstock,0.0
23020,GLASS  SONGBIRD STORAGE JAR,165,2.391304347826087,1965.3,260,9,17.0,39.0,Overstock,0.0
23020,GLASS SONGBIRD STORAGE JAR,11,3.6666666666666665,126.7,161,5,26.0,44.0,Overstock,0.0
23021,GLASS BONNE JAM JAR,117,4.68,475.95000000000005,256,8,33.0,70.0,Overstock,0.0
23022,SMALL BONNE JAM JAR  T-LIGHT HOLDER,416,18.08695652173913,795.6800000000001,196,13,127.0,362.0,Reorder,166.0
23023,RIDGED BONNE JAM JAR T-LIGHT HOLDER,260,11.304347826086957,411.43999999999994,160,13,79.0,226.0,Reorder,66.0
23024,LARGE BONNE JAM JAR  T-LIGHT HOLDER,254,25.4,662.0600000000001,208,9,178.0,407.0,Reorder,199.0
23025,DRAWER KNOB VINTAGE GLASS BALL,317,6.891304347826087,669.61,68,4,48.0,76.0,Reorder,8.0
23026,DRAWER KNOB VINTAGE GLASS STAR,503,9.145454545454545,1016.97,209,5,64.0,110.0,Healthy,0.0
23027,DRAWER KNOB VINTAGE GLASS HEXAGON,287,10.62962962962963,596.96,155,6,74.0,138.0,Healthy,0.0
23028,DOORKNOB CRACKED GLAZE BLUE,162,54.0,238.49999999999997,62,12,378.0,1026.0,Reorder,964.0
23028,DRAWER KNOB CRACKLE GLAZE BLUE,1079,9.633928571428571,1751.7899999999997,109,8,67.0,144.0,Reorder,35.0
23029,DOORKNOB CRACKED GLAZE GREEN,12,6.0,19.799999999999997,264,3,42.0,60.0,Overstock,0.0
23029,DRAWER KNOB CRACKLE GLAZE GREEN,1272,9.352941176470589,2060.3999999999996,211,11,65.0,168.0,Healthy,0.0
23031,DOORKNOB CRACKED GLAZE PINK,12,6.0,19.799999999999997,125,7,42.0,84.0,Healthy,0.0
23031,DRAWER KNOB CRACKLE GLAZE PINK,1216,8.941176470588236,1967.9999999999998,252,14,63.0,188.0,Healthy,0.0
23032,DOORKNOB CRACKED GLAZE IVORY,174,34.8,258.29999999999995,284,9,244.0,557.0,Reorder,273.0
23032,DRAWER KNOB CRACKLE GLAZE IVORY,2076,11.469613259668508,3348.5999999999995,56,11,80.0,206.0,Reorder,150.0
23033,DRAWER KNOB CERAMIC RED,679,11.508474576271187,943.75,60,11,81.0,208.0,Reorder,148.0
23034,DRAWER KNOB CERAMIC BLACK,935,11.6875,1314.95,36,3,82.0,117.0,Reorder,81.0
23035,DOORKNOB CERAMIC IVORY,36,36.0,52.199999999999996,296,3,252.0,360.0,Reorder,64.0
23035,DRAWER KNOB CERAMIC IVORY,2035,12.259036144578314,2863.39,78,5,86.0,147.0,Reorder,69.0
23036,T-LIGHT HOLDER SILVER PETIT FOUR ,182,12.133333333333333,227.5,202,8,85.0,182.0,Healthy,0.0
23037,CANDLE HOLDER SILVER MADELINE,193,10.722222222222221,315.28999999999996,60,4,75.0,118.0,Reorder,58.0
23038,T-LIGHT HOLDER SILVER SAUCER,41,6.833333333333333,38.029999999999994,58,12,48.0,130.0,Reorder,72.0
23039,T-LIGHT HOLDER SILVER HEART HANDLE,192,8.347826086956522,370.79999999999995,211,14,58.0,175.0,Healthy,0.0
23040,PAPER LANTERN 9 POINT SNOW STAR,12,3.0,69.0,286,13,21.0,60.0,Overstock,0.0
23040,PAPER LANTERN 9 POINT SNOW STAR ,234,6.882352941176471,1249.5,166,3,48.0,69.0,Overstock,0.0
23041,PAPER LANTERN 6 POINT SNOW STAR,26,4.333333333333333,107.9,146,3,30.0,43.0,Overstock,0.0
23041,PAPER LANTERN 9 POINT SNOW STAR,234,5.571428571428571,971.1,65,7,39.0,78.0,Reorder,13.0
23042,PAPER LANTERN 7 POINT SNOW STAR,99,3.96,658.35,64,6,28.0,52.0,Healthy,0.0
23043,PAPER LANTERN 9 POINT HOLLY STAR 40,6,2.0,37.5,20,3,14.0,20.0,Healthy,0.0
23043,PAPER LANTERN 9 POINT HOLLY STAR L,69,4.3125,431.25,187,6,30.0,56.0,Overstock,0.0
23044,PAPER LANTERN 9 POINT HOLLY STAR 23,18,3.6,74.7,127,5,25.0,43.0,Overstock,0.0
23044,PAPER LANTERN 9 POINT HOLLY STAR S,82,4.1,340.3,38,4,29.0,45.0,Reorder,7.0
23045,PAPER LANTERN 5 POINT STAR MOON ,106,5.888888888888889,439.90000000000003,91,11,41.0,106.0,Reorder,15.0
23045,PAPER LANTERN 5 POINT STAR MOON 30,10,2.0,41.5,128,13,14.0,40.0,Overstock,0.0
23046,PAPER LANTERN 9 POINT DELUXE STAR,347,10.205882352941176,2091.55,287,3,71.0,102.0,Overstock,0.0
23047,PAPER LANTERN 5 POINT SEQUIN STAR,50,2.272727272727273,287.5,259,9,16.0,36.0,Overstock,0.0
23047,PAPER LANTERN 5 POINT STUDDED STAR,8,2.0,46.0,109,6,14.0,26.0,Overstock,0.0
23048,SET OF 10 LANTERNS FAIRY LIGHT STAR,560,6.363636363636363,2248.1400000000003,122,7,45.0,90.0,Healthy,0.0
23049,RECYCLED ACAPULCO MAT RED,435,2.57396449704142,3572.75,269,12,18.0,49.0,Overstock,0.0
23050,RECYCLED ACAPULCO MAT GREEN,459,2.6079545454545454,3763.55,27,7,18.0,36.0,Reorder,9.0
23051,RECYCLED ACAPULCO MAT BLUE,335,2.518796992481203,2741.35,172,3,18.0,26.0,Overstock,0.0
23052,RECYCLED ACAPULCO MAT TURQUOISE,571,2.583710407239819,4694.75,193,8,18.0,39.0,Overstock,0.0
23053,RECYCLED ACAPULCO MAT PINK,318,2.4651162790697674,2589.9,177,11,17.0,44.0,Overstock,0.0
23054,RECYCLED ACAPULCO MAT LAVENDER,266,2.4403669724770642,2189.7,234,4,17.0,27.0,Overstock,0.0
23055,IVORY CHANDELIER T-LIGHT HOLDER,560,14.736842105263158,1286.72,196,9,103.0,236.0,Reorder,40.0
23056,CRYSTAL CHANDELIER T-LIGHT HOLDER,3,3.0,18.75,194,8,21.0,45.0,Overstock,0.0
23056,FLOWERS CHANDELIER T-LIGHT HOLDER,863,23.324324324324323,2770.91,165,7,163.0,326.0,Reorder,161.0
23057,BEADED CHANDELIER T-LIGHT HOLDER,596,17.529411764705884,1298.44,180,6,123.0,228.0,Reorder,48.0
23057,GEMSTONE CHANDELIER T-LIGHT HOLDER,78,11.142857142857142,347.70000000000005,146,6,78.0,145.0,Healthy,0.0
23058,CHRISTMAS HANGING SNOWFLAKE,486,11.045454545454545,421.02000000000004,101,8,77.0,165.0,Reorder,64.0
23060,HEART BEADED TRELLIS DECORATION,244,5.951219512195122,507.52000000000004,166,6,42.0,78.0,Overstock,0.0
23061,VINTAGE EMBOSSED HEART,886,10.547619047619047,1102.46,258,7,74.0,148.0,Healthy,0.0
23061,VINTAGE ENGRAVED HEART,60,15.0,75.0,103,8,105.0,225.0,Reorder,122.0
23064,CINDERELLA CHANDELIER ,220,10.0,3617.6000000000004,132,7,70.0,140.0,Reorder,8.0
23065,LARGE DECO JEWELLERY STAND,246,2.7954545454545454,2977.8,244,9,20.0,45.0,Overstock,0.0
23065,LARGE JEWELLERY STAND,10,2.5,125.0,262,11,18.0,46.0,Overstock,0.0
23066,SMALL DECO JEWELLERY STAND,229,3.2714285714285714,1831.65,162,12,23.0,62.0,Overstock,0.0
23066,SMALL JEWELLERY STAND,16,2.6666666666666665,132.0,60,9,19.0,43.0,Healthy,0.0
23067,HANGING ENGRAVED METAL HEART,274,3.6533333333333333,1137.1000000000001,277,9,26.0,59.0,Overstock,0.0
23068,ALUMINIUM HEART,30,5.0,74.7,124,6,35.0,65.0,Healthy,0.0
23068,ALUMINIUM STAMPED HEART,771,6.119047619047619,1852.5500000000002,221,3,43.0,61.0,Overstock,0.0
23069,EDWARDIAN PHOTO FRAME,87,2.806451612903226,543.75,285,10,20.0,48.0,Overstock,0.0
23070,EDWARDIAN HEART PHOTO FRAME,147,4.454545454545454,610.0500000000001,229,6,31.0,58.0,Overstock,0.0
23071,MARIE ANTOIENETT TRINKET BOX GOLD,1,1.0,12.5,70,3,7.0,10.0,Overstock,0.0
23071,MARIE ANTOINETTE TRINKET BOX GOLD,312,18.352941176470587,1167.6,137,7,128.0,256.0,Reorder,119.0
23072,MARIE ANTOINETTE TRINKET BOX SILVER,326,14.818181818181818,1099.0,220,10,104.0,252.0,Reorder,32.0
23073,GEORGIAN TRINKET BOX,141,2.389830508474576,1681.5,58,6,17.0,31.0,Healthy,0.0
23074,EMBOSSED HEART TRINKET BOX,221,6.314285714285714,444.02000000000004,47,14,44.0,132.0,Reorder,85.0
23075,DOUBLE CERAMIC PARLOUR HOOK,22,4.4,91.30000000000001,278,10,31.0,75.0,Overstock,0.0
23075,PARLOUR CERAMIC WALL HOOK,443,6.152777777777778,1819.2500000000002,103,10,43.0,105.0,Reorder,2.0
23076,ICE CREAM SUNDAE LIP GLOSS,7896,31.838709677419356,9638.16,174,5,223.0,382.0,Reorder,208.0
23077,DOUGHNUT LIP GLOSS ,9642,31.305194805194805,11615.7,136,11,219.0,563.0,Reorder,427.0
23078,ICE CREAM PEN LIP GLOSS ,6607,31.018779342723004,8077.31,21,5,217.0,372.0,Reorder,351.0
23079, TOADSTOOL BEDSIDE LIGHT ,2,2.0,17.9,112,3,14.0,20.0,Overstock,0.0
23079,TOADSTOOL BEDSIDE LIGHT ,246,2.3653846153846154,2180.7,185,4,17.0,26.0,Overstock,0.0
23080,RED METAL BOX TOP SECRET,998,4.435555555555555,7920.78,277,8,31.0,66.0,Overstock,0.0
23081,GREEN METAL BOX ARMY SUPPLIES,437,3.936936936936937,3474.39,100,14,28.0,83.0,Healthy,0.0
23081,GREEN METAL BOX TOP SECRET,16,4.0,132.0,287,12,28.0,76.0,Overstock,0.0
23082,SET 6 PAPER TABLE LANTERN HEARTS ,2260,8.401486988847584,8110.68,254,4,59.0,93.0,Overstock,0.0
23083,SET 6 PAPER TABLE LANTERN STARS ,1859,8.768867924528301,6735.88,232,8,61.0,131.0,Healthy,0.0
23084,RABBIT NIGHT LIGHT,27153,32.99270959902795,51251.24,81,3,231.0,330.0,Reorder,249.0
23085,ANTIQUE SILVER BAUBLE LAMP  ,369,4.730769230769231,3437.7000000000003,68,13,33.0,94.0,Reorder,26.0
23086,ZINC  STAR T-LIGHT HOLDER ,1183,33.8,1357.79,146,3,237.0,338.0,Reorder,192.0
23086,ZINC STAR T-LIGHT HOLDER ,8,8.0,10.0,242,7,56.0,112.0,Overstock,0.0
23087,ZINC  HEART T-LIGHT HOLDER,830,16.93877551020408,997.1800000000001,298,12,119.0,322.0,Reorder,24.0
23088,ZINC HEART FLOWER T-LIGHT HOLDER,760,13.333333333333334,947.18,296,13,93.0,266.0,Healthy,0.0
23089,GLASS BON BON JAR,2135,15.583941605839415,3495.2699999999995,126,11,109.0,280.0,Reorder,154.0
23090,VINTAGE GLASS T-LIGHT HOLDER,2129,17.032,1722.79,165,10,119.0,289.0,Reorder,124.0
23091,METAL HERB GERDEN CONTAINER,24,4.8,139.68,118,5,34.0,58.0,Overstock,0.0
23091,ZINC HERB GARDEN CONTAINER,535,2.845744680851064,3279.82,92,5,20.0,34.0,Overstock,0.0
23092,LARGE ANTIQUE WHITE PHOTO FRAME,507,4.056,3568.26,141,3,28.0,40.0,Overstock,0.0
23093,SMALL PARISIENNE HEART PHOTO FRAME ,915,7.439024390243903,2122.67,49,5,52.0,89.0,Reorder,40.0
23094,LE GRAND TRAY CHIC SET,147,1.9864864864864864,1837.5,207,14,14.0,42.0,Overstock,0.0
23096,PETIT TRAY CHIC,993,8.487179487179487,1606.7299999999998,214,14,59.0,178.0,Healthy,0.0
23099,FRENCH CARRIAGE LANTERN,132,2.4,858.9000000000001,175,14,17.0,51.0,Overstock,0.0
23100,SILVER BELLS TABLE DECORATION,2090,9.54337899543379,2562.1,191,13,67.0,191.0,Healthy,0.0
23101,SILVER STARS TABLE DECORATION,1942,10.167539267015707,1569.62,60,3,71.0,102.0,Reorder,42.0
23102,SILVER HEARTS TABLE DECORATION,1231,8.73049645390071,995.3299999999999,82,10,61.0,148.0,Reorder,66.0
23103,BELL HEART DECORATION,252,28.0,387.0,42,3,196.0,280.0,Reorder,238.0
23103,JINGLE BELL HEART DECORATION,3679,11.569182389937106,6055.949999999999,94,7,81.0,162.0,Reorder,68.0
23104,IVORY CAFE HANGING LAMP ,114,2.6511627906976742,1330.5,67,11,19.0,48.0,Healthy,0.0
23104,IVORY PANTRY HANGING LAMP ,2,2.0,25.0,179,9,14.0,32.0,Overstock,0.0
23106,ZINC HEARTS PLANT POT HOLDER,275,5.612244897959184,746.15,137,6,39.0,73.0,Healthy,0.0
23106,ZINC PLANT POT HOLDER,8,8.0,23.12,119,13,56.0,160.0,Reorder,41.0
23107,WHITE HEARTS WIRE PLANT POT HOLDER,324,5.491525423728813,873.5600000000001,186,11,38.0,98.0,Healthy,0.0
23107,WHITE WIRE PLANT POT HOLDER,16,8.0,46.24,175,11,56.0,144.0,Healthy,0.0
23108,SET OF 10 LED DOLLY LIGHTS,2192,6.2272727272727275,12972.73,26,4,44.0,69.0,Reorder,43.0
23109,LED TEA LIGHTS,595,10.818181818181818,1676.3500000000001,215,12,76.0,206.0,Healthy,0.0
23109,PACK OF SIX LED TEA LIGHTS,1715,9.689265536723164,4808.55,75,12,68.0,184.0,Reorder,109.0
23110,PARISIENNE KEY CABINET ,662,3.0090909090909093,3673.7,212,13,21.0,60.0,Overstock,0.0
23111,PARISIENNE SEWING BOX,296,2.368,3464.8,66,14,17.0,50.0,Healthy,0.0
23112,PARISIENNE CURIO CABINET,471,2.5737704918032787,3437.3,167,8,18.0,39.0,Overstock,0.0
23113,PANTRY CHOPPING BOARD,1138,26.46511627906977,5695.86,294,6,185.0,344.0,Reorder,50.0
23114,VINTAGE LEAF CHOPPING BOARD  ,144,3.5121951219512195,684.0000000000001,176,10,25.0,60.0,Overstock,0.0
23115,RED APPLES CHOPPING BOARD   ,144,3.789473684210526,684.0,221,14,27.0,80.0,Overstock,0.0
23116,VEGETABLE GARDEN CHOPPING BOARD,70,4.117647058823529,317.70000000000005,145,13,29.0,83.0,Healthy,0.0
23117,POPPY FIELDS CHOPPING BOARD,85,2.1794871794871793,420.75,83,9,15.0,35.0,Overstock,0.0
23118,PARISIENNE JEWELLERY DRAWER ,765,3.4,5399.02,195,9,24.0,55.0,Overstock,0.0
23119,PACK OF 6 LARGE FRUIT STRAWS ,2155,18.57758620689655,1275.71,135,13,130.0,372.0,Reorder,237.0
23120,PACK OF 6 SMALL FRUIT STRAWS,1617,19.25,644.58,223,12,135.0,366.0,Reorder,143.0
23121,PACK OF 6 COCKTAIL PARASOL STRAWS,2460,26.73913043478261,958.3199999999999,50,11,187.0,481.0,Reorder,431.0
23122,PARTY CHARMS 50 PIECES,2091,21.556701030927837,1552.6499999999999,132,7,151.0,302.0,Reorder,170.0
23123,COCKTAIL SWORDS 50 PIECES,899,13.220588235294118,705.25,86,8,93.0,199.0,Reorder,113.0
23124,18PC WOODEN CUTLERY SET DISPOSABLE,503,20.958333333333332,595.15,94,3,147.0,210.0,Reorder,116.0
23125,6PC WOOD PLATE SET DISPOSABLE,405,25.3125,443.25,64,8,177.0,380.0,Reorder,316.0
23126,DOLLCRAFT GIRL AMELIE,36,4.5,178.2,279,4,32.0,50.0,Overstock,0.0
23126,DOLLCRAFT GIRL AMELIE KIT,66,8.25,294.7,173,8,58.0,124.0,Healthy,0.0
23126,FELTCRAFT GIRL AMELIE KIT,982,3.821011673151751,4799.38,174,11,27.0,69.0,Overstock,0.0
23127,DOLLCRAFT GIRL NICOLE,68,5.666666666666667,336.6,253,10,40.0,97.0,Overstock,0.0
23127,FELTCRAFT GIRL NICOLE KIT,645,3.75,3169.79,70,11,26.0,67.0,Healthy,0.0
23128,DOLLCRAFT BOY JEAN-PAUL ,82,6.833333333333333,373.9,281,12,48.0,130.0,Overstock,0.0
23128,FELTCRAFT BOY JEAN-PAUL KIT,349,2.982905982905983,1711.23,144,10,21.0,51.0,Overstock,0.0
23129,HEART SHAPED HOLLY WREATH,942,5.709090909090909,3933.1800000000003,264,5,40.0,69.0,Overstock,0.0
23130,MISELTOE HEART WREATH ,80,16.0,312.8,49,10,112.0,272.0,Reorder,223.0
23130,MISTLETOE HEART WREATH GREEN,838,5.172839506172839,3435.6200000000003,141,8,36.0,77.0,Healthy,0.0
23131,MISELTOE HEART WREATH CREAM,240,240.0,996.0000000000001,144,8,1680.0,3600.0,Reorder,3456.0
23131,MISELTOE HEART WREATH WHITE,78,19.5,304.5,56,8,136.0,292.0,Reorder,236.0
23131,MISTLETOE HEART WREATH CREAM,575,5.528846153846154,2332.13,189,5,39.0,67.0,Overstock,0.0
23132,SMALL IVORY HEART WALL ORGANISER,1008,7.148936170212766,4989.08,143,12,50.0,136.0,Healthy,0.0
23133,LARGE IVORY HEART WALL ORGANISER,759,5.664179104477612,5142.91,54,3,40.0,57.0,Reorder,3.0
23134,LARGE ZINC HEART WALL ORGANISER,1064,28.756756756756758,6414.48,106,14,201.0,604.0,Reorder,498.0
23135,SMALL ZINC HEART WALL ORGANISER,1538,36.61904761904762,5378.8,153,6,256.0,476.0,Reorder,323.0
23136,IVORY WIRE SWEETHEART LETTER TRAY,127,2.8863636363636362,467.05,215,12,20.0,55.0,Overstock,0.0
23137,ZINC WIRE SWEETHEART LETTER TRAY,80,4.0,253.24,293,14,28.0,84.0,Overstock,0.0
23138,SINGLE WIRE HOOK IVORY HEART,870,11.2987012987013,1201.8999999999999,220,8,79.0,169.0,Healthy,0.0
23139,SINGLE WIRE HOOK PINK HEART,406,17.652173913043477,502.38,96,13,124.0,353.0,Reorder,257.0
23140,TRIPLE WIRE HOOK IVORY HEART,160,4.571428571428571,658.5400000000001,78,14,32.0,96.0,Reorder,18.0
23141,TRIPLE WIRE HOOK PINK HEART,68,3.7777777777777777,215.00000000000003,145,12,26.0,71.0,Overstock,0.0
23142,IVORY WIRE KITCHEN ORGANISER,116,3.2222222222222223,1137.65,128,4,23.0,36.0,Overstock,0.0
23143,ZINC WIRE KITCHEN ORGANISER,25,2.0833333333333335,156.8,243,9,15.0,34.0,Overstock,0.0
23144,ZINC T-LIGHT HOLDER STARS SMALL,4894,20.563025210084035,3879.9799999999996,297,9,144.0,329.0,Reorder,32.0
23145,ZINC T-LIGHT HOLDER STAR LARGE,2030,13.624161073825503,1896.5399999999997,87,13,95.0,272.0,Reorder,185.0
23145,ZINC T-LIGHT HOLDER STARS LARGE,24,12.0,22.799999999999997,88,6,84.0,156.0,Reorder,68.0
23146,TRIPLE HOOK ANTIQUE IVORY ROSE,778,3.635514018691589,2526.02,184,6,25.0,47.0,Overstock,0.0
23147,SINGLE ANTIQUE ROSE HOOK IVORY,1843,7.255905511811024,2669.95,181,3,51.0,73.0,Overstock,0.0
23148,MINIATURE ANTIQUE ROSE HOOK IVORY,2065,8.713080168776372,1711.55,61,4,61.0,96.0,Reorder,35.0
23148,MINITURE ANTIQUE ROSE HOOK IVORY,48,12.0,40.8,128,11,84.0,216.0,Reorder,88.0
23149,ANTIQUE IVORY WIRE BOWL SMALL,97,5.105263157894737,241.53000000000003,70,12,36.0,97.0,Reorder,27.0
23150,IVORY SWEETHEART SOAP DISH,139,3.475,346.11,269,10,24.0,59.0,Overstock,0.0
23151,ZINC SWEETHEART SOAP DISH,59,3.1052631578947367,104.41000000000001,40,10,22.0,53.0,Reorder,13.0
23152,IVORY SWEETHEART WIRE LETTER RACK ,541,3.6066666666666665,1998.51,158,11,25.0,65.0,Overstock,0.0
23153,ZINC SWEETHEART WIRE LETTER RACK,248,3.1794871794871793,923.63,111,9,22.0,51.0,Overstock,0.0
23154,SET OF 4 JAM JAR MAGNETS,2441,11.146118721461187,4922.01,299,11,78.0,201.0,Healthy,0.0
23155,KNICKERBOCKERGLORY MAGNET ASSORTED ,2094,18.864864864864863,1669.3799999999999,144,12,132.0,358.0,Reorder,214.0
23156,SET OF 5 MINI GROCERY MAGNETS,1631,8.768817204301076,3297.2200000000003,130,14,61.0,184.0,Reorder,54.0
23157,SET OF 6 NATIVITY MAGNETS ,2530,16.75496688741722,5031.55,158,4,117.0,184.0,Reorder,26.0
23158,SET OF 5 LUCKY CAT MAGNETS ,2536,13.561497326203208,5117.32,292,8,95.0,203.0,Healthy,0.0
23159,SET OF 5 PANCAKE DAY MAGNETS,2255,11.505102040816327,4562.7300000000005,118,5,81.0,139.0,Reorder,21.0
23160,REGENCY TEA SPOON,1392,23.2,1651.8,271,13,162.0,464.0,Reorder,193.0
23161,REGENCY CAKE FORK,1608,23.647058823529413,1896.6000000000001,123,8,166.0,355.0,Reorder,232.0
23162,REGENCY TEA STRAINER,1362,9.591549295774648,4789.24,233,5,67.0,115.0,Overstock,0.0
23163,REGENCY SUGAR TONGS,1714,12.791044776119403,3949.7000000000003,268,10,90.0,218.0,Healthy,0.0
23164,REGENCY CAKE SLICE,564,7.05,2579.21,171,13,49.0,141.0,Healthy,0.0
23165,LARGE CERAMIC TOP STORAGE JAR,2950,13.288288288288289,4617.9,269,6,93.0,173.0,Healthy,0.0
23166,MEDIUM CERAMIC TOP STORAGE JAR,77916,393.5151515151515,81416.73000000001,294,14,2755.0,8264.0,Reorder,7970.0
23167,SMALL CERAMIC TOP STORAGE JAR ,5666,30.793478260869566,4184.179999999999,184,12,216.0,586.0,Reorder,402.0
23168,CLASSIC CAFE SUGAR DISPENSER,2633,12.538095238095238,3037.1,27,8,88.0,188.0,Reorder,161.0
23168,CLASSIC SUGAR DISPENSER,216,18.0,247.32,24,11,126.0,324.0,Reorder,300.0
23169,CLASSIC GLASS COOKIE JAR,1332,5.349397590361446,5350.200000000001,164,4,37.0,58.0,Overstock,0.0
23169,CLASSIC GLASS SWEET JAR,119,8.5,479.45000000000005,120,4,60.0,94.0,Healthy,0.0
23170,REGENCY TEA PLATE ROSES ,6563,20.009146341463413,10170.99,183,9,140.0,320.0,Reorder,137.0
23171,REGENCY TEA PLATE GREEN ,5966,22.014760147601475,9184.9,166,4,154.0,242.0,Reorder,76.0
23172,REGENCY TEA PLATE PINK,3688,16.464285714285715,5793.28,83,4,115.0,181.0,Reorder,98.0
23173,REGENCY TEAPOT ROSES ,2662,7.456582633053221,23033.52,110,6,52.0,97.0,Healthy,0.0
23174,REGENCY SUGAR BOWL GREEN,2954,11.022388059701493,11567.24,136,11,77.0,198.0,Reorder,62.0
23175,REGENCY MILK JUG PINK ,3062,11.257352941176471,8995.0,286,10,79.0,192.0,Healthy,0.0
23176,ABC TREASURE BOOK BOX ,2088,11.165775401069519,4373.26,192,4,78.0,123.0,Healthy,0.0
23177,TREASURE ISLAND BOOK BOX,2428,11.188940092165899,5029.8,66,10,78.0,190.0,Reorder,124.0
23178,JAM CLOCK MAGNET,309,5.618181818181818,838.47,159,6,39.0,73.0,Overstock,0.0
23179,CLOCK MAGNET MUM'S KITCHEN,304,7.6,837.88,265,4,53.0,83.0,Overstock,0.0
23180,MUM'S KITCHEN CLOCK,104,2.888888888888889,471.90000000000003,168,13,20.0,58.0,Overstock,0.0
23181,BULL DOG BOTTLE TOP WALL CLOCK,185,2.681159420289855,1484.25,265,12,19.0,51.0,Overstock,0.0
23182,TOILET SIGN OCCUPIED OR VACANT,3378,13.093023255813954,2807.6899999999996,24,9,92.0,210.0,Reorder,186.0
23183,MOTHER'S KITCHEN SPOON REST ,178,3.016949152542373,690.71,203,8,21.0,45.0,Overstock,0.0
23184,BULL DOG BOTTLE OPENER,778,3.909547738693467,3749.5,39,12,27.0,74.0,Reorder,35.0
23185,FRENCH STYLE STORAGE JAR JAM,317,10.225806451612904,114.85,65,7,72.0,144.0,Reorder,79.0
23186,FRENCH STYLE STORAGE JAR CAFE ,1982,27.91549295774648,819.4599999999999,31,13,195.0,558.0,Reorder,527.0
23187,FRENCH STYLE STORAGE JAR BONBONS,2338,31.173333333333332,695.06,89,3,218.0,312.0,Reorder,223.0
23188,VINTAGE  2 METER FOLDING RULER,1775,11.305732484076433,2902.47,36,4,79.0,124.0,Reorder,88.0
23188,VINTAGE  2 METRE FOLDING RULER,1321,10.24031007751938,2197.6899999999996,166,10,72.0,174.0,Reorder,8.0
23189,SET OF 12 FORK CANDLES,1215,10.657894736842104,3319.35,173,3,75.0,107.0,Healthy,0.0
23190,BUNDLE OF 3 SCHOOL EXERCISE BOOKS  ,1678,9.322222222222223,2691.14,127,5,65.0,112.0,Healthy,0.0
23191,BUNDLE OF 3 RETRO EXERCISE BOOKS,60,12.0,98.99999999999999,255,4,84.0,132.0,Healthy,0.0
23191,BUNDLE OF 3 RETRO NOTE BOOKS,2099,8.532520325203253,3393.3499999999995,89,7,60.0,120.0,Reorder,31.0
23192,BUNDLE OF 3 ALPHABET EXERCISE BOOKS,3269,10.279874213836479,5197.169999999999,202,6,72.0,134.0,Healthy,0.0
23193,BUFFALO BILL TREASURE BOOK BOX,1847,13.481751824817518,3750.57,269,9,94.0,215.0,Healthy,0.0
23194,GYMKHANA TREASURE BOOK BOX,1630,10.251572327044025,3417.83,247,7,72.0,144.0,Healthy,0.0
23194,GYMKHANNA TREASURE BOOK BOX,120,8.571428571428571,261.84000000000003,121,10,60.0,146.0,Reorder,25.0
23196,LEAVES MAGNETIC  SHOPPING LIST,24,12.0,34.8,94,6,84.0,156.0,Reorder,62.0
23196,RETO LEAVES MAGNETIC SHOPPING LIST,36,12.0,52.199999999999996,235,14,84.0,252.0,Reorder,17.0
23196,RETRO LEAVES MAGNETIC NOTEPAD,103,5.421052631578948,149.35,222,8,38.0,81.0,Overstock,0.0
23196,VINTAGE LEAF MAGNETIC NOTEPAD,1593,7.409302325581395,2242.65,211,6,52.0,96.0,Overstock,0.0
23197,SKETCHBOOK MAGNETIC SHOPPING LIST,1318,7.281767955801105,1900.9399999999998,268,4,51.0,80.0,Overstock,0.0
23197,VEGETABLE MAGNETIC  SHOPPING LIST,36,12.0,49.8,261,3,84.0,120.0,Overstock,0.0
23198,PANTRY MAGNETIC  SHOPPING LIST,3063,8.018324607329843,4341.19,198,3,56.0,80.0,Overstock,0.0
23199,JUMBO BAG APPLES,13875,19.164364640883978,26426.3,238,10,134.0,326.0,Reorder,88.0
23200,JUMBO BAG PEARS,6729,14.226215644820297,13034.92,101,6,100.0,185.0,Reorder,84.0
23201,JUMBO BAG ALPHABET,12533,16.556142668428006,24160.44,111,7,116.0,232.0,Reorder,121.0
23202,JUMBO BAG VINTAGE LEAF,10695,13.729139922978177,20921.55,194,13,96.0,274.0,Reorder,80.0
23203,JUMBO BAG DOILEY PATTERNS,8735,19.11378555798687,16737.1,258,10,134.0,325.0,Reorder,67.0
23203,JUMBO BAG VINTAGE DOILEY ,143,23.833333333333332,268.44,279,14,167.0,501.0,Reorder,222.0
23203,JUMBO BAG VINTAGE DOILY ,10620,16.910828025477706,20641.4,182,9,118.0,270.0,Reorder,88.0
23204,CHARLOTTE BAG APPLES DESIGN,7039,16.484777517564403,5632.15,67,10,115.0,280.0,Reorder,213.0
23205,CHARLOTTE BAG ALPHABET  DESIGN,400,18.181818181818183,320.5,135,10,127.0,309.0,Reorder,174.0
23205,CHARLOTTE BAG VINTAGE ALPHABET ,4750,14.615384615384615,3784.52,244,8,102.0,219.0,Healthy,0.0
23206,LUNCH BAG APPLE DESIGN,11530,13.132118451025057,18220.5,166,12,92.0,250.0,Reorder,84.0
23207,LUNCH BAG ALPHABET DESIGN,7533,11.413636363636364,11994.41,82,4,80.0,126.0,Reorder,44.0
23208,LUNCH BAG VINTAGE LEAF DESIGN,6191,10.25,9950.35,32,8,72.0,154.0,Reorder,122.0
23209,LUNCH BAG DOILEY PATTERN ,6477,13.869379014989294,10323.05,208,3,97.0,139.0,Healthy,0.0
23209,LUNCH BAG VINTAGE DOILEY ,70,17.5,115.5,227,3,122.0,174.0,Healthy,0.0
23209,LUNCH BAG VINTAGE DOILY ,6438,11.726775956284152,10347.66,133,13,82.0,234.0,Reorder,101.0
23210,WHITE ROCKING HORSE HAND PAINTED,2750,16.76829268292683,3311.5,41,5,117.0,201.0,Reorder,160.0
23211,RED ROCKING HORSE HAND PAINTED,2206,18.694915254237287,2631.5,233,5,131.0,224.0,Healthy,0.0
23212,HEART WREATH DECORATION WITH BELL,2163,14.516778523489933,2562.63,190,13,102.0,291.0,Reorder,101.0
23212,PAINTED HEART WREATH WITH BELL,12,12.0,15.0,73,7,84.0,168.0,Reorder,95.0
23213,STAR WREATH DECORATION WITH BELL,1594,12.85483870967742,1921.94,145,3,90.0,129.0,Healthy,0.0
23214,BELL HEART ANTIQUE GOLD,12,12.0,24.96,296,12,84.0,228.0,Healthy,0.0
23214,JINGLE BELL HEART ANTIQUE GOLD,760,8.26086956521739,1599.8700000000001,223,8,58.0,124.0,Healthy,0.0
23215,JINGLE BELL HEART ANTIQUE SILVER,3544,17.72,6955.8,213,9,124.0,283.0,Reorder,70.0
23216,LAUREL HEART ANTIQUE GOLD,518,12.634146341463415,613.51,188,12,88.0,240.0,Reorder,52.0
23217,LAUREL HEART ANTIQUE SILVER,1290,15.0,1567.0,171,14,105.0,315.0,Reorder,144.0
23218,LAUREL STAR ANTIQUE GOLD,372,11.272727272727273,465.81,54,13,79.0,226.0,Reorder,172.0
23219,LAUREL STAR ANTIQUE SILVER ,404,7.769230769230769,504.6,203,5,54.0,93.0,Overstock,0.0
23220,REINDEER HEART DECORATION GOLD,929,11.91025641025641,774.43,76,6,83.0,154.0,Reorder,78.0
23221,REINDEER HEART DECORATION SILVER,1461,12.81578947368421,1241.59,241,12,90.0,244.0,Reorder,3.0
23222,CHRISTMAS TREE HANGING GOLD,776,11.757575757575758,690.64,182,13,82.0,235.0,Reorder,53.0
23223,CHRISTMAS TREE HANGING SILVER ,745,10.955882352941176,670.1099999999999,38,12,77.0,208.0,Reorder,170.0
23224,CHERUB HEART DECORATION GOLD,719,12.186440677966102,620.4499999999999,283,14,85.0,256.0,Healthy,0.0
23225,CHERUB HEART DECORATION SILVER ,1296,18.782608695652176,1089.6,132,12,131.0,356.0,Reorder,224.0
23226,FILIGREE HEART DAISY WHITE,1199,16.65277777777778,1478.59,49,12,117.0,317.0,Reorder,268.0
23227,FILIGREE HEART BUTTERFLY WHITE ,1592,18.298850574712645,1947.06,154,12,128.0,348.0,Reorder,194.0
23228,FILIGREE HEART BIRD WHITE ,1397,17.68354430379747,1726.3,86,5,124.0,212.0,Reorder,126.0
23229,DONKEY TAIL GAME ,54,13.5,189.54000000000002,84,3,94.0,134.0,Reorder,50.0
23229,VINTAGE DONKEY TAIL GAME ,1750,8.13953488372093,6146.89,44,10,57.0,138.0,Reorder,94.0
23230,WRAP ALPHABET DESIGN,7925,34.15948275862069,3196.5,56,12,239.0,649.0,Reorder,593.0
23231,WRAP  VINTAGE DOILEY ,100,50.0,42.0,20,12,350.0,950.0,Reorder,930.0
23231,WRAP  VINTAGE DOILY ,2450,26.344086021505376,1029.0,56,4,184.0,289.0,Reorder,233.0
23231,WRAP DOILEY DESIGN,4675,28.858024691358025,1915.5,160,3,202.0,289.0,Reorder,129.0
23232,WRAP VINTAGE LEAF DESIGN,5251,38.8962962962963,2109.42,251,10,272.0,661.0,Reorder,410.0
23232,WRAP VINTAGE PETALS  DESIGN,3275,31.490384615384617,1327.5,155,9,220.0,503.0,Reorder,348.0
23233,WRAP POPPIES  DESIGN,5175,32.54716981132076,2105.5,207,9,228.0,521.0,Reorder,314.0
23234,BISCUIT TIN VINTAGE CHRISTMAS,1632,7.0042918454935625,4567.38,147,6,49.0,91.0,Healthy,0.0
23235,BISCUIT TIN VINTAGE LEAF,24,8.0,64.56,220,13,56.0,160.0,Healthy,0.0
23235,STORAGE TIN VINTAGE LEAF,702,7.548387096774194,1831.1000000000001,146,11,53.0,136.0,Healthy,0.0
23236,DOILEY BISCUIT TIN,120,9.23076923076923,327.6,276,8,65.0,139.0,Healthy,0.0
23236,DOILEY STORAGE TIN,1082,9.575221238938052,2934.98,183,4,67.0,105.0,Healthy,0.0
23236,STORAGE TIN VINTAGE DOILEY ,6,6.0,17.34,54,3,42.0,60.0,Reorder,6.0
23236,STORAGE TIN VINTAGE DOILY ,1235,7.71875,3502.15,213,3,54.0,77.0,Overstock,0.0
23237,SET OF 4 KNICK KNACK TINS LEAF,739,6.370689655172414,2970.8500000000004,210,11,45.0,115.0,Healthy,0.0
23237,SET OF 4 KNICK KNACK TINS LEAVES ,304,5.735849056603773,1237.2,123,6,40.0,74.0,Healthy,0.0
23238,SET OF 4 KNICK KNACK TINS LONDON ,1775,7.489451476793249,7116.650000000001,42,7,52.0,104.0,Reorder,62.0
23239,SET OF 4 KNICK KNACK TINS POPPIES,812,5.139240506329114,3142.4,284,5,36.0,62.0,Overstock,0.0
23240,SET OF 4 KNICK KNACK TINS  DOILEY ,6,6.0,24.900000000000002,279,6,42.0,78.0,Overstock,0.0
23240,SET OF 4 KNICK KNACK TINS DOILEY ,1802,10.297142857142857,7132.700000000001,94,14,72.0,216.0,Reorder,122.0
23240,SET OF 4 KNICK KNACK TINS DOILY ,2286,7.188679245283019,9237.300000000001,91,10,50.0,122.0,Reorder,31.0
23241,TREASURE TIN GYMKHANA DESIGN,2005,6.986062717770035,4060.0,278,6,49.0,91.0,Overstock,0.0
23242,TREASURE TIN BUFFALO BILL ,1430,7.526315789473684,2886.0800000000004,207,11,53.0,136.0,Healthy,0.0
23243,SET OF TEA COFFEE SUGAR TINS PANTRY,4658,12.067357512953368,22109.08,192,11,84.0,217.0,Reorder,25.0
23244,CANNISTER VINTAGE LEAF DESIGN,12,6.0,23.4,64,8,42.0,90.0,Reorder,26.0
23244,ROUND STORAGE TIN VINTAGE LEAF,853,8.885416666666666,1552.5099999999998,80,4,62.0,98.0,Reorder,18.0
23244,STORAGE TIN VINTAGE LEAF,60,8.571428571428571,117.0,102,14,60.0,180.0,Reorder,78.0
23245,SET OF 3 REGENCY CAKE TINS,5844,8.105409153952843,26566.280000000002,142,12,57.0,154.0,Reorder,12.0
23247,BISCUIT TIN 50'S CHRISTMAS,2048,7.557195571955719,5760.52,35,13,53.0,151.0,Reorder,116.0
23249,ENAMEL DINNER PLATE PANTRY,12,12.0,19.799999999999997,85,9,84.0,192.0,Reorder,107.0
23249,VINTAGE RED ENAMEL TRIM PLATE,778,11.611940298507463,1254.8999999999999,164,11,81.0,209.0,Reorder,45.0
23250,ENAMEL BOWL PANTRY,24,12.0,30.0,181,8,84.0,180.0,Healthy,0.0
23250,VINTAGE RED TRIM ENAMEL BOWL ,1079,12.402298850574713,1328.59,253,5,87.0,149.0,Healthy,0.0
23251,ENAMEL MUG PANTRY,12,12.0,15.0,163,9,84.0,192.0,Reorder,29.0
23251,VINTAGE RED ENAMEL TRIM MUG ,1633,16.168316831683168,1940.45,207,7,113.0,226.0,Reorder,19.0
23252,ENAMEL JUG PANTRY,8,4.0,30.0,32,3,28.0,40.0,Reorder,8.0
23252,VINTAGE RED ENAMEL TRIM JUG ,578,4.699186991869919,2123.34,203,5,33.0,56.0,Overstock,0.0
23253,16 PC CUTLERY SET PANTRY DESIGN,4,4.0,63.8,130,7,28.0,56.0,Overstock,0.0
23253,16 PIECE CUTLERY SET PANTRY DESIGN,210,4.565217391304348,3018.2999999999997,234,9,32.0,73.0,Overstock,0.0
23254,CHILDRENS CUTLERY DOLLY GIRL ,1621,6.003703703703704,6525.55,139,5,42.0,72.0,Healthy,0.0
23254,KIDS CUTLERY DOLLY GIRL ,36,4.5,149.4,74,8,32.0,68.0,Healthy,0.0
23255,CHILDRENS CUTLERY CIRCUS PARADE,962,6.7272727272727275,3852.44,46,7,47.0,94.0,Reorder,48.0
23256,CHILDRENS CUTLERY SPACEBOY ,1980,6.1875,7966.080000000001,137,3,43.0,62.0,Overstock,0.0
23256,KIDS CUTLERY SPACEBOY ,36,4.5,149.4,240,12,32.0,86.0,Overstock,0.0
23263,SET OF 3 WOODEN HEART DECORATIONS,3717,8.892344497607656,4791.58,250,8,62.0,133.0,Healthy,0.0
23264,SET OF 3 WOODEN SLEIGH DECORATIONS,1842,6.9772727272727275,2396.7,72,10,49.0,119.0,Reorder,47.0
23265,SET OF 3 WOODEN TREE DECORATIONS,1665,6.453488372093023,2153.71,252,3,45.0,64.0,Overstock,0.0
23266,SET OF 3 WOODEN STOCKING DECORATION,1964,6.726027397260274,2529.64,177,4,47.0,74.0,Overstock,0.0
23267,SET OF 4 SANTA PLACE SETTINGS,1158,12.319148936170214,1427.34,288,6,86.0,160.0,Healthy,0.0
23268,SET OF 2 CERAMIC CHRISTMAS REINDEER,1434,18.384615384615383,1980.1799999999998,40,14,129.0,386.0,Reorder,346.0
23269,SET OF 2 CERAMIC CHRISTMAS TREES,748,9.714285714285714,1065.3999999999999,72,4,68.0,107.0,Reorder,35.0
23270,SET OF 2 CERAMIC PAINTED HEARTS ,1157,9.561983471074381,1612.85,294,13,67.0,191.0,Healthy,0.0
23271,CHRISTMAS TABLE CANDLE SILVER SPIKE,16,16.0,13.28,233,11,112.0,288.0,Reorder,55.0
23271,CHRISTMAS TABLE SILVER CANDLE SPIKE,1603,21.092105263157894,1301.05,50,12,148.0,401.0,Reorder,351.0
23272,TREE T-LIGHT HOLDER WILLIE WINKIE,352,10.057142857142857,522.7399999999999,202,10,70.0,171.0,Healthy,0.0
23273,HEART T-LIGHT HOLDER WILLIE WINKIE,928,9.46938775510204,1533.84,42,10,66.0,161.0,Reorder,119.0
23274,STAR T-LIGHT HOLDER WILLIE WINKIE,1139,11.505050505050505,1870.1099999999997,51,6,81.0,150.0,Reorder,99.0
23275,SET OF 3 HANGING OWLS OLLIE BEAK,3613,12.996402877697841,4291.17,93,7,91.0,182.0,Reorder,89.0
23280,FOLDING BUTTERFLY MIRROR HOT PINK ,1838,14.248062015503876,1427.16,29,6,100.0,185.0,Reorder,156.0
23280,FOLDING MIRROR HOT PINK ,156,31.2,118.91999999999999,73,11,218.0,561.0,Reorder,488.0
23281,FOLDING BUTTERFLY MIRROR RED  ,1252,13.608695652173912,961.28,71,4,95.0,149.0,Reorder,78.0
23281,FOLDING MIRROR RED  ,18,9.0,14.939999999999998,167,13,63.0,180.0,Reorder,13.0
23282,FOLDING BUTTERFLY MIRROR IVORY ,735,7.205882352941177,597.78,179,10,50.0,122.0,Healthy,0.0
23282,FOLDING MIRROR IVORY ,18,9.0,14.939999999999998,33,4,63.0,99.0,Reorder,66.0
23283,DOORMAT VINTAGE LEAF,541,4.471074380165289,3766.57,197,3,31.0,44.0,Overstock,0.0
23283,DOORMAT VINTAGE LEAVES DESIGN ,426,4.840909090909091,2833.7000000000003,72,12,34.0,92.0,Reorder,20.0
23284,DOORMAT KEEP CALM AND COME IN,5338,8.187116564417177,35880.85,41,5,57.0,98.0,Reorder,57.0
23285,PINK VINTAGE SPOT BEAKER,4679,35.446969696969695,4384.83,49,11,248.0,638.0,Reorder,589.0
23286,BLUE VINTAGE SPOT BEAKER,4901,29.884146341463413,4528.29,210,14,209.0,627.0,Reorder,417.0
23287,RED VINTAGE SPOT BEAKER,1774,11.986486486486486,1445.5,279,5,84.0,144.0,Healthy,0.0
23288,GREEN VINTAGE SPOT BEAKER,4505,33.370370370370374,4261.889999999999,224,11,234.0,601.0,Reorder,377.0
23289,DOLLY GIRL CHILDRENS BOWL,1553,10.93661971830986,1854.8500000000001,78,9,77.0,175.0,Reorder,97.0
23290,SPACEBOY CHILDRENS BOWL,2367,13.60344827586207,2757.15,283,12,95.0,258.0,Healthy,0.0
23291,DOLLY GIRL CHILDRENS CUP,1548,10.675862068965516,1880.14,31,3,75.0,107.0,Reorder,76.0
23292,SPACE BOY CHILDRENS CUP,130,26.0,143.3,138,12,182.0,494.0,Reorder,356.0
23292,SPACEBOY CHILDRENS CUP,1951,12.19375,2343.07,267,7,85.0,170.0,Healthy,0.0
23293,SET OF 12 FAIRY CAKE BAKING CASES,8228,17.61884368308351,6457.0,146,11,123.0,317.0,Reorder,171.0
23294,SET OF 6 SNACK LOAF BAKING CASES,4264,14.454237288135593,3336.94,94,14,101.0,303.0,Reorder,209.0
23295,SET OF 12 MINI LOAF BAKING CASES,5957,16.32054794520548,4670.63,223,5,114.0,196.0,Healthy,0.0
23296,SET OF 6 TEA TIME BAKING CASES,4877,15.09907120743034,5684.650000000001,68,11,106.0,272.0,Reorder,204.0
23297,SET 40 HEART SHAPE PETIT FOUR CASES,4260,30.0,6677.0,98,7,210.0,420.0,Reorder,322.0
23298,"BUNTING , SPOTTY ",146,20.857142857142858,634.7,260,11,146.0,375.0,Reorder,115.0
23298,SPOTTY BUNTING,7633,7.5276134122287965,35509.55,173,12,53.0,143.0,Healthy,0.0
23299,"FOOD COVER WITH BEADS , SET 2 SIZES",3,3.0,11.25,293,8,21.0,45.0,Overstock,0.0
23299,FOOD COVER WITH BEADS SET 2 ,977,8.074380165289256,3545.17,115,11,57.0,146.0,Reorder,31.0
23300,GARDENERS KNEELING PAD CUP OF TEA ,6285,9.789719626168225,9933.689999999999,233,9,69.0,157.0,Healthy,0.0
23301,GARDENERS KNEELING PAD KEEP CALM ,7722,10.133858267716535,12463.779999999999,228,9,71.0,162.0,Healthy,0.0
23302,KNEELING MAT HOUSEWORK  DESIGN,1473,7.752631578947368,1980.7099999999998,107,10,54.0,132.0,Reorder,25.0
23303,SET 4 PICNIC CUTLERY FONDANT,65,10.833333333333334,126.75,283,9,76.0,174.0,Healthy,0.0
23304,SET 4 PICNIC CUTLERY CHERRY ,71,7.888888888888889,138.45,176,14,55.0,165.0,Healthy,0.0
23305,SET 4 PICNIC CUTLERY BLUEBERRY,82,9.11111111111111,159.9,175,11,64.0,164.0,Healthy,0.0
23306,SET OF 36 DOILIES PANTRY DESIGN,2653,13.535714285714286,3761.9199999999996,158,13,95.0,271.0,Reorder,113.0
23306,SET OF 36 PANTRY PAPER DOILIES,39,2.6,58.019999999999996,140,11,18.0,47.0,Overstock,0.0
23307,SET OF 60 PANTRY DESIGN CAKE CASES ,11661,22.598837209302324,5974.39,84,8,158.0,339.0,Reorder,255.0
23308,SET OF 60 VINTAGE LEAF CAKE CASES ,5955,19.08653846153846,3091.61,126,9,134.0,306.0,Reorder,180.0
23309,SET OF 60 I LOVE LONDON CAKE CASES ,7670,24.98371335504886,3697.7000000000003,166,4,175.0,275.0,Reorder,109.0
23310,BUBBLEGUM RING ASSORTED,11891,55.56542056074766,4894.83,156,11,389.0,1000.0,Reorder,844.0
23311,VINTAGE CHRISTMAS STOCKING ,2199,7.742957746478873,5564.25,181,14,54.0,162.0,Healthy,0.0
23312,VINTAGE CHRISTMAS GIFT SACK,1364,6.9238578680203045,5523.0,119,3,48.0,69.0,Healthy,0.0
23313,VINTAGE CHRISTMAS BUNTING,2748,7.508196721311475,12960.12,160,3,53.0,76.0,Overstock,0.0
23314,VINTAGE CHRISTMAS TABLECLOTH,391,3.723809523809524,4638.52,102,5,26.0,45.0,Overstock,0.0
23315,IVORY REFECTORY CLOCK,202,2.6578947368421053,1894.7,196,14,19.0,56.0,Overstock,0.0
23316,RED REFECTORY CLOCK ,235,2.473684210526316,2212.25,217,8,17.0,37.0,Overstock,0.0
23317,BLUE REFECTORY CLOCK ,161,2.3,1547.95,131,7,16.0,32.0,Overstock,0.0
23318,BOX OF 6 MINI VINTAGE CRACKERS,3645,10.880597014925373,8345.43,75,4,76.0,120.0,Reorder,45.0
23319,BOX OF 6 MINI 50'S CRACKERS,3520,9.436997319034852,8169.4800000000005,198,11,66.0,170.0,Healthy,0.0
23320,GIANT 50'S CHRISTMAS CRACKER,2628,8.342857142857143,6907.52,205,12,58.0,158.0,Healthy,0.0
23321,SMALL WHITE HEART OF WICKER,4262,7.151006711409396,6798.099999999999,237,6,50.0,93.0,Overstock,0.0
23322,LARGE WHITE HEART OF WICKER,2892,5.593810444874275,8137.500000000001,236,6,39.0,73.0,Overstock,0.0
23323,WHITE WICKER STAR ,1422,5.115107913669065,2954.7000000000003,139,7,36.0,72.0,Healthy,0.0
23324,RUSTIC STRAWBERRY JAM POT LARGE ,261,7.909090909090909,531.84,194,10,55.0,134.0,Healthy,0.0
23324,RUSTIC STRAWBERRY JAMPOT LARGE ,120,20.0,238.56,42,12,140.0,380.0,Reorder,338.0
23325,RUSTIC STRAWBERRY JAM POT SMALL,408,15.11111111111111,641.9999999999999,232,6,106.0,197.0,Healthy,0.0
23325,RUSTIC STRAWBERRY JAMPOT SMALL,36,12.0,59.39999999999999,254,7,84.0,168.0,Healthy,0.0
23326,HANGING MINI COLOURED BOTTLES,3369,61.25454545454546,1999.5900000000001,32,14,429.0,1287.0,Reorder,1255.0
23327,HANGING CLEAR MINI BOTTLE,1710,48.857142857142854,1012.0200000000001,120,6,342.0,635.0,Reorder,515.0
23328,SET 6 SCHOOL MILK BOTTLES IN CRATE,2063,7.23859649122807,7495.29,43,8,51.0,109.0,Reorder,66.0
23329,DECORATIVE WICKER HEART LARGE,1701,7.331896551724138,2794.6499999999996,30,14,51.0,154.0,Reorder,124.0
23330,DECORATIVE WICKER HEART MEDIUM,1751,8.668316831683168,2181.19,292,5,61.0,104.0,Overstock,0.0
23331,DECORATIVE WICKER HEART SMALL,1492,17.348837209302324,932.2800000000001,113,10,121.0,294.0,Reorder,181.0
23332,IVORY WICKER HEART LARGE,1979,7.170289855072464,3255.7499999999995,220,8,50.0,107.0,Overstock,0.0
23333,IVORY WICKER HEART MEDIUM,2009,8.889380530973451,2498.65,40,12,62.0,169.0,Reorder,129.0
23334,IVORY WICKER HEART SMALL,2154,21.326732673267326,1345.5,230,7,149.0,298.0,Reorder,68.0
23335,EGG FRYING PAN IVORY ,358,4.365853658536586,722.5600000000001,159,4,31.0,48.0,Overstock,0.0
23336,EGG FRYING PAN PINK ,199,3.109375,415.97,120,12,22.0,59.0,Overstock,0.0
23337,EGG FRYING PAN MINT ,169,2.816666666666667,351.52000000000004,47,12,20.0,54.0,Reorder,7.0
23338,EGG FRYING PAN RED ,405,4.450549450549451,820.32,60,9,31.0,71.0,Reorder,11.0
23339,EGG FRYING PAN BLUE ,150,2.586206896551724,312.0,165,4,18.0,28.0,Overstock,0.0
23340,VINTAGE CHRISTMAS CAKE FRILL,2453,19.943089430894307,3879.45,275,3,140.0,200.0,Healthy,0.0
23341,PINK DINER WALL CLOCK,281,2.86734693877551,2317.1,246,9,20.0,46.0,Overstock,0.0
23342,MINT DINER CLOCK,2,2.0,17.0,255,7,14.0,28.0,Overstock,0.0
23342,MINT DINER WALL CLOCK,363,2.357142857142857,3034.5,32,3,16.0,23.0,Healthy,0.0
23343,JUMBO BAG VINTAGE CHRISTMAS ,4905,12.48091603053435,9742.1,229,6,87.0,162.0,Healthy,0.0
23344,JUMBO BAG 50'S CHRISTMAS ,8933,15.089527027027026,17636.04,248,14,106.0,317.0,Reorder,69.0
23345, DOLLY GIRL BEAKER,2394,17.733333333333334,2754.5,119,6,124.0,230.0,Reorder,111.0
23346,SPACEBOY BEAKER,2567,18.335714285714285,2970.75,50,12,128.0,348.0,Reorder,298.0
23347,I LOVE LONDON BEAKER,827,11.647887323943662,999.75,35,9,82.0,187.0,Reorder,152.0
23348,CHILDRENS TOY COOKING UTENSIL SET,676,5.451612903225806,1363.16,156,11,38.0,98.0,Healthy,0.0
23349,ROLL WRAP VINTAGE CHRISTMAS,2847,11.297619047619047,3450.39,185,4,79.0,124.0,Healthy,0.0
23350,ROLL WRAP VINTAGE SPOT ,2584,10.253968253968255,3154.4,119,14,72.0,216.0,Reorder,97.0
23351,ROLL WRAP 50'S CHRISTMAS,3054,11.105454545454545,3694.02,128,3,78.0,111.0,Healthy,0.0
23352,ROLL WRAP 50'S RED CHRISTMAS ,1593,9.773006134969325,1961.01,192,4,68.0,107.0,Healthy,0.0
23353,6 GIFT TAGS VINTAGE CHRISTMAS ,3726,14.498054474708171,3068.8199999999997,256,9,101.0,231.0,Healthy,0.0
23354,6 GIFT TAGS 50'S CHRISTMAS ,3343,12.427509293680297,2750.93,181,12,87.0,236.0,Reorder,55.0
23355,HOT WATER BOTTLE KEEP CALM,5313,7.26812585499316,24302.550000000003,235,8,51.0,109.0,Overstock,0.0
23356,LOVE HOT WATER BOTTLE,2325,5.065359477124183,12954.75,283,6,35.0,65.0,Overstock,0.0
23357,HOT WATER BOTTLE SEX BOMB,432,4.853932584269663,1832.0,282,3,34.0,49.0,Overstock,0.0
23358,HOT STUFF HOT WATER BOTTLE,527,7.865671641791045,1686.15,293,3,55.0,79.0,Overstock,0.0
23359,SET OF 12 T-LIGHTS VINTAGE DOILEY,61,10.166666666666666,118.94999999999999,22,7,71.0,142.0,Reorder,120.0
23359,SET OF 12 T-LIGHTS VINTAGE DOILY,915,13.071428571428571,1715.85,47,3,92.0,131.0,Reorder,84.0
23360,SET 8 CANDLES VINTAGE DOILEY,122,17.428571428571427,216.29999999999998,168,14,122.0,366.0,Reorder,198.0
23360,SET 8 CANDLES VINTAGE DOILY,1024,10.03921568627451,1932.0,47,9,70.0,160.0,Reorder,113.0
23365,SET 12 COLOUR PENCILS LOVE LONDON,1529,11.67175572519084,991.45,84,13,82.0,234.0,Reorder,150.0
23366,SET 12 COLOUR PENCILS DOILEY,48,16.0,31.200000000000003,40,3,112.0,160.0,Reorder,120.0
23366,SET 12 COLOURING PENCILS DOILEY,1,1.0,0.65,271,3,7.0,10.0,Overstock,0.0
23366,SET 12 COLOURING PENCILS DOILY,1870,13.357142857142858,1177.1000000000001,254,4,94.0,147.0,Healthy,0.0
23367,SET 12 COLOUR PENCILS SPACEBOY ,2778,11.871794871794872,1803.3000000000002,246,13,83.0,237.0,Healthy,0.0
23368,SET 12 COLOUR PENCILS DOLLY GIRL ,2152,11.824175824175825,1396.4,32,14,83.0,249.0,Reorder,217.0
23369,SET 36 COLOUR PENCILS LOVE LONDON,901,9.193877551020408,1053.29,68,12,64.0,174.0,Reorder,106.0
23370,SET 36 COLOUR PENCILS DOILEY,64,21.333333333333332,80.0,137,5,149.0,256.0,Reorder,119.0
23370,SET 36 COLOURING PENCILS DOILEY,1,1.0,1.25,73,13,7.0,20.0,Overstock,0.0
23370,SET 36 COLOURING PENCILS DOILY,1289,12.39423076923077,1562.6100000000001,157,3,87.0,124.0,Healthy,0.0
23371,SET 36 COLOUR PENCILS SPACEBOY ,1498,11.17910447761194,1775.22,72,11,78.0,201.0,Reorder,129.0
23372,SET 36 COLOUR PENCILS DOLLY GIRL,1294,12.563106796116505,1520.22,63,12,88.0,239.0,Reorder,176.0
23373,VINTAGE CHRISTMAS PAPER GIFT BAG,1563,17.761363636363637,1241.6599999999999,72,10,124.0,302.0,Reorder,230.0
23374,RED SPOT PAPER GIFT BAG,2444,20.0327868852459,1944.08,93,7,140.0,280.0,Reorder,187.0
23375,50'S CHRISTMAS PAPER GIFT BAG,1317,14.965909090909092,1059.9399999999998,65,13,105.0,300.0,Reorder,235.0
23376,PACK OF 12 VINTAGE CHRISTMAS TISSUE,2630,22.478632478632477,995.4599999999999,32,4,157.0,247.0,Reorder,215.0
23377,PACK OF 12 DOLLY GIRL TISSUES,1200,14.814814814814815,468.0,184,7,104.0,208.0,Reorder,24.0
23378,PACK OF 12 50'S CHRISTMAS TISSUES,3413,22.602649006622517,1270.59,121,8,158.0,339.0,Reorder,218.0
23379,PACK OF 12 RED APPLE TISSUES,1175,23.03921568627451,428.01,299,3,161.0,230.0,Healthy,0.0
23380,PACK OF 12 DOILEY TISSUES,72,36.0,28.08,277,13,252.0,720.0,Reorder,443.0
23380,PACK OF 12 VINTAGE DOILY TISSUES,2087,22.20212765957447,783.6899999999999,157,6,155.0,288.0,Reorder,131.0
23381,PACK OF 12 VINTAGE LEAF TISSUES ,1474,22.676923076923078,544.62,182,11,159.0,408.0,Reorder,226.0
23382,BOX OF 6 CHRISTMAS CAKE DECORATIONS,1712,10.439024390243903,6155.04,130,4,73.0,115.0,Healthy,0.0
23388,WOODLAND MINI BACKPACK,784,5.894736842105263,3133.6000000000004,121,7,41.0,82.0,Healthy,0.0
23388,WOODLAND MINI RUCKSACK ,5,2.5,20.75,36,3,18.0,26.0,Healthy,0.0
23389,SPACEBOY MINI BACKPACK,1030,5.073891625615763,4134.5,287,6,36.0,66.0,Overstock,0.0
23389,SPACEBOY MINI RUCKSACK,13,3.25,53.95,201,6,23.0,42.0,Overstock,0.0
23390,DOLLY GIRL MINI BACKPACK,713,4.850340136054422,2838.9500000000003,43,8,34.0,73.0,Reorder,30.0
23390,DOLLY GIRL MINI RUCKSACK,8,4.0,33.2,48,12,28.0,76.0,Reorder,28.0
23391, I LOVE LONDON MINI BACKPACK,359,5.202898550724638,1449.8500000000001,190,11,36.0,93.0,Overstock,0.0
23391, I LOVE LONDON MINI RUCKSACK,1,1.0,4.15,247,5,7.0,12.0,Overstock,0.0
23392,SPACEBOY ROCKET LOLLY MAKERS,587,7.430379746835443,1165.28,207,11,52.0,134.0,Healthy,0.0
23393,HOME SWEET HOME CUSHION COVER ,763,3.7586206896551726,2861.25,249,8,26.0,56.0,Overstock,0.0
23394,POSTE FRANCE CUSHION COVER,392,3.239669421487603,1470.0,138,9,23.0,52.0,Overstock,0.0
23395,BELLE JARDINIERE CUSHION COVER,683,3.8806818181818183,2555.73,175,14,27.0,81.0,Overstock,0.0
23396,BUTTERFLY CUSHION COVER,8,4.0,30.0,291,12,28.0,76.0,Overstock,0.0
23396,LA JARDIN BOTANIQUE CUSHION COVER,80,3.4782608695652173,300.0,194,4,24.0,38.0,Overstock,0.0
23396,LE JARDIN BOTANIQUE CUSHION COVER,521,3.6180555555555554,1948.23,123,13,25.0,72.0,Healthy,0.0
23397,FOOT STOOL HOME SWEET HOME ,434,2.465909090909091,4069.9,111,12,17.0,47.0,Overstock,0.0
23398,HANGING HEART BONHEUR,587,9.317460317460318,495.83,205,8,65.0,140.0,Healthy,0.0
23399,HOME SWEET HOME HANGING HEART,1815,9.81081081081081,1539.6299999999999,200,8,69.0,147.0,Healthy,0.0
23400,SHELF WITH 4 HOOKS HOME SWEET HOME,448,4.666666666666667,2247.36,189,4,33.0,52.0,Overstock,0.0
23401,RUSTIC MIRROR WITH LACE HEART,443,6.328571428571428,2155.51,206,4,44.0,69.0,Overstock,0.0
23402,HOME SWEEET HOME 3 PEG HANGER ,25,6.25,93.75,194,4,44.0,69.0,Overstock,0.0
23402,HOME SWEET HOME 3 PEG HANGER ,255,5.0,934.1700000000001,241,12,35.0,95.0,Overstock,0.0
23403,LETTER HOLDER HOME SWEET HOME,595,5.36036036036036,1980.31,252,14,38.0,113.0,Overstock,0.0
23404,HOME SWEET HOME BLACKBOARD,969,7.125,4108.58,181,3,50.0,71.0,Overstock,0.0
23405,HOME SWEET HOME 2 DRAWER CABINET,235,4.051724137931035,1128.05,153,7,28.0,56.0,Overstock,0.0
23406,HOME SWEET HOME KEY HOLDER,434,4.617021276595745,2148.54,243,10,32.0,78.0,Overstock,0.0
23407,SET OF 2 TRAYS HOME SWEET HOME,248,2.1016949152542375,2426.72,172,4,15.0,23.0,Overstock,0.0
23408,PHOTO FRAME LINEN AND LACE SMALL,310,5.254237288135593,644.8000000000001,52,7,37.0,74.0,Reorder,22.0
23409,PHOTO FRAME LINEN AND LACE LARGE,208,5.073170731707317,771.72,74,14,36.0,107.0,Reorder,33.0
23410,CURIO CABINET LINEN AND LACE ,36,2.0,290.1,26,10,14.0,34.0,Reorder,8.0
23411, TRELLIS COAT RACK,217,4.617021276595745,1016.5500000000001,263,12,32.0,87.0,Overstock,0.0
23412,HEART MIRROR ANTIQUE WHITE,351,4.875,2269.14,145,7,34.0,68.0,Overstock,0.0
23413,DECORATIVE VINTAGE COFFEE  BOX,44,2.75,208.20000000000002,31,4,19.0,30.0,Healthy,0.0
23413,DECROTIVEVINTAGE COFFEE GRINDER BOX,10,2.5,49.5,35,5,18.0,30.0,Healthy,0.0
23413,VINTAGE COFFEE GRINDER BOX,102,4.434782608695652,485.70000000000005,227,8,31.0,66.0,Overstock,0.0
23414,ZINC BOX SIGN HOME,139,2.2419354838709675,1348.01,62,13,16.0,45.0,Healthy,0.0
23415,HOME SWEET HOME HOOK,326,7.2444444444444445,405.59999999999997,154,13,51.0,145.0,Healthy,0.0
23416,CHAMBRE HOOK,123,6.833333333333333,155.06999999999996,247,7,48.0,96.0,Overstock,0.0
23417,BATHROOM HOOK,140,6.363636363636363,137.76,130,13,45.0,128.0,Healthy,0.0
23418,LAVENDER TOILETTE BOTTLE,533,8.883333333333333,1066.88,179,6,62.0,115.0,Healthy,0.0
23419,HOME SWEET HOME BOTTLE ,437,7.163934426229508,895.0400000000001,283,6,50.0,93.0,Overstock,0.0
23420,PANTRY HOOK TEA STRAINER ,159,5.678571428571429,330.72,244,7,40.0,80.0,Overstock,0.0
23421,PANTRY HOOK SPATULA,152,5.846153846153846,316.16,236,4,41.0,64.0,Overstock,0.0
23422,PANTRY HOOK BALLOON WHISK ,196,6.32258064516129,407.68,64,11,44.0,114.0,Reorder,50.0
23423,PANTRY 3 HOOK ROLLING PIN HANGER,202,3.9607843137254903,757.5,233,4,28.0,44.0,Overstock,0.0
23424,GINGHAM RECIPE BOOK BOX,409,3.970873786407767,1966.95,78,12,28.0,76.0,Healthy,0.0
23425,STORAGE TIN HOME SWEET HOME,237,6.771428571428571,435.43,151,4,47.0,74.0,Overstock,0.0
23426,METAL SIGN DROP YOUR PANTS,1230,7.109826589595376,3186.78,123,12,50.0,135.0,Reorder,12.0
23427,STOOL HOME SWEET HOME ,227,2.121495327102804,2635.9,214,11,15.0,38.0,Overstock,0.0
23428,IVORY RETRO KITCHEN WALL CLOCK,70,2.6923076923076925,559.5,176,5,19.0,32.0,Overstock,0.0
23429,RED RETRO KITCHEN WALL CLOCK,44,2.2,358.6,117,12,15.0,41.0,Overstock,0.0
23430,BLUE RETRO KITCHEN WALL CLOCK,35,2.0588235294117645,285.25,245,9,14.0,33.0,Overstock,0.0
23431,NATURAL HANGING QUILTED HEARTS ,1427,20.681159420289855,1113.1299999999999,224,6,145.0,269.0,Reorder,45.0
23432,PRETTY HANGING QUILTED HEARTS,1272,18.17142857142857,1045.1999999999998,98,8,127.0,272.0,Reorder,174.0
23433,HANGING QUILTED PATCHWORK APPLES,1215,14.817073170731707,1003.17,143,6,104.0,193.0,Reorder,50.0
23434,3 RAFFIA RIBBONS 50'S CHRISTMAS ,1782,13.2,1624.5,237,12,92.0,250.0,Reorder,13.0
23435,3 RAFFIA RIBBONS VINTAGE CHRISTMAS,676,15.363636363636363,606.28,23,9,108.0,246.0,Reorder,223.0
23436,GIFT BAG LARGE VINTAGE CHRISTMAS,148,16.444444444444443,185.0,109,3,115.0,164.0,Reorder,55.0
23436,VINTAGE CHRISTMAS GIFT BAG LARGE ,1781,21.457831325301203,2066.65,123,5,150.0,257.0,Reorder,134.0
23437, 50'S CHRISTMAS GIFT BAG LARGE,1885,17.293577981651374,2272.25,138,5,121.0,207.0,Reorder,69.0
23437,GIFT BAG LARGE 50'S CHRISTMAS,24,12.0,30.0,152,3,84.0,120.0,Healthy,0.0
23438, RED SPOT GIFT BAG LARGE,1686,18.32608695652174,2023.5,115,8,128.0,275.0,Reorder,160.0
23438,GIFT BAG LARGE SPOT ,96,16.0,120.0,162,13,112.0,320.0,Reorder,158.0
23439,HAND WARMER RED LOVE HEART,3721,9.639896373056995,7574.1,47,11,67.0,173.0,Reorder,126.0
23440,PAINT YOUR OWN EGGS IN CRATE,164,32.8,299.36,297,10,230.0,558.0,Reorder,261.0
23441,HAND PAINTED HANGING EASTER EGG,22,7.333333333333333,9.24,252,13,51.0,146.0,Healthy,0.0
23442,12 HANGING EGGS HAND PAINTED,40,5.0,83.2,36,9,35.0,80.0,Reorder,44.0
23444,Next Day Carriage,79,1.0,1200.0,78,12,7.0,19.0,Overstock,0.0
23445,ICE CREAM BUBBLES,2647,27.86315789473684,2131.0099999999998,109,10,195.0,474.0,Reorder,365.0
23446,BLUE BUNNY EASTER EGG BASKET,157,52.333333333333336,230.24999999999997,218,8,366.0,785.0,Reorder,567.0
23447,PINK BUNNY EASTER EGG BASKET,158,39.5,231.89999999999998,45,11,276.0,710.0,Reorder,665.0
23448,CREAM BUNNY EASTER EGG BASKET,25,8.333333333333334,41.24999999999999,44,5,58.0,100.0,Reorder,56.0
23449,SET OF 6 EASTER RAINBOW CHICKS,12,12.0,15.0,286,12,84.0,228.0,Healthy,0.0
23451,SQUARE MINI PORTRAIT FRAME,268,5.955555555555556,519.0,200,12,42.0,113.0,Healthy,0.0
23452,HEART MINI PORTRAIT FRAME,510,6.296296296296297,990.9,87,11,44.0,113.0,Reorder,26.0
23453,OVAL  MINI PORTRAIT FRAME,315,6.5625,611.85,68,6,46.0,85.0,Reorder,17.0
23454,SET OF 3 MINI HANGING PORTRAITS,32,16.0,123.2,194,9,112.0,256.0,Reorder,62.0
23454,THREE MINI HANGING FRAMES,129,2.74468085106383,535.35,71,11,19.0,49.0,Healthy,0.0
23455,SMALL PARLOUR FRAME,42,21.0,106.98000000000002,121,4,147.0,231.0,Reorder,110.0
23455,SMALL PARLOUR PICTURE FRAME,164,4.96969696969697,459.56,235,4,35.0,55.0,Overstock,0.0
23456,MEDIUM PARLOUR FRAME ,22,11.0,84.1,207,11,77.0,198.0,Healthy,0.0
23456,MEDIUM PARLOUR PICTURE FRAME ,136,4.0,550.0,76,14,28.0,84.0,Reorder,8.0
23457,LARGE PARLOUR FRAME,27,13.5,122.85,66,5,94.0,162.0,Reorder,96.0
23457,LARGE PARLOUR PICTURE FRAME,77,2.8518518518518516,375.75,178,11,20.0,51.0,Overstock,0.0
23458,DOLLY CABINET 3 DRAWERS ,51,1.7,762.4499999999999,193,7,12.0,24.0,Overstock,0.0
23459,DOLLY CABINET 2 DRAWERS ,33,1.736842105263158,412.5,261,8,12.0,26.0,Overstock,0.0
23460,SWEETHEART WALL TIDY ,108,2.511627906976744,1007.0799999999999,260,4,18.0,28.0,Overstock,0.0
23461,SWEETHEART BIRD HOUSE,829,9.314606741573034,2908.55,24,10,65.0,158.0,Reorder,134.0
23462,ROCOCO WALL MIROR,2,2.0,39.9,103,13,14.0,40.0,Overstock,0.0
23462,ROCOCO WALL MIRROR WHITE,75,1.744186046511628,1442.25,267,11,12.0,31.0,Overstock,0.0
23463,VINTAGE ZINC WATERING CAN,12,1.7142857142857142,119.39999999999999,73,4,12.0,19.0,Overstock,0.0
23464,VINTAGE ZINC WATERING CAN SMALL,16,2.6666666666666665,79.2,180,8,19.0,40.0,Overstock,0.0
23465,TUSCAN VILLA BIRD FEEDER,16,2.0,132.0,245,8,14.0,30.0,Overstock,0.0
23465,TUSCAN VILLA FEEDING STATION,12,1.7142857142857142,99.0,34,10,12.0,29.0,Healthy,0.0
23466,TUSCAN VILLA DOVECOTE,12,3.0,99.0,243,12,21.0,57.0,Overstock,0.0
23466,TUSCAN VILLA DOVECOTE BIRD FEEDER,37,2.176470588235294,299.25,80,14,15.0,45.0,Healthy,0.0
23467,VINTAGE ZINC PLANTER  ,23,4.6,75.67,141,7,32.0,64.0,Overstock,0.0
23468,TUSCAN VILLA BIRD TABLE ,19,1.7272727272727273,156.75,296,11,12.0,31.0,Overstock,0.0
23469,CARD HOLDER LOVE BIRD SMALL,320,5.079365079365079,1255.7600000000002,65,3,36.0,51.0,Healthy,0.0
23470,CARD HOLDER LOVE BIRD LARGE ,220,2.933333333333333,1323.4,81,11,21.0,53.0,Healthy,0.0
23471,SIX DRAWER OFFICE TIDY,64,2.4615384615384617,596.0,105,12,17.0,47.0,Overstock,0.0
23472, NINE DRAWER OFFICE TIDY,54,1.8,777.9,229,9,13.0,29.0,Overstock,0.0
23473,WOODLAND SMALL RED FELT HEART,665,15.465116279069768,530.8299999999999,97,6,108.0,201.0,Reorder,104.0
23474,WOODLAND SMALL BLUE FELT HEART,297,10.607142857142858,246.51,221,5,74.0,127.0,Healthy,0.0
23475,WOODLAND SMALL PINK FELT HEART,280,10.76923076923077,232.39999999999998,242,12,75.0,204.0,Healthy,0.0
23476,WOODLAND LARGE RED FELT HEART,198,11.0,247.5,241,13,77.0,220.0,Healthy,0.0
23477,WOODLAND LARGE BLUE FELT HEART,85,10.625,106.25,22,8,74.0,159.0,Reorder,137.0
23478,WOODLAND LARGE PINK FELT HEART,278,27.8,307.18,25,14,195.0,584.0,Reorder,559.0
23479,WIRE EGG BASKET ,109,2.725,819.65,112,3,19.0,27.0,Overstock,0.0
23480,MINI LIGHTS WOODLAND MUSHROOMS,1717,9.755681818181818,6118.59,27,5,68.0,117.0,Reorder,90.0
23481,PEARLISED IVORY HEART SMALL ,217,7.233333333333333,266.21,254,4,51.0,80.0,Overstock,0.0
23482,PEARLISED IVORY HEART LARGE ,415,11.527777777777779,651.15,127,13,81.0,231.0,Reorder,104.0
23483,HANGING  BUTTERFLY T-LIGHT HOLDER,1310,19.55223880597015,1526.62,180,11,137.0,352.0,Reorder,172.0
23484,HEART TRELLIS TRIPLE T-LIGHT HOLDER,118,5.619047619047619,331.42,228,5,39.0,67.0,Overstock,0.0
23484,HEART TRELLISTRIPLE T-LIGHT HOLDER,56,11.2,152.24,259,4,78.0,123.0,Overstock,0.0
23485,BOTANICAL GARDENS WALL CLOCK ,259,3.2375,5719.0,69,6,23.0,42.0,Healthy,0.0
23486,ANTIQUE HEART SHELF UNIT,267,3.926470588235294,3879.15,30,4,27.0,43.0,Reorder,13.0
23487,SWEET HEART CAKE CARRIER,78,1.8571428571428572,753.9999999999999,175,3,13.0,19.0,Overstock,0.0
23489,"GARLAND, VINTAGE BELLS",92,9.2,265.88,89,8,64.0,138.0,Reorder,49.0
23489,VINTAGE BELLS GARLAND,784,5.894736842105263,2246.56,188,12,41.0,112.0,Healthy,0.0
23490,T-LIGHT HOLDER HANGING LOVE BIRD,533,5.610526315789474,1965.63,291,10,39.0,95.0,Overstock,0.0
23491,VINTAGE JINGLE BELLS HEART,226,2.935064935064935,1864.5,87,12,21.0,56.0,Healthy,0.0
23492,VINTAGE JINGLE BELLS WREATH,74,2.8461538461538463,610.5,271,12,20.0,54.0,Overstock,0.0
23493,VINTAGE DOILY TRAVEL SEWING KIT,3516,9.82122905027933,6736.2,67,4,69.0,108.0,Reorder,41.0
23494,VINTAGE DOILY DELUXE SEWING KIT ,722,4.0790960451977405,4194.900000000001,203,11,29.0,74.0,Overstock,0.0
23495,SET OF 3 PANTRY WOODEN SPOONS,192,8.0,240.0,206,5,56.0,96.0,Overstock,0.0
23496,PANTRY KITCHEN THERMOMETER ,88,4.0,110.0,109,10,28.0,68.0,Healthy,0.0
23497,CLASSIC CHROME BICYCLE BELL ,2451,14.005714285714285,3431.35,158,14,98.0,294.0,Reorder,136.0
23497,CLASSIC CROME BICYCLE BELL ,60,30.0,77.4,108,10,210.0,510.0,Reorder,402.0
23498,CLASSIC BICYCLE CLIPS ,1587,17.831460674157302,2200.15,293,5,125.0,214.0,Healthy,0.0
23499,SET 12 VINTAGE DOILY CHALK ,1244,12.958333333333334,522.48,38,5,91.0,156.0,Reorder,118.0
23500,KEY RING BASEBALL BOOT ASSORTED ,1580,17.954545454545453,1928.8,173,14,126.0,377.0,Reorder,204.0
23501,KEY RING BASEBALL BOOT UNION JACK,1770,20.344827586206897,2103.3,279,8,142.0,305.0,Reorder,26.0
23502,PLAYING CARDS VINTAGE DOILEY ,13,6.5,16.25,127,3,46.0,66.0,Healthy,0.0
23502,PLAYING CARDS VINTAGE DOILY ,677,7.872093023255814,822.73,78,6,55.0,102.0,Reorder,24.0
23503,PLAYING CARDS KEEP CALM & CARRY ON,3432,10.275449101796408,4242.96,144,3,72.0,103.0,Healthy,0.0
23504,PLAYING CARDS JUBILEE UNION JACK,1661,8.346733668341708,2073.73,292,5,58.0,100.0,Overstock,0.0
23505,PLAYING CARDS I LOVE LONDON ,1058,9.981132075471699,1238.5,126,11,70.0,180.0,Reorder,54.0
23506,MINI PLAYING CARDS SPACEBOY ,2694,20.40909090909091,1106.28,264,7,143.0,286.0,Reorder,22.0
23507,MINI PLAYING CARDS BUFFALO BILL ,2839,26.045871559633028,1128.18,266,14,182.0,547.0,Reorder,281.0
23508,MINI PLAYING CARDS DOLLY GIRL ,2472,21.68421052631579,1013.0400000000001,27,7,152.0,304.0,Reorder,277.0
23509,MINI PLAYING CARDS FUN FAIR ,1040,18.90909090909091,433.2,160,13,132.0,378.0,Reorder,218.0
23510,MINI PLAYING CARDS GYMKHANA,2297,22.97,901.74,27,6,161.0,299.0,Reorder,272.0
23511,EMBROIDERED RIBBON REEL EMILY ,524,6.093023255813954,1046.42,113,5,43.0,73.0,Healthy,0.0
23512,EMBROIDERED RIBBON REEL ROSIE,484,9.877551020408163,921.46,58,7,69.0,138.0,Reorder,80.0
23513,EMBROIDERED RIBBON REEL SUSIE ,556,8.96774193548387,1072.96,100,13,63.0,180.0,Reorder,80.0
23514,EMBROIDERED RIBBON REEL SALLY ,458,7.387096774193548,909.14,206,6,52.0,96.0,Overstock,0.0
23515,EMBROIDERED RIBBON REEL DAISY ,558,9.3,1075.3799999999999,103,10,65.0,158.0,Reorder,55.0
23516,EMBROIDERED RIBBON REEL SOPHIE  ,291,6.928571428571429,1025.01,107,6,48.0,90.0,Healthy,0.0
23517,EMBROIDERED RIBBON REEL REBECCA ,312,6.117647058823529,860.88,261,13,43.0,123.0,Overstock,0.0
23518,EMBROIDERED RIBBON REEL RACHEL ,357,8.707317073170731,954.9300000000001,112,14,61.0,183.0,Reorder,71.0
23519,EMBROIDERED RIBBON REEL CLAIRE,219,11.526315789473685,755.01,105,10,81.0,196.0,Reorder,91.0
23520,EMBROIDERED RIBBON REEL RUBY ,165,5.5,585.63,63,8,38.0,82.0,Reorder,19.0
23521,CAT AND BIRD WALL ART,270,67.5,323.64,156,14,472.0,1417.0,Reorder,1261.0
23521,WALL ART CAT AND BIRD ,118,6.555555555555555,324.98,93,13,46.0,131.0,Reorder,38.0
23522,DOG AND BALL WALL ART,252,63.0,425.87999999999994,55,7,441.0,882.0,Reorder,827.0
23522,WALL ART DOG AND BALL ,89,5.235294117647059,226.29000000000002,120,6,37.0,68.0,Healthy,0.0
23523,TREASURE AHOY WALL ART,270,16.875,833.46,175,6,118.0,219.0,Reorder,44.0
23523,WALL ART TREASURE AHOY ,87,3.9545454545454546,317.97,274,14,28.0,83.0,Overstock,0.0
23524,HORSE & PONY WALL ART,256,15.058823529411764,797.3100000000001,190,6,105.0,195.0,Reorder,5.0
23524,WALL ART HORSE & PONY ,209,6.147058823529412,644.6700000000001,235,13,43.0,123.0,Healthy,0.0
23525,BUFFALO BILL WALL ART ,246,16.4,845.22,189,11,115.0,295.0,Reorder,106.0
23525,WALL ART BUFFALO BILL ,321,11.068965517241379,932.6700000000001,271,6,77.0,143.0,Healthy,0.0
23526,DOG LICENCE WALL ART,408,14.068965517241379,2081.64,74,14,98.0,295.0,Reorder,221.0
23526,WALL ART DOG LICENCE ,474,7.523809523809524,2265.18,110,11,53.0,136.0,Reorder,26.0
23527,ANIMALS AND NATURE WALL ART,267,15.705882352941176,923.97,297,12,110.0,298.0,Reorder,1.0
23527,WALL ART ANIMALS AND NATURE ,148,5.6923076923076925,471.0,120,8,40.0,86.0,Healthy,0.0
23528,SPACEBOY WALL ART,306,23.53846153846154,885.9000000000001,174,12,165.0,447.0,Reorder,273.0
23528,WALL ART SPACEBOY,156,7.428571428571429,495.48,160,9,52.0,119.0,Healthy,0.0
23529,DOLLY GIRL WALL ART,318,28.90909090909091,1055.94,192,14,202.0,607.0,Reorder,415.0
23529,WALL ART DOLLY GIRL ,311,16.36842105263158,896.3700000000001,29,12,115.0,311.0,Reorder,282.0
23530,WALL ART ONLY ONE PERSON ,1031,14.123287671232877,4211.55,247,5,99.0,170.0,Healthy,0.0
23530,"WALL ART,ONLY ONE PERSON ",6,6.0,29.700000000000003,284,10,42.0,102.0,Overstock,0.0
23531,WALL ART BIG LOVE ,960,9.795918367346939,5319.36,267,5,69.0,118.0,Overstock,0.0
23532,WALL ART WORK REST AND PLAY  ,205,7.884615384615385,853.47,266,3,55.0,79.0,Overstock,0.0
23533,WALL ART GARDEN HAVEN ,210,6.774193548387097,936.34,174,12,47.0,128.0,Healthy,0.0
23534,STOP FOR TEA WALL ART,518,12.634146341463415,2572.7,53,14,88.0,265.0,Reorder,212.0
23534,WALL ART STOP FOR TEA ,688,4.467532467532467,3748.1800000000003,148,7,31.0,62.0,Overstock,0.0
23535,BICYCLE SAFTEY WALL ART,458,11.743589743589743,2371.94,179,4,82.0,129.0,Healthy,0.0
23535,WALL ART BICYCLE SAFETY,644,5.322314049586777,3412.52,108,12,37.0,101.0,Healthy,0.0
23535,WALL ART BICYCLE SAFTEY ,21,7.0,114.15,112,8,49.0,105.0,Healthy,0.0
23536,VILLAGE SHOW WALL ART,386,21.444444444444443,2072.42,260,12,150.0,407.0,Reorder,147.0
23536,WALL ART VILLAGE SHOW ,227,4.053571428571429,1201.6100000000001,136,11,28.0,73.0,Healthy,0.0
23537,I LOVE LONDON WALL ART,12,6.0,59.400000000000006,113,3,42.0,60.0,Healthy,0.0
23537,WALL ART I LOVE LONDON ,86,4.526315789473684,387.3,182,6,32.0,59.0,Overstock,0.0
23538,WALL ART VINTAGE HEART,326,12.074074074074074,1273.92,118,3,85.0,121.0,Reorder,3.0
23539,"WALL ART , LOVES' SECRET ",8,4.0,47.6,132,3,28.0,40.0,Overstock,0.0
23539,WALL ART LOVES' SECRET ,229,6.9393939393939394,1082.1100000000001,110,10,49.0,118.0,Reorder,8.0
23540,"WALL ART , THE MAGIC FOREST ",2,2.0,13.9,225,13,14.0,40.0,Overstock,0.0
23540,WALL ART THE MAGIC FOREST ,144,16.0,876.64,36,4,112.0,176.0,Reorder,140.0
23541,"WALL ART ,PUDDINGS ",8,4.0,61.2,293,3,28.0,40.0,Overstock,0.0
23541,WALL ART CLASSIC PUDDINGS ,821,6.9576271186440675,6093.49,192,13,49.0,139.0,Healthy,0.0
23542,70'S ALPHABET WALL ART,150,10.0,1043.1,135,10,70.0,170.0,Reorder,35.0
23542,WALL ART 70'S ALPHABET ,334,6.072727272727272,2399.58,200,6,43.0,79.0,Overstock,0.0
23543,KEEP CALM WALL ART ,269,13.45,2015.97,110,5,94.0,161.0,Reorder,51.0
23543,WALL ART KEEP CALM ,958,12.605263157894736,4853.5,101,14,88.0,264.0,Reorder,163.0
23544,WALL ART MID CENTURY MODERN ,164,8.2,1015.78,133,6,57.0,106.0,Healthy,0.0
23545,WRAP RED DOILEY,375,25.0,157.5,276,13,175.0,500.0,Reorder,224.0
23545,WRAP RED VINTAGE DOILY,2100,30.434782608695652,866.0,77,7,213.0,426.0,Reorder,349.0
23546,WRAP PAISLEY PARK ,3250,27.083333333333332,1365.0,173,3,190.0,271.0,Reorder,98.0
23547,WRAP FLOWER SHOP  ,1575,25.403225806451612,661.5,135,13,178.0,508.0,Reorder,373.0
23548,WRAP MAGIC FOREST ,1075,25.0,451.5,285,3,175.0,250.0,Healthy,0.0
23549,WRAP BIRD GARDEN ,1300,25.49019607843137,546.0,222,5,178.0,305.0,Reorder,83.0
23550,WRAP ALPHABET POSTER  ,1850,29.365079365079364,761.0,60,8,206.0,441.0,Reorder,381.0
23551,PACK OF 12 PAISLEY PARK TISSUES ,1614,16.63917525773196,629.4599999999999,124,3,116.0,166.0,Reorder,42.0
23552,BICYCLE PUNCTURE REPAIR KIT ,1730,15.727272727272727,3336.7200000000003,212,13,110.0,314.0,Reorder,102.0
23553,LANDMARK FRAME CAMDEN TOWN ,557,8.983870967741936,6244.85,297,14,63.0,189.0,Healthy,0.0
23554,LANDMARK FRAME OXFORD STREET,419,7.7592592592592595,4730.65,256,4,54.0,85.0,Overstock,0.0
23555,LANDMARK FRAME NOTTING HILL ,419,8.551020408163266,4730.65,240,14,60.0,180.0,Healthy,0.0
23556,LANDMARK FRAME COVENT GARDEN ,435,8.365384615384615,4912.05,87,9,59.0,134.0,Reorder,47.0
23557,LANDMARK FRAME BAKER STREET ,347,11.96551724137931,3867.85,216,3,84.0,120.0,Healthy,0.0
23558,LANDMARK FRAME LONDON BRIDGE ,410,8.72340425531915,4604.2,275,9,61.0,140.0,Healthy,0.0
23559,WOODLAND BUNNIES LOLLY MAKERS,563,7.506666666666667,1129.28,158,6,53.0,98.0,Healthy,0.0
23560,SET OF 6 RIBBONS COUNTRY STYLE,163,8.15,447.07,168,12,57.0,155.0,Healthy,0.0
23561,SET OF 6 RIBBONS PARTY,167,12.846153846153847,458.63,118,8,90.0,193.0,Reorder,75.0
23562,SET OF 6 RIBBONS PERFECTLY PRETTY  ,243,6.5675675675675675,678.27,95,10,46.0,112.0,Reorder,17.0
23564,EGG CUP MILKMAID INGRID,587,13.976190476190476,703.51,128,11,98.0,252.0,Reorder,124.0
23565,EGG CUP MILKMAID HELGA ,348,11.225806451612904,435.0,207,8,79.0,169.0,Healthy,0.0
23566,EGG CUP MILKMAID HEIDI,784,17.043478260869566,919.52,218,14,119.0,358.0,Reorder,140.0
23567,EGG CUP HENRIETTA HEN PINK,187,9.842105263157896,233.75,173,13,69.0,197.0,Reorder,24.0
23568,EGG CUP HENRIETTA HEN CREAM ,580,20.714285714285715,664.52,59,11,145.0,373.0,Reorder,314.0
23569,TRADTIONAL ALPHABET STAMP SET,926,5.202247191011236,4497.3,152,6,36.0,67.0,Overstock,0.0
23570,TRADITIONAL PICK UP STICKS GAME ,1836,7.618257261410788,2295.0,151,8,53.0,114.0,Healthy,0.0
23571,TRADITIONAL NAUGHTS & CROSSES,2018,9.131221719457013,3300.8999999999996,298,10,64.0,155.0,Healthy,0.0
23574,PACKING CHARGE,14,1.0,105.0,103,11,7.0,18.0,Overstock,0.0
23575,SNACK TRAY PAISLEY PARK,164,6.833333333333333,305.4,261,5,48.0,82.0,Overstock,0.0
23576,SNACK TRAY RED VINTAGE DOILY,185,6.166666666666667,346.34999999999997,135,4,43.0,68.0,Healthy,0.0
23578,SNACK TRAY RED GINGHAM,56,5.090909090909091,109.2,128,8,36.0,77.0,Healthy,0.0
23579,SNACK TRAY I LOVE LONDON,149,6.208333333333333,276.15,240,6,43.0,80.0,Overstock,0.0
23580,SNACK TRAY HAPPY FOREST  ,110,5.238095238095238,214.5,60,3,37.0,53.0,Healthy,0.0
23581,JUMBO BAG PAISLEY PARK,4358,14.103559870550162,8498.04,166,10,99.0,240.0,Reorder,74.0
23582,VINTAGE DOILY JUMBO BAG RED ,4434,18.70886075949367,8508.220000000001,131,11,131.0,337.0,Reorder,206.0
23583,LUNCH BAG PAISLEY PARK  ,3305,10.836065573770492,5251.25,122,11,76.0,195.0,Reorder,73.0
23597,PAPER BUNTING PAISLEY PARK,246,8.785714285714286,661.7,65,4,62.0,97.0,Reorder,32.0
23598,PAPER BUNTING VINTAGE PARTY,420,10.0,1175.0,290,11,70.0,180.0,Healthy,0.0
23630,SET 10 CARDS HANGING BAUBLES 17080,1,1.0,2.99,214,9,7.0,16.0,Overstock,0.0
23660,HENRIETTA HEN MUG ,293,9.451612903225806,483.44999999999993,299,7,66.0,132.0,Overstock,0.0
23661,MILK MAIDS MUG ,204,8.5,336.59999999999997,59,9,60.0,136.0,Reorder,77.0
23664,FLOWER SHOP DESIGN MUG,1,1.0,1.65,208,11,7.0,18.0,Overstock,0.0
23681,LUNCH BAG RED VINTAGE DOILY,1547,13.0,2432.55,183,10,91.0,221.0,Reorder,38.0
23691,KEEP CALM BIRTHDAY WRAP,50,25.0,21.0,43,8,175.0,375.0,Reorder,332.0
23691,WRAP KEEP CALM BIRTHDAY,1125,31.25,460.5,43,6,219.0,406.0,Reorder,363.0
23692,WRAP A PRETTY THANK YOU,50,25.0,21.0,23,3,175.0,250.0,Reorder,227.0
23694,PAISLEY PARK CARD,348,14.5,141.84,200,8,102.0,218.0,Reorder,18.0
23695,DOILY THANK YOU CARD,703,15.977272727272727,286.62,267,5,112.0,192.0,Healthy,0.0
23697,A PRETTY THANK YOU CARD,438,16.22222222222222,179.64,135,8,114.0,244.0,Reorder,109.0
23702,High Resolution Image,4,1.3333333333333333,27.0,298,8,9.0,20.0,Overstock,0.0
23843,"PAPER CRAFT , LITTLE BIRDIE",80995,80995.0,168469.6,88,6,566965.0,1052935.0,Reorder,1052847.0
35015,JACOBS LADDER SMALL,2064,54.31578947368421,123.84,273,4,380.0,597.0,Reorder,324.0
35071,ASSORTED SANTA CHRISTMAS DECORATION,48,9.6,40.8,200,11,67.0,173.0,Healthy,0.0
35160,BUDDHA INCENSE HOLDER ASSORTED,2176,41.056603773584904,1587.24,188,4,287.0,451.0,Reorder,263.0
35233,PASTA ENAMEL/BRASS CONTAINER,10,1.25,37.5,268,5,9.0,15.0,Overstock,0.0
35240,ENAMEL BLUE RIM OVAL TRAY SET/2,48,1.263157894736842,407.52,207,12,9.0,24.0,Overstock,0.0
35241,ENAMEL BLUE RIM BISCUIT BIN,271,2.882978723404255,1281.25,73,3,20.0,29.0,Overstock,0.0
35265,COLOURFUL FLOWER FRUIT BOWL,20,1.3333333333333333,78.05,157,9,9.0,21.0,Overstock,0.0
35400,WOODEN BOX ADVENT CALENDAR ,1239,3.698507462686567,10710.1,187,3,26.0,37.0,Overstock,0.0
35443,RASTA IN BATH W SPLIFF ASHTRAY,15,1.6666666666666667,12.75,122,13,12.0,34.0,Overstock,0.0
35537,CANDLE RING W/CLEAR BEADS,13,4.333333333333333,5.46,104,11,30.0,78.0,Healthy,0.0
35594,WOODEN CHRISTMAS TREE 3 HANGING,138,6.571428571428571,57.96,231,13,46.0,131.0,Healthy,0.0
35596,WOOD XMAS TREE 9 FIG SHELVES,29,7.25,24.65,22,13,51.0,145.0,Reorder,123.0
35644,PAIR PINK/BLACK COATHANGERS,21,2.625,40.95,198,3,18.0,26.0,Overstock,0.0
35645,VINTAGE BEAD PINK JEWEL BOX,51,2.125,216.75,57,7,15.0,30.0,Healthy,0.0
35646,VINTAGE BEAD PINK EVENING BAG,533,10.056603773584905,753.88,258,9,70.0,161.0,Healthy,0.0
35647,VINTAGE BEAD PINK SHADE ,525,11.931818181818182,652.5,188,5,84.0,144.0,Healthy,0.0
35648,VINTAGE BEAD PINK PURSE ,867,12.211267605633802,937.01,49,11,85.0,219.0,Reorder,170.0
35649,VINTAGE BEAD COSMETIC BAG ,1776,80.72727272727273,1195.82,209,10,565.0,1372.0,Reorder,1163.0
35650,VINTAGE BEAD PINK JEWEL STAND,3,1.0,14.850000000000001,44,5,7.0,12.0,Overstock,0.0
35651,VINTAGE BEAD PINK SCARF ,337,8.868421052631579,612.7499999999999,131,7,62.0,124.0,Healthy,0.0
35652,VINTAGE BEAD CHAISE LONG JEWEL BOX,18,9.0,21.5,225,9,63.0,144.0,Healthy,0.0
35653,VINTAGE BEAD NOTEBOOK,183,3.267857142857143,539.85,204,14,23.0,69.0,Overstock,0.0
35654,VINTAGE BEAD FILLED PINK CUSHION,12,2.4,59.400000000000006,66,6,17.0,31.0,Overstock,0.0
35793,S/3 PUPPIES CHRISTMAS DECORATIONS,101,11.222222222222221,174.05,247,7,79.0,158.0,Healthy,0.0
35832,WOOLLY HAT SOCK GLOVE ADVENT STRING,1687,10.286585365853659,4995.85,58,5,72.0,123.0,Reorder,65.0
35837,SET OF SIX SILVER+RED FLOCK BAUBLES,2,2.0,1.7,35,11,14.0,36.0,Reorder,1.0
35840,FLAT GLASS  BAUBLE WHITE FLOCK ,36,7.2,51.0,41,12,50.0,136.0,Reorder,95.0
35914,PINK CHICK EGG WARMER + EGG CUP,175,5.833333333333333,246.25,232,11,41.0,105.0,Overstock,0.0
35920,FOUR RABBIT EASTER DECORATIONS,1065,53.25,275.25,168,9,373.0,852.0,Reorder,684.0
35921,EASTER BUNNY HANGING GARLAND,154,5.703703703703703,192.5,260,12,40.0,108.0,Overstock,0.0
35922,EASTER BUNNY WREATH,76,3.619047619047619,362.2,291,4,25.0,39.0,Overstock,0.0
35923,CANDY HEART HANGING DECORATION,1453,21.686567164179106,866.71,78,9,152.0,347.0,Reorder,269.0
35924,HANGING FAIRY CAKE DECORATION,2003,19.259615384615383,3554.4,221,9,135.0,308.0,Reorder,87.0
35930,PINK HEART CHRISTMAS DECORATION,1,1.0,0.38,51,13,7.0,20.0,Overstock,0.0
35931,PINK STAR CHRISTMAS DECORATION,156,10.4,78.12,181,7,73.0,146.0,Healthy,0.0
35932,PINK CHRISTMAS TREE DECORATION,37,3.7,15.63,274,11,26.0,67.0,Overstock,0.0
35933,PINK STOCKING CHRISTMAS DECORATION,312,13.565217391304348,118.56,273,14,95.0,285.0,Reorder,12.0
35936,CERISE+GOLD CHRISTMAS TREE DEC,36,4.0,13.68,28,13,28.0,80.0,Reorder,52.0
35937,CERISE+GOLD CHRISTMAS STOCKING DEC,188,11.058823529411764,71.44,158,5,77.0,132.0,Healthy,0.0
35945,GOLD CHRISTMAS STOCKING DECORATION,1,1.0,1.95,29,6,7.0,13.0,Overstock,0.0
35950,FOLKART HEART CHRISTMAS DECORATIONS,1,1.0,1.25,233,3,7.0,10.0,Overstock,0.0
35951,FOLKART BAUBLE CHRISTMAS DECORATION,1339,33.475,671.51,292,8,234.0,502.0,Reorder,210.0
35953,FOLKART STAR CHRISTMAS DECORATIONS,3300,30.275229357798164,1636.1599999999999,67,6,212.0,394.0,Reorder,327.0
35954,SMALL FOLKART STAR CHRISTMAS DEC,1975,29.47761194029851,621.8100000000001,130,3,206.0,294.0,Reorder,164.0
35955,SMALL FOLKART CHRISTMAS TREE DEC,135,27.0,34.620000000000005,172,4,189.0,297.0,Reorder,125.0
35957,SMALLFOLKART BAUBLE CHRISTMAS DEC,3313,53.435483870967744,806.34,142,5,374.0,641.0,Reorder,499.0
35958,FOLKART ZINC STAR CHRISTMAS DEC,1100,15.714285714285714,935.0,121,11,110.0,283.0,Reorder,162.0
35961,FOLKART ZINC HEART CHRISTMAS DEC,10651,26.233990147783253,8229.67,260,10,184.0,446.0,Reorder,186.0
35962,12 ASS ZINC CHRISTMAS DECORATIONS,429,8.9375,900.9000000000001,210,9,63.0,143.0,Healthy,0.0
35962,SET/12 ZINC CHRISTMAS DECORATIONS,91,5.6875,191.10000000000002,236,13,40.0,114.0,Overstock,0.0
35963,FOLKART ZINC CLIP ON ANGEL WINGS,101,7.769230769230769,38.38,70,14,54.0,163.0,Reorder,93.0
35964,FOLKART CLIP ON STARS,1005,17.32758620689655,487.53000000000003,100,6,121.0,225.0,Reorder,125.0
35965,FOLKART HEART NAPKIN RINGS,375,4.573170731707317,713.3700000000001,107,3,32.0,46.0,Overstock,0.0
35966,FOLKART CHRISTMAS TREE T-LIGHT HOLD,244,12.2,92.72000000000001,213,10,85.0,207.0,Healthy,0.0
35967,FOLK ART METAL STAR T-LIGHT HOLDER,786,13.322033898305085,310.08000000000004,123,6,93.0,173.0,Reorder,50.0
35968,FOLK ART METAL HEART T-LIGHT HOLDER,701,12.298245614035087,264.04,290,5,86.0,147.0,Healthy,0.0
35969,FOLKART CROWN TABLE DECORATIONS,450,11.25,376.74,115,11,79.0,203.0,Reorder,88.0
35970,ZINC FOLKART SLEIGH BELLS,7851,14.06989247311828,12806.27,217,12,98.0,267.0,Reorder,50.0
35971,ROSE FOLKART HEART DECORATIONS,1836,14.232558139534884,1633.45,20,6,100.0,185.0,Reorder,165.0
35972,DAISY FOLKART HEART DECORATION,389,7.480769230769231,486.25,186,6,52.0,97.0,Healthy,0.0
35973,GERANIUM FOLKART HEART DECORATION,47,2.9375,58.75,145,11,21.0,53.0,Overstock,0.0
35974,S/6 CHRISTMAS TREE PLACE SETTING,1,1.0,3.75,100,14,7.0,21.0,Overstock,0.0
35979,SIX STRING SCANDINAVIAN HEART DECS,83,4.15,244.85000000000002,270,13,29.0,83.0,Overstock,0.0
35991,SET/6 BLACK SNOWFLAKE T-LIGHTS ,387,7.8979591836734695,201.91,188,14,55.0,166.0,Healthy,0.0
35995,SET/6 BLACK GLITTER REINDEER CANDLE,4,1.0,3.36,92,4,7.0,11.0,Overstock,0.0
35999,S/6 SCANDINAVIAN HEART T-LIGHT,1,1.0,2.55,160,14,7.0,21.0,Overstock,0.0
37112,YELLOW BIRDS FELT DES FOODCOVER,9,1.8,33.75,89,7,13.0,26.0,Overstock,0.0
37326,FAIRY DESIGN MUGS,1,1.0,1.25,281,6,7.0,13.0,Overstock,0.0
37327,ASSTD MULTICOLOUR CIRCLES MUG,1535,27.90909090909091,759.59,264,11,195.0,502.0,Reorder,238.0
37330,BIG POLKADOT MUG,78,15.6,128.33999999999997,22,14,109.0,327.0,Reorder,305.0
37330,SPOTS MUG,426,25.058823529411764,744.2999999999998,82,7,175.0,350.0,Reorder,268.0
37333,"RETRO ""TEA FOR ONE"" ",120,3.5294117647058822,545.4,68,11,25.0,64.0,Healthy,0.0
37340,MULTICOLOUR SPRING FLOWER MUG,13083,136.28125,2539.31,95,13,954.0,2726.0,Reorder,2631.0
37342,POLKADOT COFFEE CUP & SAUCER PINK,1443,21.863636363636363,1165.89,194,11,153.0,394.0,Reorder,200.0
37342,SPOTTY COFFEE CUP & SAUCER,28,4.666666666666667,82.60000000000001,128,4,33.0,52.0,Overstock,0.0
37343,POLKADOT MUG PINK ,178,8.090909090909092,262.85999999999996,202,11,57.0,146.0,Healthy,0.0
37343,SPOTS DESIGN MUG W PINK INSIDE,784,15.372549019607844,1129.4399999999998,211,5,108.0,185.0,Healthy,0.0
37345,ASSTD HEARTS DESIGN MUGS,318,53.0,536.1,84,6,371.0,689.0,Reorder,605.0
37348,SET OF 4 PASTEL STACKING MUGS,13,2.1666666666666665,33.15,290,3,15.0,22.0,Overstock,0.0
37351,ORANGE FLOWER MUG ,5395,770.7142857142857,571.7099999999999,119,3,5395.0,7707.0,Reorder,7588.0
37352,BIRD IN TREE MUG ,4643,580.375,504.55,51,3,4063.0,5804.0,Reorder,5753.0
37370,RETRO COFFEE MUGS ASSORTED,6948,19.794871794871796,7897.5,147,11,139.0,357.0,Reorder,210.0
37399,"ASS RETROSPOOF MUGS,SPORTS",143,23.833333333333332,75.0,62,13,167.0,477.0,Reorder,415.0
37408,ASSORTED DESIGN GEISHA GIRL MUGS,5,5.0,6.25,97,10,35.0,85.0,Healthy,0.0
37409,ASSORTED DESIGN FLOWER MUGS,7,2.3333333333333335,5.949999999999999,289,7,16.0,32.0,Overstock,0.0
37410,BLACK AND WHITE PAISLEY FLOWER MUG,25685,1426.9444444444443,3019.57,181,7,9989.0,19978.0,Reorder,19797.0
37413,ICON MUG REVOLUTIONARY,701,8.654320987654321,283.71,208,11,61.0,156.0,Healthy,0.0
37422,WHITE WITH BLACK CATS BOWL,344,12.74074074074074,141.68,266,5,89.0,153.0,Healthy,0.0
37423,WHITE WITH BLACK CATS PLATE,6091,243.64,716.23,235,5,1705.0,2923.0,Reorder,2688.0
37424,WHITE WITH BLACK CATS MUG,5153,109.63829787234043,975.41,187,9,767.0,1754.0,Reorder,1567.0
37432,MUG PINK AND PURPLE ARABIC DESIGN,6,6.0,3.9000000000000004,212,11,42.0,108.0,Healthy,0.0
37438,FUNKY FLOWER COFFEE POT,1,1.0,3.75,32,8,7.0,15.0,Overstock,0.0
37441,ASSORTED WHITE EMBOSSED CHINA MUGS,674,17.28205128205128,1307.4,259,4,121.0,190.0,Healthy,0.0
37446,MINI CAKE STAND WITH HANGING CAKES,3496,11.063291139240507,4677.4,166,3,77.0,110.0,Healthy,0.0
37447,CERAMIC CAKE DESIGN SPOTTED PLATE,2693,10.12406015037594,3876.97,223,4,71.0,111.0,Overstock,0.0
37448,CERAMIC CAKE DESIGN SPOTTED MUG,4394,9.78619153674833,6308.0199999999995,99,3,69.0,98.0,Healthy,0.0
37449,CERAMIC CAKE STAND + HANGING CAKES,2277,5.54014598540146,20204.579999999998,62,12,39.0,105.0,Reorder,43.0
37450,CERAMIC CAKE BOWL + HANGING CAKES,2337,7.303125,6398.55,108,12,51.0,139.0,Reorder,31.0
37451,CERAMIC CAKE TEAPOT WITH CHERRY,1,1.0,4.95,167,11,7.0,18.0,Overstock,0.0
37461,FUNKY MONKEY MUG,710,10.597014925373134,697.9,114,12,74.0,201.0,Reorder,87.0
37464,ROBOT MUG IN DISPLAY BOX,275,5.851063829787234,330.07,170,14,41.0,123.0,Healthy,0.0
37467,PIG MUG IN TWO COLOUR DESIGNS,212,7.571428571428571,131.44,21,10,53.0,129.0,Reorder,108.0
37468,HARDMAN MUG 3 ASSORTED,63,5.25,24.57,41,9,37.0,84.0,Reorder,43.0
37471,MULTICOLOUR DOTS PLATE,688,344.0,71.80000000000001,26,5,2408.0,4128.0,Reorder,4102.0
37471,MULTICOLOUR POLKADOT PLATE,696,348.0,78.60000000000001,225,10,2436.0,5916.0,Reorder,5691.0
37474,SET/4 2 TONE EGG SHAPE MIXING BOWLS,58,1.45,559.5799999999999,133,4,10.0,16.0,Overstock,0.0
37475,SET/4 COLOURFUL MIXING BOWLS,94,1.8431372549019607,891.5,291,4,13.0,20.0,Overstock,0.0
37476,CONDIMENT TRAY 4 BOWLS AND 4 SPOONS,44,1.6296296296296295,420.28,102,13,11.0,32.0,Overstock,0.0
37481,CUBIC MUG TEATIME CAKES,6,6.0,15.299999999999999,198,12,42.0,114.0,Healthy,0.0
37483,ENGLISH ROSE MUG IN GIFT BOX,143,11.916666666666666,232.89,229,5,83.0,143.0,Healthy,0.0
37484,ENGLISH ROSE TEA FOR ONE GIFT BOX,1,1.0,6.75,143,9,7.0,16.0,Overstock,0.0
37485,ENGLISH ROSE TEA SET IN GIFT BOX,49,3.0625,207.69,132,3,21.0,30.0,Overstock,0.0
37495,FAIRY CAKE BIRTHDAY CANDLE SET,1500,5.190311418685121,5337.0,31,10,36.0,88.0,Reorder,57.0
37500,TEA TIME TEAPOT IN GIFT BOX,823,3.792626728110599,6126.7699999999995,145,14,27.0,80.0,Healthy,0.0
37501,TEA TIME TEA SET IN GIFT BOX,436,2.9863013698630136,3006.2000000000003,72,9,21.0,48.0,Healthy,0.0
37502,TEA TIME MUG IN GIFT BOX,806,5.373333333333333,2300.9,159,6,38.0,70.0,Overstock,0.0
37503,TEA TIME CAKE STAND IN GIFT BOX,2384,5.115879828326181,23784.8,116,7,36.0,72.0,Healthy,0.0
37506,NEW ENGLAND MILK JUG W GIFT BOX,28,1.2727272727272727,166.6,24,12,9.0,24.0,Healthy,0.0
37508,NEW ENGLAND CERAMIC CAKE SERVER,87,1.9772727272727273,221.85,76,3,14.0,20.0,Overstock,0.0
37509,NEW ENGLAND MUG W GIFT BOX,28,2.0,71.39999999999999,88,6,14.0,26.0,Overstock,0.0
40001, WHITE BAMBOO RIBS LAMPSHADE,210,30.0,148.26,137,3,210.0,300.0,Reorder,163.0
40001,WHITE BAMBOO RIBS LAMPSHADE,1942,29.424242424242426,1411.3,78,3,206.0,294.0,Reorder,216.0
40002,WHITE BAMBOO RIBS LAMPSHADE,78,78.0,66.3,52,12,546.0,1482.0,Reorder,1430.0
40003,WHITE BAMBOO RIBS LAMPSHADE,1129,23.520833333333332,1195.25,69,3,165.0,236.0,Reorder,167.0
40016,CHINESE DRAGON PAPER LANTERNS,15301,77.67005076142132,4961.12,38,9,544.0,1243.0,Reorder,1205.0
44228,CANNABIS LEAF BEAD CURTAIN,48,16.0,40.8,233,9,112.0,256.0,Reorder,23.0
44230,SQUARE MIRROR CURTAIN,207,4.704545454545454,1434.18,216,6,33.0,61.0,Overstock,0.0
44234,ASSORTED CIRCULAR MOBILE,1156,26.272727272727273,221.88,66,14,184.0,552.0,Reorder,486.0
44235,ASS COL CIRCLE MOBILE ,752,47.0,276.96,186,4,329.0,517.0,Reorder,331.0
44235,ASSORTED COLOURED CIRCLE MOBILE ,64,8.0,26.88,160,14,56.0,168.0,Reorder,8.0
44236,PINK/PURPLE CIRCLE CURTAIN,64,4.923076923076923,112.32000000000001,103,5,34.0,59.0,Healthy,0.0
44265,M/COLOUR POM-POM CURTAIN,8,2.0,34.0,201,10,14.0,34.0,Overstock,0.0
45013,FOLDING SHOE TIDY,48,6.0,132.0,98,10,42.0,102.0,Reorder,4.0
45014,FOLDING SHIRT TIDY,1,1.0,4.65,234,13,7.0,20.0,Overstock,0.0
45016,DECORATIVE NET CANOPY LEOPARD,73,8.11111111111111,248.75,33,13,57.0,162.0,Reorder,129.0
46118,FUNKY MONKEY CUSHION COVER,324,9.0,275.4,234,8,63.0,135.0,Healthy,0.0
46307,ROSES BLUE BASE CUSHION COVER ,12,3.0,19.799999999999997,147,12,21.0,57.0,Overstock,0.0
47016,LIGHT DECORATION BATTERY OPERATED,31,6.2,65.10000000000001,267,11,43.0,111.0,Overstock,0.0
47420,ASSORTED COLOUR SUCTION CUP HOOK,354,11.8,67.26,48,13,83.0,236.0,Reorder,188.0
47421,ASSORTED COLOUR LIZARD SUCTION HOOK,1437,18.189873417721518,561.78,299,14,127.0,382.0,Reorder,83.0
47422,ASSORTED MONKEY SUCTION CUP HOOK,1076,16.303030303030305,415.92,221,11,114.0,293.0,Reorder,72.0
47469,ASSORTED SHAPES PHOTO CLIP SILVER ,1094,33.15151515151515,512.38,76,6,232.0,431.0,Reorder,355.0
47471,RAINBOW PEGS PHOTO CLIP STRING,381,9.292682926829269,226.23000000000002,237,14,65.0,195.0,Healthy,0.0
47480,HANGING PHOTO CLIP ROPE LADDER,1556,15.717171717171718,2441.68,81,3,110.0,157.0,Reorder,76.0
47481,50CM METAL STRING WITH  7 CLIPS,316,9.028571428571428,244.11999999999998,176,3,63.0,90.0,Healthy,0.0
47502,POLKADOT CUTLERY 24 PCS IN TRAY,617,10.637931034482758,6307.15,221,14,74.0,223.0,Reorder,2.0
47505,MINATURE COLOURED GARDENING SET,716,4.419753086419753,3331.7000000000003,36,12,31.0,84.0,Reorder,48.0
47554,S/3 COLOURS FLOCK TEA TOWELS,1,1.0,2.55,25,7,7.0,14.0,Healthy,0.0
47556,SET/2 SPOTTY + ROSE TEA TOWELS ,1,1.0,2.55,77,4,7.0,11.0,Overstock,0.0
47562,ENGLISH ROSE IRONING BOARD COVER,104,2.4761904761904763,390.0,188,8,17.0,37.0,Overstock,0.0
47566,PARTY BUNTING,23460,11.182078169685415,103283.38,101,9,78.0,179.0,Reorder,78.0
47568,ENGLISH ROSE DESIGN PEG BAG,2262,7.046728971962617,4478.780000000001,238,3,49.0,70.0,Overstock,0.0
47569,ENGLISH ROSE DESIGN SHOPPING BAG,1,1.0,2.55,196,8,7.0,15.0,Overstock,0.0
47570,ENGLISH ROSE TABLE CLOTH,207,3.08955223880597,2096.55,223,10,22.0,53.0,Overstock,0.0
47579,TEA TIME BREAKFAST BASKET,170,3.8636363636363638,357.0,90,14,27.0,81.0,Healthy,0.0
47580,TEA TIME DES TEA COSY,1533,5.7631578947368425,3651.91,285,7,40.0,80.0,Overstock,0.0
47589,CONGRATULATIONS BUNTING,148,2.084507042253521,806.6,117,14,15.0,44.0,Overstock,0.0
47597,NEW ENGLAND TEATOWELS,124,2.883720930232558,316.2,227,9,20.0,46.0,Overstock,0.0
47598,NEW ENGLAND EGG WARMER,120,5.217391304347826,66.0,21,12,37.0,100.0,Reorder,79.0
48103,DOOR MAT KISS MY.......,13,1.625,95.15,143,8,11.0,24.0,Overstock,0.0
48103,DOORMAT KISS MY.......,22,11.0,106.58,299,6,77.0,143.0,Overstock,0.0
48111,DOOR MAT 3 SMILEY CATS,1773,7.2073170731707314,9861.69,93,9,50.0,115.0,Reorder,22.0
48111,DOORMAT 3 SMILEY CATS,2290,7.003058103975535,13552.78,185,12,49.0,133.0,Healthy,0.0
48116,DOOR MAT MULTICOLOUR STRIPE,1037,5.401041666666667,6270.6900000000005,41,11,38.0,97.0,Reorder,56.0
48116,DOORMAT MULTICOLOUR STRIPE,2273,11.77720207253886,12541.22,173,12,82.0,223.0,Reorder,50.0
48129,DOOR MAT TOPIARY,1020,5.368421052631579,6407.06,238,12,38.0,102.0,Overstock,0.0
48129,DOORMAT TOPIARY,2048,6.803986710963455,12345.7,176,9,48.0,109.0,Healthy,0.0
48138,DOOR MAT UNION FLAG,3733,5.851097178683386,24216.23,249,14,41.0,123.0,Overstock,0.0
48138,DOORMAT UNION FLAG,6146,7.007981755986317,40053.72,39,7,49.0,98.0,Reorder,59.0
48175,DOOR MAT CAMOUFLAGE,38,38.0,152.0,60,9,266.0,608.0,Reorder,548.0
48179,DOOR MAT SWEET HOME,28,4.666666666666667,131.25,167,5,33.0,56.0,Overstock,0.0
48184,DOOR MAT ENGLISH ROSE ,1445,4.965635738831615,9343.43,127,4,35.0,55.0,Overstock,0.0
48184,DOORMAT ENGLISH ROSE ,3158,6.806034482758621,20298.8,103,13,48.0,136.0,Reorder,33.0
48185,DOOR MAT FAIRY CAKE,1640,5.141065830721003,10347.72,153,7,36.0,72.0,Overstock,0.0
48185,DOORMAT FAIRY CAKE,4760,11.306413301662708,29116.96,226,6,79.0,147.0,Healthy,0.0
48187,DOOR MAT NEW ENGLAND,1953,4.617021276595745,12520.95,285,7,32.0,64.0,Overstock,0.0
48187,DOORMAT NEW ENGLAND,5146,7.049315068493151,31461.34,92,10,49.0,119.0,Reorder,27.0
48188,DOOR MAT WELCOME PUPPIES,1414,6.17467248908297,7835.1,67,14,43.0,129.0,Reorder,62.0
48188,DOORMAT WELCOME PUPPIES,3345,9.089673913043478,19178.670000000002,252,6,64.0,119.0,Overstock,0.0
48189,DOOR MAT FRIENDSHIP ,431,2.8926174496644297,2934.31,119,11,20.0,52.0,Overstock,0.0
48189,DOORMAT FRIENDSHIP ,795,13.706896551724139,4099.43,78,9,96.0,219.0,Reorder,141.0
48194,DOOR MAT HEARTS,1654,5.865248226950355,9715.06,277,12,41.0,111.0,Overstock,0.0
48194,DOORMAT HEARTS,5788,6.738067520372526,35069.4,84,14,47.0,141.0,Reorder,57.0
48195,DOOR MAT GREEN PAISLEY ,253,3.4657534246575343,1409.11,102,9,24.0,55.0,Healthy,0.0
48197,DOOR MAT BIRD ON THE WIRE,562,4.644628099173554,3337.8,173,10,33.0,79.0,Overstock,0.0
48197,DOORMAT BIRD ON THE WIRE,223,13.9375,1100.15,285,14,98.0,293.0,Reorder,8.0
51008,AFGHAN SLIPPER SOCK PAIR,2567,35.65277777777778,8251.15,98,8,250.0,535.0,Reorder,437.0
62018,SOMBRERO ,9548,77.6260162601626,12413.8,169,10,543.0,1319.0,Reorder,1150.0
70006,LOVE HEART POCKET WARMER,4184,23.772727272727273,3495.5,67,5,166.0,285.0,Reorder,218.0
70007,HI TEC ALPINE HAND WARMER,1089,10.371428571428572,1114.8899999999999,267,12,73.0,197.0,Healthy,0.0
71038,WHITE HANGING BEADS CANDLE HOLDER,717,4.944827586206896,3789.25,297,12,35.0,94.0,Overstock,0.0
71050,SMALL SINGLE FLAME CANDLE HOLDER,51,6.375,17.849999999999998,117,3,45.0,64.0,Healthy,0.0
71053,WHITE METAL LANTERN,4306,7.176666666666667,15309.64,44,8,50.0,107.0,Reorder,63.0
71053,WHITE MOROCCAN METAL LANTERN,47,3.9166666666666665,199.17,87,3,27.0,39.0,Overstock,0.0
71143,SILVER BOOK MARK WITH BEADS,78,6.0,66.3,26,11,42.0,108.0,Reorder,82.0
71215,METAL BASE FOR CANDLES,177,14.75,68.1,156,4,103.0,162.0,Reorder,6.0
71270,PHOTO CLIP LINE,320,5.818181818181818,401.21,183,13,41.0,117.0,Healthy,0.0
71279,PINK GLASS CANDLEHOLDER,251,4.735849056603773,730.85,102,4,33.0,52.0,Healthy,0.0
71403,"PINK/WHITE ""KEEP CLEAN"" BULLET BIN",127,4.703703703703703,374.65000000000003,157,9,33.0,75.0,Overstock,0.0
71459,HANGING JAM JAR T-LIGHT HOLDER,29255,35.8078335373317,22805.989999999998,92,4,251.0,394.0,Reorder,302.0
71459,HANGING JAM JAR T-LIGHT HOLDERS,2413,34.971014492753625,1867.33,256,12,245.0,665.0,Reorder,409.0
71477,COLOUR GLASS. STAR T-LIGHT HOLDER,13874,21.085106382978722,39822.34,65,10,148.0,359.0,Reorder,294.0
71477,COLOURED GLASS STAR T-LIGHT HOLDER,996,23.162790697674417,3474.88,125,8,162.0,347.0,Reorder,222.0
71510,SQUARE METAL CANDLEHOLDER BASE,177,10.411764705882353,112.05,281,9,73.0,167.0,Healthy,0.0
72008,FROSTED BOX 9 WHITE T-LIGHT CANDLES,3699,18.681818181818183,1470.42,195,9,131.0,299.0,Reorder,104.0
72122,COFFEE SCENT PILLAR CANDLE,531,5.474226804123711,504.44999999999993,185,8,38.0,82.0,Overstock,0.0
72127,COLUMBIAN CANDLE ROUND ,358,5.868852459016393,429.64,164,12,41.0,111.0,Healthy,0.0
72128,COLUMBIAN CANDLE ROUND,686,8.469135802469136,397.46,73,13,59.0,169.0,Reorder,96.0
72129,COLUMBIAN CANDLE ROUND ,73,4.294117647058823,47.45,197,11,30.0,77.0,Overstock,0.0
72130,COLUMBIAN CANDLE ROUND,741,14.25,291.57,263,11,100.0,257.0,Healthy,0.0
72131,COLUMBIAN CANDLE RECTANGLE,746,13.087719298245615,688.38,146,9,92.0,210.0,Reorder,64.0
72132,COLUMBIAN CUBE CANDLE,548,20.296296296296298,460.2,290,11,142.0,365.0,Reorder,75.0
72133,COLUMBIAN CANDLE RECTANGLE,99,3.413793103448276,102.87,151,12,24.0,65.0,Overstock,0.0
72134,COLUMBIAN  CUBE CANDLE ,320,15.238095238095237,109.16,112,5,107.0,183.0,Reorder,71.0
72232,FENG SHUI PILLAR CANDLE,6268,52.67226890756302,1190.92,92,5,369.0,632.0,Reorder,540.0
72267,PREMIUM CHURCH CANDLE,247,6.024390243902439,479.34000000000003,267,3,42.0,60.0,Overstock,0.0
72484,ROSES IN WHITE HEART CANDLE ,1805,32.232142857142854,958.21,292,7,226.0,452.0,Reorder,160.0
72487,ROSES WHITE ROUND CANDLE,826,63.53846153846154,351.62,62,6,445.0,826.0,Reorder,764.0
72586,"S/6 HALLOWEEN GHOST T LIGHTS, 5CM H",1036,25.9,435.12,60,4,181.0,285.0,Reorder,225.0
72586,SET OF 6 HALLOWEEN GHOST T-LIGHTS,1160,17.058823529411764,487.2,189,11,119.0,307.0,Reorder,118.0
72598,SET/12 TAPER CANDLES,1042,11.326086956521738,815.14,231,5,79.0,136.0,Healthy,0.0
72708,SCULPTED ROUND IVORY CANDLE ,44,8.8,9.24,187,10,62.0,150.0,Healthy,0.0
72709,IVORY SCULPTED RND CANDLE ,74,5.6923076923076925,62.9,58,8,40.0,86.0,Reorder,28.0
72715,SPHERICAL IVORY CANDLE ,82,6.833333333333333,34.44,264,7,48.0,96.0,Overstock,0.0
72724,SET/6 CHRISTMAS ICICLE T-LIGHTS,34,3.4,42.5,170,3,24.0,34.0,Overstock,0.0
72728,ROSE SCENT CANDLES IN GLASS,614,12.03921568627451,498.5,130,6,84.0,156.0,Reorder,26.0
72741,GRAND CHOCOLATECANDLE,19284,23.346246973365616,25895.399999999998,66,5,163.0,280.0,Reorder,214.0
72756, FAIRY CAKE CANDLES,153,76.5,202.05,82,3,536.0,766.0,Reorder,684.0
72756,FAIRY CAKE CANDLES,3841,30.728,5230.61,244,14,215.0,645.0,Reorder,401.0
72772,SET/4 SCENTED CANDLES IN RAMEKINS,454,56.75,592.5,88,7,397.0,794.0,Reorder,706.0
72779,SET/6 BLACK ROSE T-LIGHT CANDLES,48,3.2,81.12,222,8,22.0,48.0,Overstock,0.0
72780,BLACK SILOUETTE CANDLE PLATE,513,11.930232558139535,417.33,80,4,84.0,132.0,Reorder,52.0
72781,BLACK SILOUETTE CANDLE PLATE ,120,8.571428571428571,227.4,180,5,60.0,103.0,Healthy,0.0
72783,BLACK SIL'T SQU CANDLE PLATE ,40,5.714285714285714,84.0,35,13,40.0,114.0,Reorder,79.0
72789,BASKET/8 SCENTED LOVE TOKEN CANDLES,121,2.688888888888889,453.75,113,8,19.0,41.0,Overstock,0.0
72793,BLACK BOX MIRROR LANTERN,55,5.5,268.75,157,6,38.0,71.0,Overstock,0.0
72805,VANILLA CANDLE IN EMBOSSED ZINC POT,10,3.3333333333333335,16.9,57,11,23.0,60.0,Reorder,3.0
72811,SMALL ZINC/GLASS CANDLEHOLDER,441,22.05,328.77,146,7,154.0,308.0,Reorder,162.0
72812,LARGE ZINC GLASS CANDLEHOLDER,55,5.5,127.68,294,6,38.0,71.0,Overstock,0.0
72812,LARGE ZINC/GLASS CANDLEHOLDER,23,3.8333333333333335,48.300000000000004,183,4,27.0,42.0,Overstock,0.0
72814,SET OF 3 CHRISTMAS BRIAR CANDLES,171,5.896551724137931,602.85,96,8,41.0,88.0,Healthy,0.0
72814,SET/3 CHRISTMAS BRIAR CANDLES,88,4.190476190476191,330.0,193,12,29.0,79.0,Overstock,0.0
72815,3 WICK CHRISTMAS BRIAR CANDLE ,260,4.333333333333333,975.0,110,4,30.0,47.0,Overstock,0.0
72816,SET/3 CHRISTMAS DECOUPAGE CANDLES,1202,16.026666666666667,1293.32,257,14,112.0,336.0,Reorder,79.0
72817,SET OF 2 CHRISTMAS DECOUPAGE CANDLE,1197,10.14406779661017,1143.09,283,9,71.0,162.0,Healthy,0.0
72817,SET/2 CHRISTMAS DECOUPAGE CANDLES,40,6.666666666666667,50.0,198,5,47.0,80.0,Overstock,0.0
72818,CHRISTMAS DECOUPAGE CANDLE,2341,20.901785714285715,1206.31,228,11,146.0,376.0,Reorder,148.0
72819,CUPID DESIGN SCENTED CANDLES,660,10.0,1015.0999999999999,92,13,70.0,200.0,Reorder,108.0
72821,CUPID SCENTED CANDLE IN GLASS,61,4.066666666666666,100.64999999999999,126,7,28.0,56.0,Overstock,0.0
75011,BLUE DAISY MOBILE,181,12.066666666666666,172.51,201,10,84.0,205.0,Reorder,4.0
75131,METAL TUBE CHIME ON BAMBOO,1210,19.516129032258064,1526.26,56,13,137.0,391.0,Reorder,335.0
75172,PAINTED SEA SHELL METAL WINDCHIME,97,8.818181818181818,100.31,156,8,62.0,133.0,Healthy,0.0
75178,ASSTD COL BUTTERFLY/CRYSTAL W/CHIME,475,29.6875,235.19,75,14,208.0,624.0,Reorder,549.0
77079,DOLPHIN WINDMILL,62,5.636363636363637,131.44000000000003,206,12,39.0,107.0,Healthy,0.0
77081,FLOWER WINDMILL,219,12.166666666666666,255.51000000000002,277,10,85.0,207.0,Healthy,0.0
78026,SEAGRASS S/3 SQU LAUNDRY BOX,11,11.0,110.0,77,13,77.0,220.0,Reorder,143.0
78027,SEAGRASS S/2 CORNER LAUNDRY ,4,1.3333333333333333,51.9,142,14,9.0,28.0,Overstock,0.0
78033,FLAG OF ST GEORGE CHAIR,73,5.214285714285714,352.75,207,5,36.0,62.0,Overstock,0.0
78056,CAMOUFLAGE BACKPACK ON WHEELS,2,2.0,19.9,249,5,14.0,24.0,Overstock,0.0
78124,MAGAZINE RACK GEBRA ASSORTED ,718,27.615384615384617,942.5,187,7,193.0,386.0,Reorder,199.0
79000,MOROCCAN TEA GLASS,11309,33.96096096096096,8407.61,133,13,238.0,679.0,Reorder,546.0
79029,GLASS HONEYPOT WASP CATCHER,2849,9.560402684563758,5073.15,271,12,67.0,182.0,Healthy,0.0
79067,CORONA MEXICAN TRAY,1454,5.249097472924188,5143.7,126,5,37.0,63.0,Healthy,0.0
79072,TEATIME CAKE TIN WITH HANDLE,230,3.6507936507936507,2168.5,56,10,26.0,63.0,Reorder,7.0
79140,ASS WINDPROOF MARIJUANA LIGHTERS,15,7.5,6.3,111,12,52.0,142.0,Reorder,31.0
79160,HEART SHAPE WIRELESS DOORBELL,813,5.725352112676056,1530.18,37,14,40.0,120.0,Reorder,83.0
79163,BLACK CHAMPAGNE GLASS,1811,31.771929824561404,1102.1699999999998,82,10,222.0,540.0,Reorder,458.0
79164,BLACK WINE GLASS,3624,53.294117647058826,2573.7599999999998,169,4,373.0,586.0,Reorder,417.0
79301,FEATHER HEART LIGHTS,1,1.0,2.95,158,14,7.0,21.0,Overstock,0.0
79320, FLAMINGO LIGHTS,335,7.282608695652174,1523.8500000000001,205,6,51.0,95.0,Overstock,0.0
79320,FLAMINGO LIGHTS,527,6.934210526315789,2416.85,204,12,49.0,132.0,Healthy,0.0
79321,CHILLI LIGHTS,14843,16.063852813852815,69084.3,224,3,112.0,160.0,Healthy,0.0
79328,BLUE FLOCK GLASS CANDLEHOLDER,586,53.27272727272727,235.38000000000002,279,6,373.0,693.0,Reorder,414.0
79329,PINK FLOCK GLASS CANDLEHOLDER,100,14.285714285714286,65.94,233,14,100.0,300.0,Reorder,67.0
79331,PINK FLOCK GLASS CANDLEHOLDER,60,6.666666666666667,73.6,275,13,47.0,134.0,Overstock,0.0
79336,LIGHT PINK FLOCK GLASS CANDLEHOLDER,832,52.0,342.83000000000004,154,6,364.0,676.0,Reorder,522.0
79337,BLUE FLOCK GLASS CANDLEHOLDER,1191,62.68421052631579,491.95,80,12,439.0,1191.0,Reorder,1111.0
79338,DARK PINK FLOCK GLASS CANDLEHOLDER,547,54.7,231.99,107,11,383.0,985.0,Reorder,878.0
79341,WILLOW BRANCH LIGHTS.,703,10.984375,4121.25,226,5,77.0,132.0,Healthy,0.0
79403,FROSTED WHITE BASE ,197,8.565217391304348,167.45,148,4,60.0,94.0,Healthy,0.0
79406,FROSTED WHITE BASE ,245,16.333333333333332,53.900000000000006,22,11,114.0,294.0,Reorder,272.0
79413,GLASS WINE GLASS DECORATIONS,30,3.3333333333333335,37.5,261,11,23.0,60.0,Overstock,0.0
79532,MOSAIC GLASS BALL CANDLEHOLDER,97,5.388888888888889,121.25,140,3,38.0,54.0,Overstock,0.0
79534,MULTICOLOUR GLASS PLATE,116,6.444444444444445,63.800000000000004,121,8,45.0,97.0,Healthy,0.0
82069,BEECH WOOD P/FRAME,5,2.5,36.25,57,12,18.0,48.0,Healthy,0.0
82072,WHITE WOOD SINGLE P/FRAME,5,1.6666666666666667,6.25,152,10,12.0,29.0,Overstock,0.0
82076,BEECH WOOD PHOTO FRAME ,271,45.166666666666664,338.75,221,5,316.0,542.0,Reorder,321.0
82081,PINK HEARTS PHOTO ALBUM,159,13.25,336.25,40,13,93.0,265.0,Reorder,225.0
82093,HEART SHAPE BUTTON FRAME ,100,14.285714285714286,150.0,261,11,100.0,257.0,Healthy,0.0
82095,HEART BUTTONS JEWELLERY BOX,39,1.7727272727272727,298.35,128,4,12.0,19.0,Overstock,0.0
82482,WOODEN PICTURE FRAME WHITE FINISH,15643,9.355861244019138,37011.1,103,8,65.0,140.0,Reorder,37.0
82483,WOOD 2 DRAWER CABINET WHITE FINISH,4774,4.495291902071563,27952.22,102,3,31.0,44.0,Overstock,0.0
82484,WOOD BLACK BOARD ANT WHITE FINISH,9678,9.23473282442748,54525.36,88,9,65.0,148.0,Reorder,60.0
82486,3 DRAWER ANTIQUE WHITE WOOD CABINET,707,3.7807486631016043,6124.13,148,5,26.0,45.0,Overstock,0.0
82486,WOOD S/3 CABINET ANT WHITE FINISH,3913,3.858974358974359,30363.75,215,9,27.0,62.0,Overstock,0.0
82551,LAUNDRY 15C METAL SIGN,5350,9.657039711191336,7401.59,159,6,68.0,126.0,Healthy,0.0
82552,WASHROOM METAL SIGN,6746,10.22121212121212,9080.01,253,11,72.0,184.0,Healthy,0.0
82553,POP'S GREASY SPOON METAL SIGN,86,4.3,141.89999999999998,42,7,30.0,60.0,Reorder,18.0
82567,"AIRLINE LOUNGE,METAL SIGN",892,3.075862068965517,1840.91,172,5,22.0,37.0,Overstock,0.0
82578,KITCHEN METAL SIGN,5391,9.766304347826088,2879.3500000000004,296,10,68.0,166.0,Healthy,0.0
82580,BATHROOM METAL SIGN,12594,13.397872340425533,6683.860000000001,80,8,94.0,201.0,Reorder,121.0
82581,TOILET METAL SIGN,8125,11.039402173913043,4337.97,71,4,77.0,121.0,Reorder,50.0
82582,AREA PATROLLED METAL SIGN,7346,10.464387464387464,14563.1,172,5,73.0,125.0,Healthy,0.0
82583,HOT BATHS METAL SIGN,11797,14.094384707287933,23010.120000000003,256,10,99.0,240.0,Healthy,0.0
82585,SWEET VALENCIA CANDLE+CUP,131,5.695652173913044,154.63,51,12,40.0,108.0,Reorder,57.0
82587,TEXRIO TOMATOES CANDLE+CUP,118,3.5757575757575757,142.94,74,9,25.0,57.0,Healthy,0.0
82597,BOMBS AWAY METAL SIGN,1153,6.987878787878788,2332.7400000000002,55,12,49.0,133.0,Reorder,78.0
82599,FANNY'S REST STOPMETAL SIGN,2312,6.440111420612813,4695.3,129,8,45.0,97.0,Healthy,0.0
82600,N0 SINGING METAL SIGN,1197,34.2,2523.78,196,3,239.0,342.0,Reorder,146.0
82600,NO SINGING METAL SIGN,11194,11.469262295081966,22097.04,116,11,80.0,206.0,Reorder,90.0
82605,OLD DOC RUSSEL METAL SIGN,209,2.488095238095238,438.90000000000003,232,5,17.0,29.0,Overstock,0.0
82605,OLD DOC.RUSSEL METAL SIGN,9,2.25,18.900000000000002,156,7,16.0,32.0,Overstock,0.0
82615,PINK MARSHMALLOW SCARF KNITTING KIT,567,7.4605263157894735,1526.25,25,9,52.0,119.0,Reorder,94.0
84006,MAGIC TREE -PAPER FLOWERS,1655,11.654929577464788,1406.75,128,9,82.0,187.0,Reorder,59.0
84007,MAGIC GARDEN MOUNT FUJI,152,4.108108108108108,387.59999999999997,54,5,29.0,50.0,Healthy,0.0
84012,MAGIC SHEEP WOOL GROWING FROM PAPER,1781,11.416666666666666,2516.75,58,6,80.0,148.0,Reorder,90.0
84016,FLAG OF ST GEORGE CAR FLAG,978,21.26086956521739,389.76,169,12,149.0,404.0,Reorder,235.0
84033,FLAG OF ST GEORGE ,381,8.466666666666667,628.65,137,9,59.0,135.0,Healthy,0.0
84050,PINK HEART SHAPE EGG FRYING PAN,9547,16.927304964539008,13316.63,280,10,118.0,287.0,Reorder,7.0
84051,ASS COLOUR GLOWING TIARAS,697,13.150943396226415,542.05,106,4,92.0,145.0,Reorder,39.0
84077,WORLD WAR 2 GLIDERS ASSTD DESIGNS,105185,114.20738327904452,24098.03,95,11,799.0,2055.0,Reorder,1960.0
84081,WHITE CERAMIC PARTY SET (5PCS),94,6.266666666666667,337.58,233,9,44.0,100.0,Overstock,0.0
84192,ASSORTED COLOUR METAL CAT ,226,5.794871794871795,271.1,258,10,41.0,99.0,Overstock,0.0
84199,GLOW IN DARK DOLPHINS,511,7.861538461538461,104.78999999999999,184,8,55.0,118.0,Healthy,0.0
84212,"ASSORTED FLOWER COLOUR ""LEIS""",24665,95.23166023166023,11759.77,106,8,667.0,1429.0,Reorder,1323.0
84218,BOX/12 CHICK & EGG IN BASKET,254,2.791208791208791,479.7,160,11,20.0,51.0,Overstock,0.0
84219,BOX/12 MOTHER & CHICK IN BASKET/BOW,96,3.6923076923076925,220.79999999999998,179,6,26.0,48.0,Overstock,0.0
84226,HEN HOUSE W FAMILY IN BARN & NEST,75,4.411764705882353,56.61,65,13,31.0,88.0,Reorder,23.0
84227,HEN HOUSE W CHICK IN NEST,112,8.615384615384615,47.04,131,13,60.0,172.0,Reorder,41.0
84228,HEN HOUSE W CHICK STANDING,308,15.4,123.36,64,7,108.0,216.0,Reorder,152.0
84228,HEN HOUSE WITH CHICK STANDING,14,4.666666666666667,5.88,266,11,33.0,84.0,Overstock,0.0
84231,EASTER BUNNY WITH BASKET ON BACK,204,5.828571428571428,132.6,123,3,41.0,58.0,Overstock,0.0
84270,ASSTD DESIGN BUBBLE GUM RING,22410,58.20779220779221,4622.099999999999,104,6,407.0,756.0,Reorder,652.0
84292,ROSE PINK METAL FOLDING CHAIR,42,3.5,333.90000000000003,153,9,24.0,56.0,Overstock,0.0
84306,S/3 PINK SQUARE PLANTERS ROSES,35,1.8421052631578947,383.24999999999994,127,13,13.0,37.0,Overstock,0.0
84311,CAMOFLAGE CUSHION COVER,11,11.0,18.15,37,11,77.0,198.0,Reorder,161.0
84340,LARGE FIBRE OPTIC CHRISTMAS TREE,15,2.5,19.08,113,13,18.0,50.0,Overstock,0.0
84347,ROTATING SILVER ANGELS T-LIGHT HLDR,28606,52.01090909090909,55880.17,169,14,364.0,1092.0,Reorder,923.0
84352,SILVER CHRISTMAS TREE BAUBLE STAND ,198,1.6779661016949152,3232.1,265,12,12.0,32.0,Overstock,0.0
84356,POMPOM CURTAIN,660,7.0212765957446805,3155.0,228,8,49.0,105.0,Overstock,0.0
84358,FLOOR LAMP SHADE WOOD BASE,113,5.136363636363637,909.63,145,14,36.0,108.0,Healthy,0.0
84360,TABLE LAMP WHITE SHADE WOOD BASE,173,4.805555555555555,891.5500000000001,254,10,34.0,82.0,Overstock,0.0
84366,VENDETTA CANVAS PICTURE,2,1.0,7.5,141,11,7.0,18.0,Overstock,0.0
84367,LA STREGA CANVAS PICTURE ,73,10.428571428571429,122.54999999999998,157,12,73.0,198.0,Reorder,41.0
84371,BIG PINK POODLE,28,7.0,213.7,134,6,49.0,91.0,Healthy,0.0
84375,SET OF 20 KIDS COOKIE CUTTERS,7275,11.511075949367088,14558.970000000001,181,3,81.0,116.0,Healthy,0.0
84378,SET OF 3 HEART COOKIE CUTTERS,11007,11.501567398119123,13862.84,220,10,81.0,196.0,Healthy,0.0
84380,SET OF 3 BUTTERFLY COOKIE CUTTERS,9592,11.697560975609756,11818.65,253,4,82.0,129.0,Healthy,0.0
84388,WISE MAN STAR SHAPE EGG PAN,70,3.0434782608695654,89.03999999999999,47,13,21.0,61.0,Reorder,14.0
84396,6 HOOK JEWELLERY STAND BLACK DRESS,516,18.428571428571427,1071.6,30,3,129.0,184.0,Reorder,154.0
84422,PINK/BLUE DISC/MIRROR STRING,749,29.96,374.31,225,9,210.0,480.0,Reorder,255.0
84447,6 RABBIT CHAIN EASTER,52,7.428571428571429,44.199999999999996,186,14,52.0,156.0,Healthy,0.0
84452,METAL RABBIT LADDER EASTER ,176,6.518518518518518,149.6,266,12,46.0,124.0,Overstock,0.0
84454,WOBBLING METAL CHICKEN EASTER,85,6.538461538461538,72.25,66,11,46.0,118.0,Reorder,52.0
84455,SET OF 3 RABBIT CARROTS EASTER,78,4.875,66.3,265,13,34.0,97.0,Overstock,0.0
84456,SET OF 3 RABBIT EGG EASTER,33,2.75,28.049999999999997,146,14,19.0,58.0,Overstock,0.0
84457,SET/3 RABBITS FLOWER SKIPPPING ROPE,252,6.146341463414634,214.2,166,14,43.0,129.0,Healthy,0.0
84458,S/3 RABBIT FLOWER/EGG/CARROT ROPE,123,6.473684210526316,104.55,137,11,45.0,116.0,Healthy,0.0
84461,12 PINK HEN+CHICKS IN BASKET,90,2.6470588235294117,229.49999999999997,171,5,19.0,32.0,Overstock,0.0
84462,3 PINK HEN+CHICKS IN BASKET,99,7.615384615384615,112.35,91,8,53.0,114.0,Reorder,23.0
84464,S/60 PINK FLUFFY CHICKS IN BOX,82,7.454545454545454,179.1,156,9,52.0,119.0,Healthy,0.0
84465,15 PINK FLUFFY CHICKS IN BOX,29,1.45,85.55000000000001,194,12,10.0,27.0,Overstock,0.0
84466,TOP SECRET PEN SET,1210,24.693877551020407,1231.6999999999998,38,11,173.0,445.0,Reorder,407.0
84467,ENGLISH ROSE DESIGN QUILTED THROW,306,6.8,4391.1,214,4,48.0,75.0,Overstock,0.0
84469,ROSE DES PADDED FLOOR CUSHION,653,16.743589743589745,2090.68,194,10,117.0,284.0,Reorder,90.0
84472,PINK AND LILAC QUILTED THROW ,33,1.32,1450.4,160,9,9.0,21.0,Overstock,0.0
84482,BUTTONS DESIGN JEWELLERY BOX,71,2.4482758620689653,266.25,265,6,17.0,32.0,Overstock,0.0
84493,BLUE/PINK NEST STRIPE BOX,1142,228.4,111.11999999999999,112,4,1599.0,2513.0,Reorder,2401.0
84497,BUTTONS AND STRIPES NOTEBOOK ,90,2.6470588235294117,337.5,258,10,19.0,45.0,Overstock,0.0
84499,BLACK FLOWER CANDLE PLATE,294,14.7,219.66,224,13,103.0,294.0,Reorder,70.0
84522,PINK PARTY SUNGLASSES,178,8.9,298.5,67,7,62.0,124.0,Reorder,57.0
84526,GIANT BLACK SUNGLASSES,84,2.7096774193548385,163.79999999999998,264,8,19.0,41.0,Overstock,0.0
84527,FLAMES SUNGLASSES PINK LENSES,71,3.55,131.25,147,13,25.0,71.0,Overstock,0.0
84539,KNITTED RABBIT DOLL ,33,3.3,54.449999999999996,36,9,23.0,53.0,Reorder,17.0
84546,CROCHET POODLE KEYRING,21,7.0,34.64999999999999,90,12,49.0,133.0,Reorder,43.0
84548,CROCHET BEAR RED/BLUE  KEYRING,41,3.1538461538461537,67.64999999999999,288,3,22.0,31.0,Overstock,0.0
84549,CROCHET WHITE RABBIT KEYRING ,64,7.111111111111111,100.8,26,10,50.0,121.0,Reorder,95.0
84550,CROCHET LILAC/RED BEAR KEYRING,12,3.0,19.799999999999997,122,6,21.0,39.0,Overstock,0.0
84551,CROCHET DOG KEYRING,24,4.0,39.599999999999994,212,11,28.0,72.0,Overstock,0.0
84564,6 SEGMENT COLOURED SNACK BOWL ,18,2.0,143.1,260,3,14.0,20.0,Overstock,0.0
84567,FROSTED GLASS WITH SILVER SURROUND,9,9.0,14.85,81,13,63.0,180.0,Reorder,99.0
84568,GIRLS ALPHABET IRON ON PATCHES ,33217,461.34722222222223,6399.57,36,4,3229.0,5074.0,Reorder,5038.0
84572,6 HOOK JEWEL STAND LILAC DRESS,1,1.0,8.49,190,8,7.0,15.0,Overstock,0.0
84576,BLUE CAT BISCUIT BARREL PINK HEART,84,4.0,264.0,44,13,28.0,80.0,Reorder,36.0
84578,ELEPHANT TOY WITH BLUE T-SHIRT,160,2.0,595.68,270,12,14.0,38.0,Overstock,0.0
84580,MOUSE TOY WITH PINK T-SHIRT,860,2.695924764890282,3228.8,272,13,19.0,54.0,Overstock,0.0
84581,DOG TOY WITH PINK CROCHET SKIRT,441,2.463687150837989,1650.19,226,3,17.0,24.0,Overstock,0.0
84582,PINK CROCHET CAT WITH SCARF,11,1.2222222222222223,46.75,48,6,9.0,16.0,Overstock,0.0
84584,PINK GINGHAM CAT WITH SCARF,207,4.14,527.85,136,10,29.0,70.0,Healthy,0.0
84592,CROCHET ROSE PURSE WITH SUEDE BACK,163,4.2894736842105265,480.8500000000001,163,12,30.0,81.0,Overstock,0.0
84593,CROCHET ROSE DES CLOTHES HANGER,25,3.125,73.75,44,7,22.0,44.0,Healthy,0.0
84598,BOYS ALPHABET IRON ON PATCHES,18241,444.9024390243902,3542.61,175,11,3114.0,8008.0,Reorder,7833.0
84599,CANDY STRIPE ROSE FLOOR CUSHION,6,3.0,47.7,92,13,21.0,60.0,Healthy,0.0
84600,NEW BAROQUE JEWELLERY BOX ,94,2.41025641025641,717.3000000000001,139,13,17.0,48.0,Overstock,0.0
84608,ORNATE EDWARDIAN CANDLE HOLDER,6,1.5,47.7,112,8,10.0,22.0,Overstock,0.0
84609,TALL ROCOCO CANDLE HOLDER,129,4.777777777777778,1051.5,105,3,33.0,47.0,Overstock,0.0
84615,PINK ROUND BUTTERFLY MIRROR ,235,13.055555555555555,667.8299999999999,137,8,91.0,195.0,Reorder,58.0
84616,SILVER ROCCOCO CHANDELIER,69,3.1363636363636362,1297.75,252,8,22.0,47.0,Overstock,0.0
84617, NEW BAROQUE BLACK BOXES,6,2.0,76.5,218,8,14.0,30.0,Overstock,0.0
84617,NEW BAROQUE BLACK BOXES,5,1.25,63.75,225,10,9.0,22.0,Overstock,0.0
84619,BLUE GINGHAM ROSE QUILT ,69,2.6538461538461537,1444.15,166,8,19.0,40.0,Overstock,0.0
84620,BLUE GINGHAM ROSE CUSHION COVER,111,2.4130434782608696,660.45,290,7,17.0,34.0,Overstock,0.0
84621,BLUE GINGHAM ROSE FLOOR CUSHION ,27,2.076923076923077,214.65,158,13,15.0,42.0,Overstock,0.0
84622,PINK GINGHAM ROSE CUSHION COVER,21,3.0,124.95,200,4,21.0,33.0,Overstock,0.0
84623,PINK GINGHAM ROSE FLOOR CUSHION,53,4.416666666666667,261.35,49,6,31.0,58.0,Reorder,9.0
84626,CANDY STRIPE ROSE QUILT,1,1.0,45.95,76,12,7.0,19.0,Overstock,0.0
84627,CANDY STRIPE ROSE C/COVER ,50,2.5,297.5,251,7,18.0,36.0,Overstock,0.0
84629,WHITE 3 FRAME BIRDS AND TREE ,24,1.8461538461538463,237.8,165,12,13.0,35.0,Overstock,0.0
84630,FLOWERS AND BIRDS WALL PLAQUE,2,2.0,15.9,67,6,14.0,26.0,Overstock,0.0
84631,FRUIT TREE AND BIRDS WALL PLAQUE,253,10.541666666666666,715.35,213,4,74.0,116.0,Healthy,0.0
84632,DECORATIVE HANGING SHELVING UNIT,14,1.4,799.3000000000001,243,9,10.0,23.0,Overstock,0.0
84637,KITCHEN FLOWER POTS WALL PLAQUE,487,14.757575757575758,867.25,155,12,103.0,280.0,Reorder,125.0
84638,SMALL KITCHEN FLOWER POTS PLAQUE,356,11.483870967741936,714.2,41,12,80.0,218.0,Reorder,177.0
84648,NEW BAROQUE WALL MIRROR,1,1.0,12.75,25,4,7.0,11.0,Overstock,0.0
84653,GREEN ROSE QUILT ,10,1.25,453.5,223,3,9.0,13.0,Overstock,0.0
84656,WHITE ROSE C/COVER,20,1.6666666666666667,119.0,258,7,12.0,24.0,Overstock,0.0
84657,GREEN ROSE CUSHION COVER,245,12.894736842105264,496.25,204,14,90.0,271.0,Reorder,67.0
84658,WHITE STITCHED CUSHION COVER,198,3.473684210526316,1060.78,239,3,24.0,34.0,Overstock,0.0
84664,CHERRY BLOSSOM BATHROOM CABINET,192,3.84,950.4000000000001,135,3,27.0,39.0,Overstock,0.0
84665,SQUARE CHERRY BLOSSOM CABINET,226,4.808510638297872,1364.7,68,3,34.0,48.0,Healthy,0.0
84666,SQUARE CHERRY BLOSSOM CABINET,226,6.848484848484849,892.7,192,8,48.0,103.0,Healthy,0.0
84670,JAPANESE CROCHETED ANIMAL,5092,29.097142857142856,2045.04,101,11,204.0,524.0,Reorder,423.0
84674,FLYING PIG WATERING CAN,444,4.774193548387097,1093.8000000000002,64,12,33.0,90.0,Reorder,26.0
84675,FROG KING WATERING CAN,187,4.25,467.65000000000003,39,13,30.0,85.0,Reorder,46.0
84676,BATH DUCK WATERING CAN,832,8.489795918367347,2016.5200000000002,240,14,59.0,178.0,Healthy,0.0
84678,CLASSICAL ROSE SMALL VASE,541,8.196969696969697,989.55,142,3,57.0,82.0,Healthy,0.0
84679,CLASSICAL ROSE TABLE LAMP,14,3.5,103.3,253,7,24.0,48.0,Overstock,0.0
84680,CLASSICAL ROSE URN,94,5.529411764705882,372.3,240,11,39.0,100.0,Overstock,0.0
84682,CLASSICAL ROSE DISH,283,7.075,528.85,22,11,50.0,128.0,Reorder,106.0
84683,CLASSICAL ROSE CANDLESTAND,509,16.966666666666665,449.05,201,3,119.0,170.0,Healthy,0.0
84684,BEACH HUT PHOTO FRAME,574,27.333333333333332,583.0999999999999,225,10,191.0,464.0,Reorder,239.0
84685,BEACH HUT KEY CABINET,359,6.648148148148148,786.25,59,3,47.0,67.0,Reorder,8.0
84686,BEACH HUT MIRROR,344,9.297297297297296,654.54,78,10,65.0,158.0,Reorder,80.0
84687,BEACH HUT SHELF W 3 DRAWERS,292,5.615384615384615,961.4,81,3,39.0,56.0,Healthy,0.0
84688,BEACH HUT DESIGN BLACKBOARD,388,8.25531914893617,1025.0,151,14,58.0,174.0,Reorder,23.0
84689,S/2 BEACH HUT TREASURE CHESTS,305,8.970588235294118,671.65,79,7,63.0,126.0,Reorder,47.0
84690,S/2 BEACH HUT STOOLS,26,2.0,206.70000000000002,141,10,14.0,34.0,Overstock,0.0
84691,PACK 20 DOLLY PEGS,2616,14.533333333333333,2036.3999999999999,126,8,102.0,218.0,Reorder,92.0
84692,BOX OF 24 COCKTAIL PARASOLS,17299,23.440379403794037,6964.39,115,11,164.0,422.0,Reorder,307.0
84715,SET OF 6 ICE CREAM SKITTLES,232,5.948717948717949,684.4000000000001,254,3,42.0,60.0,Overstock,0.0
84720,DOT MATRIX CANVAS ART PICTURE,35,11.666666666666666,147.05,81,11,82.0,210.0,Reorder,129.0
84721,MANHATTAN CANVAS ART PICTURE,20,10.0,87.8,275,3,70.0,100.0,Overstock,0.0
84723,CHERRY BLOSSOM CANVAS ART PICTURE,54,4.5,201.3,68,12,32.0,86.0,Reorder,18.0
84725,FREESTYLE CANVAS ART PICTURE,133,4.75,212.24999999999997,178,12,33.0,90.0,Healthy,0.0
84726,LILLIES CANVAS PICTURE,233,46.6,394.84999999999997,143,5,326.0,559.0,Reorder,416.0
84731,3 BIRDS CANVAS SCREEN,3,1.0,3.69,226,3,7.0,10.0,Overstock,0.0
84744,S/6 SEW ON CROCHET FLOWERS,147,4.741935483870968,183.75,67,5,33.0,57.0,Healthy,0.0
84746,PINK EASTER HENS+FLOWER,12,1.5,45.0,155,14,10.0,31.0,Overstock,0.0
84748,FOLK FELT HANGING MULTICOL GARLAND,980,30.625,1231.8,220,13,214.0,612.0,Reorder,392.0
84754,S/15 SILVER GLASS BAUBLES IN BAG,1958,11.724550898203592,2338.06,269,4,82.0,129.0,Overstock,0.0
84755,COLOUR GLASS T-LIGHT HOLDER HANGING,39259,35.241472172351884,23598.510000000002,228,4,247.0,388.0,Reorder,160.0
84757,ENCHANTED GARDEN WROUGHT IRON TABLE,5,1.25,74.75,230,11,9.0,23.0,Overstock,0.0
84761,IVORY HANGING BIRD PLANTER ,245,5.326086956521739,613.9499999999999,211,10,37.0,90.0,Overstock,0.0
84763,ZINC FINISH 15CM PLANTER POTS,1467,9.845637583892618,1778.27,63,3,69.0,99.0,Reorder,36.0
84765,SILVER ROCOCO CANDELABRA,7,1.75,89.25,48,14,12.0,36.0,Healthy,0.0
84766,SILVER ROCOCO CANDLE STICK,200,7.407407407407407,638.0,78,6,52.0,96.0,Reorder,18.0
84767,ZINC POLICE BOX LANTERN,193,48.25,783.7,90,3,338.0,483.0,Reorder,393.0
84770,ROUND GEORGIAN SILVER MIRROR,135,8.4375,419.25000000000006,111,3,59.0,84.0,Healthy,0.0
84773,RED ROSE AND LACE C/COVER,187,3.978723404255319,551.6500000000001,284,14,28.0,84.0,Overstock,0.0
84789,ENCHANTED BIRD PLANT CAGE,432,3.857142857142857,1464.0,239,14,27.0,81.0,Overstock,0.0
84791,GINGHAM HEART DECORATION,296,3.9466666666666668,863.6000000000001,234,6,28.0,52.0,Overstock,0.0
84792,ENCHANTED BIRD COATHANGER 5 HOOK,2201,5.0136674259681095,9326.33,296,4,35.0,55.0,Overstock,0.0
84799,SPRIG LAVENDER ARTIFICIAL FLOWER,667,23.0,515.03,83,5,161.0,276.0,Reorder,193.0
84807,RED POPPY ARTIFICIAL FLOWER,233,33.285714285714285,215.93,264,13,233.0,666.0,Reorder,402.0
84813,SET OF 4 DIAMOND NAPKIN RINGS,379,5.492753623188406,2722.47,81,11,38.0,98.0,Reorder,17.0
84815,SET OF 3 DANISH ROSE PLANTERS,906,25.166666666666668,1022.5,189,4,176.0,277.0,Reorder,88.0
84816,DANISH ROSE BEDSIDE CABINET,31,1.7222222222222223,1198.45,288,6,12.0,22.0,Overstock,0.0
84817,DANISH ROSE DECORATIVE PLATE,1051,13.474358974358974,920.6400000000001,286,3,94.0,134.0,Overstock,0.0
84818,DANISH ROSE PHOTO FRAME,1691,11.052287581699346,2122.61,73,4,77.0,121.0,Reorder,48.0
84819,DANISH ROSE ROUND SEWING BOX,907,9.648936170212766,1359.79,35,7,68.0,136.0,Reorder,101.0
84820,DANISH ROSE TRINKET TRAYS,317,6.469387755102041,828.15,27,12,45.0,123.0,Reorder,96.0
84821,DANISH ROSE DELUXE COASTER,1306,19.205882352941178,722.5,123,3,134.0,192.0,Reorder,69.0
84823,DANISH ROSE FOLDING CHAIR,120,4.137931034482759,1210.0,78,13,29.0,83.0,Reorder,5.0
84824,DANISH ROSE UMBRELLA STAND,33,1.2222222222222223,513.55,59,9,9.0,20.0,Overstock,0.0
84826,ASSTD DESIGN 3D PAPER STICKERS,1731,33.28846153846154,866.53,256,6,233.0,433.0,Reorder,177.0
84827,ASS DES PHONE SPONGE CRAFT STICKER,1025,34.166666666666664,488.49,113,8,239.0,512.0,Reorder,399.0
84828,JUNGLE POPSICLES ICE LOLLY HOLDERS,1467,10.708029197080291,1788.15,241,10,75.0,182.0,Healthy,0.0
84828,JUNGLE POPSICLES ICE LOLLY MOULDS,831,8.479591836734693,1038.66,223,8,59.0,127.0,Healthy,0.0
84830,LARGE ENGLISH ARBORETUM,113,16.142857142857142,1195.15,157,4,113.0,178.0,Reorder,21.0
84832,ZINC WILLIE WINKIE  CANDLE STICK,6166,13.611479028697572,5127.219999999999,226,3,95.0,136.0,Healthy,0.0
84836,ZINC METAL HEART DECORATION,19328,15.230890464933019,23331.43,100,10,107.0,259.0,Reorder,159.0
84837,WHITE SWEETHEARTS CABINET 4 DRAWERS,239,1.7835820895522387,2915.25,237,10,12.0,30.0,Overstock,0.0
84838,ANT WHITE HIGH RISE BIRD BOX,49,16.333333333333332,304.0,21,11,114.0,294.0,Reorder,273.0
84839,SWEETHEART KEY CABINET,1478,4.198863636363637,8201.7,197,8,29.0,63.0,Overstock,0.0
84840,SWEETHEART CARRY-ALL BASKET,263,2.0873015873015874,2194.7,298,14,15.0,44.0,Overstock,0.0
84842,HELLO SAILOR BATHROOM SET,1495,57.5,675.0500000000001,165,3,402.0,574.0,Reorder,409.0
84843,WHITE SOAP RACK WITH 2 BOTTLES,247,2.839080459770115,1376.05,243,11,20.0,51.0,Overstock,0.0
84847,FLORAL BATHROOM SET,2315,62.567567567567565,1043.01,81,14,438.0,1314.0,Reorder,1233.0
84854,GIRLY PINK TOOL SET,280,4.827586206896552,1302.0,258,5,34.0,58.0,Overstock,0.0
84855,BLOKEY SILVER TOOL SET,31,2.5833333333333335,153.45000000000002,214,13,18.0,52.0,Overstock,0.0
84865,NEW BAROQUE BLACK PHOTO ALBUM,64,1.7297297297297298,449.65,185,8,12.0,26.0,Overstock,0.0
84869,CANDY BUTTON PHOTO ALBUM,295,14.047619047619047,631.25,241,12,98.0,267.0,Reorder,26.0
84879,ASSORTED COLOUR BIRD ORNAMENT,78234,29.061664190193166,124351.86,80,12,203.0,552.0,Reorder,472.0
84880,WHITE WIRE EGG HOLDER,1668,5.069908814589666,9227.800000000001,148,13,35.0,101.0,Healthy,0.0
84881,BLUE WIRE SPIRAL CANDLE HOLDER,50,2.272727272727273,317.5,192,14,16.0,48.0,Overstock,0.0
84882,GREEN WIRE STANDING CANDLE HOLDER,55,2.037037037037037,206.25,175,11,14.0,36.0,Overstock,0.0
84886,BLUE METAL WALL SHELF,11,1.375,109.44999999999999,129,13,10.0,28.0,Overstock,0.0
84893,ANT WHITE IRON BASKET,33,2.2,186.35000000000002,288,5,15.0,26.0,Overstock,0.0
84901,BLACK FACE LAMB WITH PANTS,98,1.75,365.34,297,7,12.0,24.0,Overstock,0.0
84902,PINK KNITTED COW STUFFED TOY,58,1.7575757575757576,215.34,93,7,12.0,24.0,Overstock,0.0
84905,PINK BUTTERFLY C/COVER ,6,2.0,29.700000000000003,226,12,14.0,38.0,Overstock,0.0
84905,PINK BUTTERFLY CUSHION COVER ,145,8.529411764705882,362.55,298,9,60.0,137.0,Overstock,0.0
84906,PINK B'FLY C/COVER W BOBBLES,41,2.9285714285714284,243.95000000000002,223,6,20.0,38.0,Overstock,0.0
84906,PINK BUTTERFLY CUSHION COVER,17,4.25,33.15,180,13,30.0,85.0,Overstock,0.0
84907,PINK YELLOW PATCH CUSHION COVER,359,32.63636363636363,774.15,47,6,228.0,424.0,Reorder,377.0
84907,PINK/YELLOW PATCH CUSHION COVER,6,2.0,45.9,276,9,14.0,32.0,Overstock,0.0
84915,HAND TOWEL PINK FLOWER AND DAISY,208,11.555555555555555,335.5,184,11,81.0,208.0,Reorder,24.0
84916,HAND TOWEL PALE BLUE W FLOWERS,230,7.666666666666667,514.5,82,13,54.0,154.0,Reorder,72.0
84917,WHITE HAND TOWEL WITH BUTTERFLY,183,10.764705882352942,477.85,41,6,75.0,140.0,Reorder,99.0
84918,CREAM C/COVER W YELLOW/GREEN FLOWER,10,3.3333333333333335,69.5,89,6,23.0,43.0,Overstock,0.0
84918,CREAM CUSHION COVER WITH FLOWERS,103,7.357142857142857,355.85,115,8,52.0,111.0,Healthy,0.0
84919,BLUE CUSHION COVER WITH FLOWER,254,13.368421052631579,1365.3,182,8,94.0,201.0,Reorder,19.0
84919,L BLUE C/COVER W PINK/YELLOW FLOWER,6,3.0,41.7,98,9,21.0,48.0,Overstock,0.0
84920,PINK FLOWER FABRIC PONY,145,2.685185185185185,537.35,24,3,19.0,27.0,Reorder,3.0
84921,CREAM AND PINK FLOWERS PONY ,27,1.9285714285714286,101.25,139,13,14.0,39.0,Overstock,0.0
84922,PINK BUTTERFLY WASHBAG,335,33.5,748.75,197,5,234.0,402.0,Reorder,205.0
84923,PINK BUTTERFLY HANDBAG W BOBBLES,9,1.8,76.5,195,11,13.0,33.0,Overstock,0.0
84929,ASSTD FRUIT+FLOWERS FRIDGE MAGNETS,2928,32.53333333333333,915.12,236,8,228.0,488.0,Reorder,252.0
84934,ASSTD DESIGN POP ART SLIM PEN,684,57.0,581.4,75,8,399.0,855.0,Reorder,780.0
84937,KASHMIR FOLKART TUMBLERS,2486,29.951807228915662,4827.82,206,7,210.0,420.0,Reorder,214.0
84942,KASHMIR FOLKART HEART DISHES,3,1.0,5.07,251,13,7.0,20.0,Overstock,0.0
84944,SET OF 6 KASHMIR FOLKART BAUBLES,911,6.033112582781457,2493.75,274,5,42.0,72.0,Overstock,0.0
84945,MULTI COLOUR SILVER T-LIGHT HOLDER,21125,35.68412162162162,16833.35,123,13,250.0,714.0,Reorder,591.0
84946,ANTIQUE SILVER T-LIGHT GLASS,12949,24.113594040968344,15176.42,96,7,169.0,338.0,Reorder,242.0
84946,ANTIQUE SILVER TEA GLASS ETCHED,18604,23.284105131414268,21540.440000000002,249,3,163.0,233.0,Healthy,0.0
84947,ANTIQUE SILVER TEA GLASS ENGRAVED,15028,26.045060658578855,17162.93,277,5,182.0,312.0,Reorder,35.0
84948,SILVER HANGING T-LIGHT HOLDER DOME,268,7.882352941176471,442.19999999999993,283,6,55.0,102.0,Overstock,0.0
84949,SILVER HANGING T-LIGHT HOLDER,11635,18.705787781350484,18001.35,201,7,131.0,262.0,Reorder,61.0
84950,ASSORTED COLOUR T-LIGHT HOLDER,5610,25.27027027027027,3677.1400000000003,275,12,177.0,480.0,Reorder,205.0
84962,SET/3 COLOUR PAINTED KASHMIRI STOOL,3,1.5,179.85000000000002,57,11,10.0,26.0,Overstock,0.0
84969,ASSORTED COLOUR SET 6 TEASPOONS,227,3.6031746031746033,964.75,195,6,25.0,47.0,Overstock,0.0
84969,BOX OF 6 ASSORTED COLOUR TEASPOONS,418,3.980952380952381,1790.74,46,5,28.0,48.0,Reorder,2.0
84974,S/2 ZINC HEART DESIGN PLANTERS,89,1.5344827586206897,879.55,295,12,11.0,29.0,Overstock,0.0
84975,HEART SHAPED MIRROR,1923,11.378698224852071,3041.07,159,3,80.0,114.0,Healthy,0.0
84976,RECTANGULAR SHAPED MIRROR,652,15.523809523809524,656.9,110,12,109.0,295.0,Reorder,185.0
84977,WIRE FLOWER T-LIGHT HOLDER,220,5.365853658536586,275.0,80,8,38.0,81.0,Reorder,1.0
84978,HANGING HEART JAR T-LIGHT HOLDER,19012,17.267938237965485,22079.74,182,9,121.0,276.0,Reorder,94.0
84987,SET OF 36 TEATIME PAPER DOILIES,7832,12.123839009287925,11012.88,162,12,85.0,230.0,Reorder,68.0
84988,SET OF 72 PINK HEART PAPER DOILIES,7595,12.210610932475884,10729.4,272,10,85.0,207.0,Healthy,0.0
84990,60 GOLD AND SILVER FAIRY CAKE CASES,4201,25.15568862275449,2006.23,288,14,176.0,528.0,Reorder,240.0
84991,60 TEATIME FAIRY CAKE CASES,52828,29.138444567015995,25785.920000000002,206,3,204.0,291.0,Reorder,85.0
84992,72 SWEETHEART FAIRY CAKE CASES,33936,27.930864197530862,16178.470000000001,105,14,196.0,587.0,Reorder,482.0
85006,SET 4 NURSERY DES ROUND BOXES,3047,87.05714285714286,1280.45,185,6,609.0,1131.0,Reorder,946.0
85007,SET OF 3 VINTAGE TEA TIME BOXES,139,6.95,376.35,133,13,49.0,139.0,Reorder,6.0
85008,SET OF 3 CONEY ISLAND OVAL BOXES,259,2.8777777777777778,961.8000000000001,202,7,20.0,40.0,Overstock,0.0
85015,SET OF 12  VINTAGE POSTCARD SET,2709,18.8125,2250.87,226,4,132.0,207.0,Healthy,0.0
85016,SET OF 6 VINTAGE NOTELETS KIT,1450,20.714285714285715,1457.4,275,3,145.0,207.0,Healthy,0.0
85020,ROUND PINK HEART MIRROR,224,5.090909090909091,470.40000000000003,254,10,36.0,87.0,Overstock,0.0
85030,FRENCH CHATEAU OVAL PLATTER,211,7.275862068965517,531.4499999999999,22,8,51.0,109.0,Reorder,87.0
85038,6 CHOCOLATE LOVE HEART T-LIGHTS,2502,8.510204081632653,4935.76,227,7,60.0,120.0,Healthy,0.0
85041,SET/4 PINK ORCHID CANDLES IN BOWL,1818,22.170731707317074,2397.7799999999997,216,11,155.0,399.0,Reorder,183.0
85042,ANTIQUE LILY FAIRY LIGHTS,2668,9.36140350877193,12081.0,144,13,66.0,188.0,Reorder,44.0
85043,RED HEART CANDY POP LIGHTS,1,1.0,4.95,157,13,7.0,20.0,Overstock,0.0
85044,RED REINDEER STRING OF 20 LIGHTS,131,5.038461538461538,605.75,44,4,35.0,55.0,Reorder,11.0
85045,GREEN CHRISTMAS TREE STRING 20LIGHT,457,6.347222222222222,2102.55,87,12,44.0,120.0,Reorder,33.0
85047,WHITE BEADED GARLAND STRING 20LIGHT,994,4.848780487804878,6043.099999999999,80,14,34.0,102.0,Reorder,22.0
85048,15CM CHRISTMAS GLASS BALL 20 LIGHTS,2525,5.778032036613272,18618.75,48,10,40.0,98.0,Reorder,50.0
85050,FRENCH ENAMEL SOAP DISH WITH LID,48,48.0,100.80000000000001,38,13,336.0,960.0,Reorder,922.0
85053,FRENCH ENAMEL CANDLEHOLDER,1845,6.519434628975265,3667.2900000000004,190,12,46.0,124.0,Healthy,0.0
85054,FRENCH ENAMEL POT W LID,843,5.171779141104294,2083.9100000000003,93,11,36.0,93.0,Healthy,0.0
85055,FRENCH ENAMEL UTENSIL HOLDER,316,3.95,1130.6,80,3,28.0,40.0,Healthy,0.0
85059,FRENCH ENAMEL WATER BASIN,536,3.7222222222222223,1655.31,172,9,26.0,60.0,Overstock,0.0
85060,WOOD FAN WITH FLOWER DESIGN,1391,18.7972972972973,1638.43,295,10,132.0,320.0,Reorder,25.0
85062,PEARL CRYSTAL PUMPKIN T-LIGHT HLDR,3648,12.936170212765957,5792.07,67,5,91.0,156.0,Reorder,89.0
85063,CREAM SWEETHEART MAGAZINE RACK,275,1.8333333333333333,4455.25,230,6,13.0,24.0,Overstock,0.0
85064,CREAM SWEETHEART LETTER RACK,1538,6.435146443514644,6897.62,158,5,45.0,77.0,Overstock,0.0
85065,CREAM SWEETHEART TRAYS,582,2.5086206896551726,6734.5,129,9,18.0,41.0,Overstock,0.0
85066,CREAM SWEETHEART MINI CHEST,2948,3.6039119804400976,35264.729999999996,202,11,25.0,65.0,Overstock,0.0
85067,CREAM SWEETHEART WALL CABINET,472,3.0451612903225804,7417.259999999999,47,5,21.0,36.0,Healthy,0.0
85068,CREAM SWEETHEART SHELF + HOOKS,922,5.268571428571429,6097.56,216,8,37.0,79.0,Overstock,0.0
85069,CREAM SWEETHEART DOUBLE SHELF,3,3.0,50.849999999999994,210,10,21.0,51.0,Overstock,0.0
85070,ANT WHITE SWEETHEART TABLE W 3 DRAW,3,1.0,320.0,70,8,7.0,15.0,Overstock,0.0
85072,OCCASIONS GIFT CARD ASSORTMENT,120,120.0,66.0,168,4,840.0,1320.0,Reorder,1152.0
85078,SCANDINAVIAN 3 HEARTS NAPKIN RING,2044,23.767441860465116,570.2,287,9,166.0,380.0,Reorder,93.0
85079,EMBROIDERED REINDEER DECORATION,18,2.5714285714285716,28.0,69,4,18.0,28.0,Overstock,0.0
85080,PADDED RED HEART DECORATION,113,5.136363636363637,55.76,265,4,36.0,57.0,Overstock,0.0
85081,PADDED HOLLY CHRISTMAS DECORATION ,100,4.761904761904762,44.49,132,4,33.0,52.0,Overstock,0.0
85083,KISS REINDEER SCANDINAVIAN STOCKING,5,2.5,12.75,189,13,18.0,50.0,Overstock,0.0
85084,HOLLY TOP CHRISTMAS STOCKING,605,9.307692307692308,554.5699999999999,185,3,65.0,93.0,Healthy,0.0
85087,CANDY SPOT CUSHION COVER,113,5.380952380952381,325.11,33,13,38.0,108.0,Reorder,75.0
85088,CANDY SPOT HAND BAG,273,6.066666666666666,563.77,222,3,42.0,60.0,Overstock,0.0
85089,CANDY SPOT BUNNY,87,4.578947368421052,249.45000000000002,208,9,32.0,73.0,Overstock,0.0
85090,CANDY SPOT APRON,82,2.2777777777777777,381.3,174,14,16.0,48.0,Overstock,0.0
85091,CANDY SPOT BREAD BASKETS,337,24.071428571428573,487.35,74,7,168.0,336.0,Reorder,262.0
85092,CANDY SPOT TEA COSY,374,26.714285714285715,534.7,201,13,187.0,534.0,Reorder,333.0
85093,CANDY SPOT EGG WARMER HARE,1044,17.4,692.74,229,5,122.0,209.0,Healthy,0.0
85094,CANDY SPOT EGG WARMER RABBIT,609,14.5,211.43,94,3,102.0,146.0,Reorder,52.0
85095,THREE CANVAS LUGGAGE TAGS,90,8.181818181818182,143.85999999999999,296,13,57.0,163.0,Healthy,0.0
85096,HILDA CANDY SPOT RABBIT,142,2.784313725490196,532.5,152,12,19.0,52.0,Overstock,0.0
85103, SILVER T-LIGHT SETTING,37,2.466666666666667,240.15,78,8,17.0,37.0,Overstock,0.0
85103,SILVER T-LIGHT SETTING,211,5.410256410256411,1303.45,201,13,38.0,108.0,Healthy,0.0
85104,SILVER GLASS T-LIGHT SET,327,6.055555555555555,888.9300000000001,83,3,42.0,60.0,Healthy,0.0
85106,CUT GLASS HEXAGON T-LIGHT HOLDER,1022,22.711111111111112,1849.0,279,11,159.0,409.0,Reorder,130.0
85107,CUT GLASS T-LIGHT HOLDER OCTAGON,1169,17.71212121212121,2118.21,212,4,124.0,195.0,Healthy,0.0
85109,PINK BOUDOIR T-LIGHT HOLDER,4203,233.5,462.15000000000003,162,3,1634.0,2334.0,Reorder,2172.0
85110,BLACK SILVER FLOWER T-LIGHT HOLDER,11512,605.8947368421053,1124.68,123,14,4241.0,12724.0,Reorder,12601.0
85111,SILVER GLITTER FLOWER VOTIVE HOLDER,2872,44.875,879.92,233,9,314.0,718.0,Reorder,485.0
85112,S/3 TEAR DROP CUT GLASS DECORATION,429,18.652173913043477,320.25,261,8,131.0,280.0,Reorder,19.0
85113,POLKA DOT PISTACHIO PAIL,279,6.340909090909091,566.22,228,8,44.0,95.0,Overstock,0.0
85116,BLACK CANDELABRA T-LIGHT HOLDER,1173,22.132075471698112,1139.66,112,7,155.0,310.0,Reorder,198.0
85117,NIGHTINGALE COATHOOK WHITE,317,7.925,493.45,161,13,55.0,158.0,Healthy,0.0
85118,HEART T-LIGHT HOLDER,2027,32.693548387096776,1072.15,131,6,229.0,425.0,Reorder,294.0
85119,WATERING CAN SINGLE HOOK PISTACHIO,412,10.564102564102564,564.12,78,13,74.0,211.0,Reorder,133.0
85125,SMALL ROUND CUT GLASS CANDLESTICK,267,6.209302325581396,1222.95,62,6,43.0,80.0,Reorder,18.0
85126,LARGE ROUND CUTGLASS CANDLESTICK,148,4.484848484848484,960.6,226,5,31.0,53.0,Overstock,0.0
85127,SMALL SQUARE CUT GLASS CANDLESTICK,138,3.6315789473684212,683.1,287,12,25.0,69.0,Overstock,0.0
85128,PLANTPOT SINGLE HOOK PISTACHIO,165,82.5,182.09,137,10,578.0,1403.0,Reorder,1266.0
85141,JARDIN ETCHED GLASS FRUITBOWL,180,2.535211267605634,1267.4,39,9,18.0,41.0,Reorder,2.0
85142,JARDIN ETCHED GLASS GINGER JAR,50,1.8518518518518519,397.5,241,11,13.0,33.0,Overstock,0.0
85144,JARDIN ETCHED GLASS BUTTER DISH,68,2.193548387096774,471.4,185,3,15.0,22.0,Overstock,0.0
85144,JARDIN ETCHED GLASS CHEESE DISH,219,5.341463414634147,575.45,150,9,37.0,85.0,Healthy,0.0
85145,JARDIN ETCHED GLASS LARGE BELL JAR,91,3.033333333333333,809.05,175,12,21.0,57.0,Overstock,0.0
85146,JARDIN ETCHED GLASS SMALL BELL JAR,115,3.9655172413793105,564.25,203,6,28.0,52.0,Overstock,0.0
85147,JARDIN ETCHED GLASS CANDLEHLDR LONG,61,3.210526315789474,301.95,109,9,22.0,51.0,Overstock,0.0
85150,LADIES & GENTLEMEN METAL SIGN,8078,9.03579418344519,18847.98,113,14,63.0,190.0,Reorder,77.0
85151,WELCOME METAL SIGN,44,5.5,55.0,32,3,38.0,54.0,Reorder,22.0
85152,HAND OVER THE CHOCOLATE   SIGN ,16146,12.30640243902439,30615.93,249,7,86.0,172.0,Healthy,0.0
85161,ACRYLIC GEOMETRIC LAMP,27,1.35,497.65,45,5,9.0,16.0,Overstock,0.0
85165,CANDY PINK FRENCH BOUDOIR CLOCK,16,1.4545454545454546,159.2,94,7,10.0,20.0,Overstock,0.0
85171,S/2 HYACINTH BULB CANDLES,1,1.0,2.55,169,6,7.0,13.0,Overstock,0.0
85172,HYACINTH BULB T-LIGHT CANDLES,4178,29.84285714285714,1688.52,167,4,209.0,328.0,Reorder,161.0
85173,SET/6 FROG PRINCE T-LIGHT CANDLES,954,9.262135922330097,1563.27,27,13,65.0,185.0,Reorder,158.0
85174,S/4 CACTI CANDLES,1282,5.409282700421941,5606.82,48,6,38.0,70.0,Reorder,22.0
85175,CACTI T-LIGHT CANDLES,15302,37.23114355231144,6128.12,228,5,261.0,447.0,Reorder,219.0
85176,SEWING SUSAN 21 NEEDLE SET,2408,13.839080459770114,1875.4999999999998,147,3,97.0,139.0,Healthy,0.0
85177,BASKET OF FLOWERS SEWING KIT,1765,15.758928571428571,1442.11,135,14,110.0,331.0,Reorder,196.0
85178,VICTORIAN SEWING KIT,5294,20.361538461538462,5777.54,163,12,143.0,387.0,Reorder,224.0
85187,S/12 MINI RABBIT EASTER,451,4.956043956043956,724.9499999999999,254,10,35.0,85.0,Overstock,0.0
85189,HANGING BUTTERFLY  EGG,1117,18.93220338983051,908.89,26,7,133.0,266.0,Reorder,240.0
85190,PINK FLOWER HANGING HEART ,133,9.5,113.05,64,6,66.0,123.0,Reorder,59.0
85195,HANGING HEART BASKET,145,9.0625,265.14,258,12,63.0,172.0,Healthy,0.0
85196,EASTER BUNNIES ON A STICK,1536,23.272727272727273,783.96,174,14,163.0,489.0,Reorder,315.0
85197,SET OF 12 MINI BUNNIES IN A BUCKET,1667,22.226666666666667,955.2600000000001,200,7,156.0,312.0,Reorder,112.0
85198,ASSORTED FARMYARD ANIMALS IN BUCKET,3824,95.6,1421.24,234,6,669.0,1243.0,Reorder,1009.0
85200,BUNNY EGG BOX,1007,10.6,1253.95,107,5,74.0,127.0,Reorder,20.0
85202,HANGING WOOD AND FELT HEART,745,7.45,311.46,275,7,52.0,104.0,Overstock,0.0
85203,HANGING WOOD AND FELT BUTTERFLY ,1089,9.228813559322035,454.5,92,6,65.0,120.0,Reorder,28.0
85204,HANGING WOOD AND FELT FLOWER,2150,26.54320987654321,364.62,198,3,186.0,266.0,Reorder,68.0
85208,SET/12 FUNKY FELT FLOWER PEG IN BAG,353,5.983050847457627,701.94,231,14,42.0,126.0,Healthy,0.0
85211,S/4 GROOVY CAT MAGNETS,279,5.166666666666667,377.96999999999997,253,5,36.0,62.0,Overstock,0.0
85212,MINI PAINTED GARDEN DECORATION ,2766,28.8125,990.6199999999999,258,12,202.0,548.0,Reorder,290.0
85213,MINI  ZINC GARDEN DECORATIONS ,1270,25.918367346938776,669.5799999999999,242,12,181.0,492.0,Reorder,250.0
85214,TUB 24 PINK FLOWER PEGS,419,3.0583941605839415,691.3499999999999,138,10,21.0,52.0,Overstock,0.0
85215,ASSORTED CHEESE FRIDGE MAGNETS,755,16.06382978723404,484.99,283,9,112.0,257.0,Healthy,0.0
85216,ASSORTED CAKES FRIDGE MAGNETS,2790,18.6,1744.38,226,4,130.0,204.0,Healthy,0.0
85217,ASSORTED ICE CREAM FRIDGE MAGNETS,2811,20.51824817518248,1751.91,114,3,144.0,206.0,Reorder,92.0
85218,S/5 MINI ICE CREAM FRIDGE MAGNETS,1992,996.0,625.1999999999999,241,5,6972.0,11952.0,Reorder,11711.0
85220,SMALL FAIRY CAKE FRIDGE MAGNETS,12236,2447.2,6875.0,295,7,17130.0,34260.0,Reorder,33965.0
85221,ASSORTED COLOUR SILK COIN PURSE,3551,80.70454545454545,1667.5900000000001,250,12,565.0,1533.0,Reorder,1283.0
85222,ASSORTED COLOUR SILK COSMETIC PURSE,1394,32.41860465116279,1535.4,138,13,227.0,648.0,Reorder,510.0
85224,ASSORTED COLOUR SILK GLASSES CASE,1987,39.74,1051.14,287,14,278.0,834.0,Reorder,547.0
85225,BLING KEY RING STAND,19,1.7272727272727273,22.5,292,3,12.0,17.0,Overstock,0.0
85227,SET OF 6 3D KIT CARDS FOR KIDS,2575,9.537037037037036,2172.1299999999997,83,5,67.0,115.0,Reorder,32.0
85227,SET/6 3D KIT CARDS FOR KIDS,545,18.79310344827586,412.84999999999997,30,5,132.0,226.0,Reorder,196.0
90020,FILIGREE DIAMANTE CHAIN,4,2.0,51.0,117,7,14.0,28.0,Overstock,0.0
90021,LASER CUT MULTI STRAND NECKLACE,5,1.25,59.75,90,5,9.0,15.0,Overstock,0.0
90022,EDWARDIAN DROP EARRINGS JET BLACK,8,2.0,30.0,77,11,14.0,36.0,Overstock,0.0
90023,FILIGREE DIAMANTE EARRINGS,21,1.9090909090909092,89.25,270,3,13.0,19.0,Overstock,0.0
90028,NEW BAROQUE LARGE NECKLACE BLK/WHIT,9,1.8,76.5,295,6,13.0,24.0,Overstock,0.0
90029,NEW BAROQUE SMALL NECKLACE BLACK,21,2.1,178.5,69,12,15.0,40.0,Healthy,0.0
90031,BILI NUT AND WOOD NECKLACE,48,9.6,48.0,235,12,67.0,182.0,Healthy,0.0
90032,IVORY SHELL HEART NECKLACE,45,2.142857142857143,253.17,71,6,15.0,28.0,Overstock,0.0
90033,IVORY SHELL HEART EARRINGS,5,2.5,12.75,290,3,18.0,26.0,Overstock,0.0
90034,WHITE SILVER NECKLACE SHELL GLASS,2,1.0,19.9,103,4,7.0,11.0,Overstock,0.0
90041,PEARL AND CHERRY QUARTZ BRACLET,3,1.5,10.5,145,13,10.0,30.0,Overstock,0.0
90043,COPPER AND BRASS BAG CHARM,10,1.6666666666666667,54.510000000000005,91,3,12.0,17.0,Overstock,0.0
90046,WHITE WITH METAL BAG CHARM,13,1.8571428571428572,64.35000000000001,255,8,13.0,28.0,Overstock,0.0
90048,GREEN WITH METAL BAG CHARM,29,4.833333333333333,143.55,75,5,34.0,58.0,Healthy,0.0
90049,IVORY GOLD METAL BAG CHARM,19,3.8,104.07,129,9,27.0,61.0,Overstock,0.0
90050,CRACKED GLAZE NECKLACE IVORY,6,3.0,41.7,211,7,21.0,42.0,Overstock,0.0
90051,CRACKED GLAZE NECKLACE RED,7,1.75,48.65,112,11,12.0,31.0,Overstock,0.0
90052,CRACKED GLAZE NECKLACE BROWN,3,3.0,20.85,75,9,21.0,48.0,Healthy,0.0
90054,CRACKED GLAZE EARRINGS RED,2,1.0,5.1,79,6,7.0,13.0,Overstock,0.0
90055,CRACKED GLAZE EARRINGS BROWN,1,1.0,2.55,157,7,7.0,14.0,Overstock,0.0
90056,CHUNKY CRACKED GLAZE NECKLACE IVORY,6,6.0,64.5,58,7,42.0,84.0,Reorder,26.0
90057,DIAMANTE RING ASSORTED IN BOX.,1800,52.94117647058823,2660.88,47,13,371.0,1059.0,Reorder,1012.0
90062,CARNIVAL BRACELET,113,2.8974358974358974,1430.5,68,7,20.0,40.0,Healthy,0.0
90069,RUBY GLASS CLUSTER NECKLACE,11,2.2,82.5,144,12,15.0,41.0,Overstock,0.0
90070,RUBY GLASS CLUSTER BRACELET,37,3.3636363636363638,220.15,32,11,24.0,61.0,Reorder,29.0
90071,RUBY GLASS CLUSTER EARRINGS,2,1.0,2.5,55,12,7.0,19.0,Overstock,0.0
90072,RUBY DROP CHANDELIER EARRINGS,18,3.6,67.5,120,5,25.0,43.0,Overstock,0.0
90073,VINTAGE ENAMEL & CRYSTAL EARRINGS,22,3.142857142857143,108.9,105,8,22.0,47.0,Overstock,0.0
90074,BLACK DIAMOND CLUSTER NECKLACE,5,1.25,44.75,23,10,9.0,22.0,Healthy,0.0
90075,MONTANA DIAMOND CLUSTER NECKLACE,4,1.3333333333333333,35.8,242,13,9.0,26.0,Overstock,0.0
90076,MONTANA DIAMOND CLUSTER EARRINGS,6,6.0,15.299999999999999,185,11,42.0,108.0,Healthy,0.0
90077,BLACK DIAMOND CLUSTER EARRINGS,1,1.0,2.55,297,9,7.0,16.0,Overstock,0.0
90078,PINK/WHITE GLASS DEMI CHOKER,8,2.0,60.0,149,14,14.0,42.0,Overstock,0.0
90079,VINTAGE ENAMEL & CRYSTAL NECKLACE,10,2.0,49.5,50,5,14.0,24.0,Overstock,0.0
90083,CRYSTAL CZECH CROSS PHONE CHARM,44,5.5,34.94,30,3,38.0,54.0,Reorder,24.0
90084,PINK CRYSTAL GUITAR PHONE CHARM,64,7.111111111111111,54.4,115,6,50.0,93.0,Healthy,0.0
90085,CRYSTAL STILETTO PHONE CHARM,297,17.470588235294116,252.45,209,8,122.0,262.0,Reorder,53.0
90086,CRYSTAL FROG PHONE CHARM,189,9.947368421052632,138.32999999999998,211,5,70.0,120.0,Healthy,0.0
90087,CRYSTAL SEA HORSE PHONE CHARM,276,13.142857142857142,191.76,285,3,92.0,131.0,Overstock,0.0
90088,CRYSTAL KEY+LOCK PHONE CHARM,99,8.25,84.14999999999999,147,8,58.0,124.0,Healthy,0.0
90089,PINK CRYSTAL SKULL PHONE CHARM,88,8.0,66.22,257,3,56.0,80.0,Overstock,0.0
90090,PINK CRYSTAL HEART PHONE CHARM,258,12.9,219.29999999999998,131,11,90.0,232.0,Reorder,101.0
90091,CRYSTAL DRAGONFLY PHONE CHARM,3,1.5,2.55,164,13,10.0,30.0,Overstock,0.0
90092,BLUE CRYSTAL BOOT PHONE CHARM,91,10.11111111111111,77.35,84,14,71.0,213.0,Reorder,129.0
90093,CLEAR CRYSTAL STAR PHONE CHARM,200,11.11111111111111,150.44,266,3,78.0,111.0,Overstock,0.0
90094,NECKLACE+BRACELET SET FRUIT SALAD ,34,1.619047619047619,86.69999999999999,242,8,11.0,24.0,Overstock,0.0
90095,NECKLACE+BRACELET SET PINK BLOSSOM,7,3.5,17.849999999999998,125,3,24.0,34.0,Overstock,0.0
90096,NECKLACE+BRACELET SET BLUE BLOSSOM,31,2.5833333333333335,79.05,200,14,18.0,54.0,Overstock,0.0
90098,NECKLACE+BRACELET PINK BUTTERFLY,59,2.5652173913043477,150.45,203,9,18.0,41.0,Overstock,0.0
90099,NECKLACE+BRACELET SET BLUE HIBISCUS,29,1.7058823529411764,73.94999999999999,245,5,12.0,21.0,Overstock,0.0
90100,NECKLACE+BRACELET SET PINK DAISY,22,2.4444444444444446,56.099999999999994,284,8,17.0,37.0,Overstock,0.0
90101,WHITE FRANGIPANI NECKLACE,17,3.4,43.349999999999994,297,9,24.0,55.0,Overstock,0.0
90102,WHITE FRANGIPANI HAIR CLIP,17,5.666666666666667,14.45,108,3,40.0,57.0,Healthy,0.0
90103,PURPLE FRANGIPANI NECKLACE,12,2.4,30.599999999999998,195,3,17.0,24.0,Overstock,0.0
90104,PURPLE FRANGIPANI HAIRCLIP,57,4.75,48.449999999999996,37,7,33.0,66.0,Reorder,29.0
90108,BLUE BLOSSOM HAIR CLIP,101,7.769230769230769,106.05000000000001,125,8,54.0,116.0,Healthy,0.0
90111,BLUE HIBISCUS  HAIR CLIP,7,1.1666666666666667,7.35,290,11,8.0,21.0,Overstock,0.0
90112,PINK DOLLY HAIR CLIPS,70,4.375,73.5,186,3,31.0,44.0,Overstock,0.0
90114,SUMMER DAISIES BAG CHARM,84,4.421052631578948,214.2,32,6,31.0,58.0,Reorder,26.0
90115,SUMMER BUTTERFLIES BAG CHARM,31,2.8181818181818183,79.05,51,12,20.0,54.0,Reorder,3.0
90116,FRUIT SALAD BAG CHARM,44,4.0,74.36,59,10,28.0,68.0,Reorder,9.0
90118,PINK DAISY BAG CHARM,8,2.6666666666666665,20.4,167,12,19.0,51.0,Overstock,0.0
90119,METALIC LEAVES BAG CHARMS,67,3.7222222222222223,166.17,237,11,26.0,67.0,Overstock,0.0
90131,PINK/AMETHYST/GOLD NECKLACE,9,2.25,62.55,238,5,16.0,27.0,Overstock,0.0
90133,TEAL/FUSCHIA COL BEAD NECKLACE,18,2.5714285714285716,89.1,101,13,18.0,51.0,Healthy,0.0
90134,OLD ROSE COMBO BEAD NECKLACE,12,6.0,35.400000000000006,227,4,42.0,66.0,Overstock,0.0
90135,ORANGE/WHT/FUSCHIA STONES NECKLACE,6,6.0,29.700000000000003,220,6,42.0,78.0,Overstock,0.0
90136,PALE PINK/AMETHYST STONE NECKLACE,3,1.5,29.849999999999998,57,4,10.0,16.0,Overstock,0.0
90137,PINK COMBO MINI CRYSTALS NECKLACE,19,2.375,94.05000000000001,230,3,17.0,24.0,Overstock,0.0
90138,WHITE/PINK MINI CRYSTALS NECKLACE,11,2.2,54.45,268,14,15.0,46.0,Overstock,0.0
90139,FLOWER BROOCH 4 ASSORTED COLOURS,5,1.6666666666666667,24.75,246,5,12.0,20.0,Overstock,0.0
90140,PINK SWEETIE NECKLACE,5,1.6666666666666667,37.5,67,9,12.0,27.0,Overstock,0.0
90143,SILVER BRACELET W PASTEL FLOWER,54,3.0,400.0,37,3,21.0,30.0,Healthy,0.0
90144,SILVER DROP EARRINGS WITH FLOWER,31,2.8181818181818183,116.25,215,4,20.0,31.0,Overstock,0.0
90145,SILVER HOOP EARRINGS WITH FLOWER,50,2.1739130434782608,297.5,206,3,15.0,22.0,Overstock,0.0
90146,FINE SILVER NECKLACE W PASTEL FLOWE,35,2.5,228.75,243,10,18.0,43.0,Overstock,0.0
90147,CHUNKY SILVER NECKLACE PASTEL FLOWE,73,1.8717948717948718,726.3499999999999,248,7,13.0,26.0,Overstock,0.0
90148,LONG SILVER NECKLACE PASTEL FLOWER,25,1.5625,318.75,96,10,11.0,27.0,Overstock,0.0
90149,SILVER FLOWR PINK SHELL NECKLACE,60,8.571428571428571,395.28000000000003,207,5,60.0,103.0,Overstock,0.0
90150,BLUE SHELL+SILVER NECKLACE,12,1.7142857142857142,90.0,289,14,12.0,36.0,Overstock,0.0
90151,SILVER/NATURAL SHELL NECKLACE,14,2.0,119.0,114,9,14.0,32.0,Overstock,0.0
90154,LAZER CUT NECKLACE W PASTEL BEADS,58,9.666666666666666,430.7,151,10,68.0,165.0,Reorder,14.0
90155,RESIN NECKLACE W PASTEL BEADS,21,1.75,157.5,58,8,12.0,26.0,Overstock,0.0
90156,RESIN BRACELET W PASTEL BEADS,18,2.5714285714285716,89.10000000000001,91,9,18.0,41.0,Overstock,0.0
90157,RIVIERA NECKLACE,44,2.75,217.8,179,14,19.0,58.0,Overstock,0.0
90158,ST TROPEZ NECKLACE,22,2.0,108.9,206,4,14.0,22.0,Overstock,0.0
90159,COTE D'AZURE NECKLACE,33,2.2,163.35000000000002,210,10,15.0,37.0,Overstock,0.0
90166,PINK & WHITE ROSEBUD RING,19,1.7272727272727273,80.15,139,7,12.0,24.0,Overstock,0.0
90167,BEADED LOVE HEART JEWELLERY SET,2098,27.973333333333333,1667.86,239,9,196.0,448.0,Reorder,209.0
90168,2 DAISIES HAIR COMB,18,6.0,53.10000000000001,72,3,42.0,60.0,Healthy,0.0
90169,DAISY HAIR COMB,14,4.666666666666667,35.699999999999996,241,7,33.0,66.0,Overstock,0.0
90170,DAISY HAIR BAND,67,6.7,110.54999999999998,150,3,47.0,67.0,Overstock,0.0
90171,DAISY RING,11,5.5,13.75,256,14,38.0,115.0,Overstock,0.0
90173,PAIR BUTTERFLY HAIR CLIPS,29,3.625,108.75,265,10,25.0,61.0,Overstock,0.0
90174,BUTTERFLY HAIR BAND,16,4.0,40.8,245,6,28.0,52.0,Overstock,0.0
90188,DROP EARRINGS W FLOWER & LEAF,3,1.0,7.6499999999999995,227,6,7.0,13.0,Overstock,0.0
90191,SILVER LARIAT 40CM,32,2.2857142857142856,241.4,115,4,16.0,25.0,Overstock,0.0
90192,JADE DROP EARRINGS W FILIGREE,58,3.0526315789473686,287.1,219,7,21.0,42.0,Overstock,0.0
90194,SILVER LARIAT BLACK STONE EARRINGS,25,1.7857142857142858,106.25,266,3,12.0,17.0,Overstock,0.0
90203,SILVER CHARM NECKLACE 70CM,60,2.5,450.0,91,11,18.0,46.0,Healthy,0.0
90204,PAIR OF ENAMEL BUTTERFLY HAIRCLIP,18,2.0,60.300000000000004,204,7,14.0,28.0,Overstock,0.0
90208,PAIR OF ENAMEL FLOWER CLUSTER SLIDE,82,10.25,192.9,25,8,72.0,154.0,Reorder,129.0
90208,PAIR OF PINK FLOWER CLUSTER SLIDE,10,2.5,25.499999999999996,225,4,18.0,28.0,Overstock,0.0
10123C,HEARTS WRAPPING TAPE ,628,13.652173913043478,226.76000000000002,51,12,96.0,260.0,Reorder,209.0
10123G,ARMY CAMO WRAPPING TAPE,2246,172.76923076923077,157.18,118,12,1209.0,3282.0,Reorder,3164.0
10124A,SPOTS ON RED BOOKCOVER TAPE,58,3.2222222222222223,24.36,275,3,23.0,33.0,Overstock,0.0
10124G,ARMY CAMO BOOKCOVER TAPE,32,3.5555555555555554,13.44,206,6,25.0,46.0,Overstock,0.0
15044A,PINK PAPER PARASOL ,4894,25.22680412371134,12803.779999999999,95,9,177.0,404.0,Reorder,309.0
15044B,BLUE PAPER PARASOL ,1624,10.972972972972974,4376.400000000001,196,8,77.0,165.0,Healthy,0.0
15044C,PURPLE PAPER PARASOL,862,5.354037267080745,2428.5,274,12,37.0,101.0,Overstock,0.0
15044D,RED PAPER PARASOL,1544,8.126315789473685,4252.84,209,3,57.0,81.0,Overstock,0.0
15056BL,EDWARDIAN PARASOL BLACK,9351,11.703379224030037,45885.07,146,3,82.0,117.0,Healthy,0.0
15056N,EDWARDIAN PARASOL NATURAL,10948,12.64203233256351,54332.61,273,10,88.0,214.0,Healthy,0.0
15056P,EDWARDIAN PARASOL PINK,2436,7.565217391304348,11872.810000000001,232,6,53.0,98.0,Overstock,0.0
15058A,BLUE POLKADOT GARDEN PARASOL,148,2.9019607843137254,1104.6,269,7,20.0,40.0,Overstock,0.0
15058A,BLUE WHITE SPOTS GARDEN PARASOL,271,4.839285714285714,1394.45,103,9,34.0,78.0,Healthy,0.0
15058B,PINK POLKADOT GARDEN PARASOL,121,2.75,913.95,32,10,19.0,46.0,Reorder,14.0
15058B,PINK WHITE SPOTS GARDEN PARASOL,180,3.8297872340425534,1007.0,64,12,27.0,73.0,Reorder,9.0
15058C,ICE CREAM DESIGN GARDEN PARASOL,413,5.816901408450704,1963.35,146,9,41.0,93.0,Healthy,0.0
15059A,ENGLISH ROSE EDWARDIAN PARASOL,505,505.0,1515.0,133,4,3535.0,5555.0,Reorder,5422.0
15060B,FAIRY CAKE DESIGN UMBRELLA,1137,4.149635036496351,4138.17,295,6,29.0,54.0,Overstock,0.0
16020C,CLEAR STATIONERY BOX SET ,82,3.28,69.69999999999999,224,12,23.0,62.0,Overstock,0.0
16151A,FLOWER DES BLUE HANDBAG/ORANG HANDL,3,1.5,11.25,292,14,10.0,31.0,Overstock,0.0
16151A,FLOWERS HANDBAG blue and orange,49,16.333333333333332,61.25,77,3,114.0,163.0,Reorder,86.0
16156L,WRAP CAROUSEL,375,26.785714285714285,157.5,238,12,188.0,509.0,Reorder,271.0
16156L,"WRAP, CAROUSEL",575,26.136363636363637,241.5,128,11,183.0,470.0,Reorder,342.0
16156N,"WRAP, FRIENDSHIP ON GREEN",1450,26.363636363636363,609.0,298,5,185.0,317.0,Reorder,19.0
16156S,WRAP PINK FAIRY CAKES ,16586,39.774580335731414,6527.12,193,14,278.0,835.0,Reorder,642.0
16161C,WRAP SPEED DEMONS ,450,225.0,45.0,283,5,1575.0,2700.0,Reorder,2417.0
16161E,WRAP BOUDOIR ,750,83.33333333333333,75.0,130,12,583.0,1583.0,Reorder,1453.0
16161G,WRAP BAD HAIR DAY,975,29.545454545454547,97.5,206,11,207.0,532.0,Reorder,326.0
16161M,WRAP  PINK FLOCK,1050,26.923076923076923,439.0,288,12,188.0,511.0,Reorder,223.0
16161P,WRAP ENGLISH ROSE ,13198,29.995454545454546,5435.4,248,5,210.0,360.0,Reorder,112.0
16161U,WRAP SUKI AND FRIENDS,6676,32.09615384615385,2721.92,175,10,225.0,546.0,Reorder,371.0
16161U,"WRAP,SUKI AND FRIENDS",3325,30.504587155963304,1352.5,208,4,214.0,336.0,Reorder,128.0
16162L,THE KING GIFT BAG,8083,475.47058823529414,553.7900000000001,291,5,3328.0,5705.0,Reorder,5414.0
16162M,THE KING GIFT BAG 25x24x12cm,86,7.166666666666667,36.12,21,4,50.0,79.0,Reorder,58.0
16168M,FUNKY MONKEY GIFT BAG MEDIUM,1578,29.77358490566038,425.16,265,3,208.0,297.0,Reorder,32.0
16168S,FUNKY MONKEY GIFT BAG SMALL,1274,182.0,121.85999999999999,229,4,1274.0,2002.0,Reorder,1773.0
16169A,WRAP CHRISTMAS DECOUPAGE,25,25.0,10.5,32,10,175.0,425.0,Reorder,393.0
16169C,WRAP BLUE REINDEER,1350,31.3953488372093,567.0,115,11,220.0,565.0,Reorder,450.0
16169D,WRAP WINTER FOREST,250,27.77777777777778,105.0,240,4,194.0,305.0,Reorder,65.0
16169E,WRAP 50'S  CHRISTMAS,4563,30.42,1892.46,257,9,213.0,487.0,Reorder,230.0
16169F,WRAP BLIZZARD,975,28.676470588235293,409.5,113,7,201.0,402.0,Reorder,289.0
16169G,WRAP ROMANTIC DECOUPAGE,25,25.0,10.5,288,5,175.0,300.0,Reorder,12.0
16169K,WRAP FOLK ART,2050,34.74576271186441,648.25,190,11,243.0,625.0,Reorder,435.0
16169M,WRAP DAISY CARPET ,2060,34.333333333333336,640.95,113,8,240.0,515.0,Reorder,402.0
16169N,WRAP BLUE RUSSIAN FOLKART,2025,36.160714285714285,626.25,168,13,253.0,723.0,Reorder,555.0
16169P,WRAP GREEN RUSSIAN FOLKART ,1750,36.458333333333336,533.75,131,3,255.0,364.0,Reorder,233.0
16201A,PASTEL PINK PHOTO ALBUM,100,12.5,199.8,74,7,88.0,176.0,Reorder,102.0
16201B,PASTEL BLUE PHOTO ALBUM,24,12.0,46.8,135,9,84.0,192.0,Reorder,57.0
16202A,PASTEL PINK PHOTO ALBUM ,660,34.73684210526316,266.45,162,6,243.0,451.0,Reorder,289.0
16202B,PASTEL BLUE PHOTO ALBUM ,1034,57.44444444444444,469.21,220,10,402.0,976.0,Reorder,756.0
16202C,BEIGE PHOTO ALBUM,94,9.4,201.29999999999998,199,12,66.0,179.0,Healthy,0.0
16202E,BLACK PHOTO ALBUM ,81,6.230769230769231,150.6,221,7,44.0,88.0,Overstock,0.0
16206B,RED PURSE WITH PINK HEART,96,6.0,116.4,72,11,42.0,108.0,Reorder,36.0
16207A,PINK STRAWBERRY HANDBAG ,55,2.8947368421052633,162.25000000000003,199,11,20.0,52.0,Overstock,0.0
16207B,PINK HEART RED HANDBAG,211,16.23076923076923,315.96000000000004,156,11,114.0,293.0,Reorder,137.0
16243B,BROWN COZY SQUARE PHOTO ALBUM,205,205.0,399.75,201,3,1435.0,2050.0,Reorder,1849.0
16244A,MAXWELL 2 TONE PINK 60 PAGE PHOTO A,142,23.666666666666668,293.0,20,4,166.0,261.0,Reorder,241.0
16244B,MAXWELL 2 TONE BLUE 60 PAGE PHOTO A,309,38.625,612.85,63,5,270.0,463.0,Reorder,400.0
16245A,PINK MINI STATIONERY SET W CASE,11,1.5714285714285714,13.75,246,6,11.0,20.0,Overstock,0.0
16248B,BLUE HOLE PUNCH,81,6.75,101.25,117,12,47.0,128.0,Reorder,11.0
16256B,FLOWER PENCIL/RUBBER+5 MINI PENCILS,493,23.476190476190474,207.06,227,11,164.0,422.0,Reorder,195.0
16256C,HEARTS PENCIL/RUBBER+5 MINI PENCILS,169,16.9,70.98,284,12,118.0,321.0,Reorder,37.0
16258A,SWIRLY CIRCULAR RUBBERS IN BAG,1026,13.5,347.19,290,8,94.0,202.0,Healthy,0.0
16258B,DAISY ERASERS IN BAG,1014,72.42857142857143,219.34,159,3,507.0,724.0,Reorder,565.0
17007B,S/3 POT POURI CUSHIONS BLUE COLOURS,34,4.857142857142857,71.4,256,14,34.0,102.0,Overstock,0.0
17011A,ORIGAMI VANILLA INCENSE+FLOWER ,254,42.333333333333336,150.0,91,11,296.0,762.0,Reorder,671.0
17011B,ORIGAMI JASMINE INCENSE+FLOWER ,19,9.5,11.100000000000001,174,8,66.0,142.0,Healthy,0.0
17011C,ORIGAMI LAVENDER INCENSE+FLOWER,334,334.0,217.1,209,6,2338.0,4342.0,Reorder,4133.0
17011D,ORIGAMI ROSE INCENSE+FLOWER,207,103.5,129.3,287,6,724.0,1345.0,Reorder,1058.0
17011E,ORIGAMI OPIUM SCENT INCENSE+FLOWER,124,124.0,80.60000000000001,126,5,868.0,1488.0,Reorder,1362.0
17011F,ORIGAMI SANDLEWOOD INCENSE+FLOWER,380,25.333333333333332,315.15000000000003,251,9,177.0,405.0,Reorder,154.0
17012A,ORIGAMI VANILLA INCENSE/CANDLE SET ,644,18.4,586.6,61,5,129.0,221.0,Reorder,160.0
17012B,ORIGAMI JASMINE INCENSE/CANDLE SET,617,12.854166666666666,590.8499999999999,209,4,90.0,141.0,Healthy,0.0
17012C,ORIGAMI LAVENDER INCENSE/CANDL SET ,777,13.875,747.25,158,12,97.0,264.0,Reorder,106.0
17012D,ORIGAMI ROSE INCENSE/CANDLE SET ,426,8.352941176470589,426.7,122,10,58.0,142.0,Reorder,20.0
17012E,ORIGAMI OPIUM INCENSE/CANDLE SET ,240,20.0,236.39999999999998,190,6,140.0,260.0,Reorder,70.0
17012F,ORIGAMI SANDLEWOOD INCENSE/CAND SET,493,10.48936170212766,451.45,292,10,73.0,178.0,Healthy,0.0
17013B,ORIGAMI JASMINE INCENSE IN TUBE,255,127.5,217.6,240,3,892.0,1274.0,Reorder,1034.0
17013C,ORIGAMI LAVENDER INCENSE IN TUBE,213,106.5,89.46000000000001,232,7,746.0,1492.0,Reorder,1260.0
17013D,ORIGAMI ROSE INCENSE IN TUBE,1048,49.904761904761905,515.46,75,11,349.0,898.0,Reorder,823.0
17013F,ORIGAMI SANDLEWOOD INCENSE IN TUBE,61,15.25,25.05,121,3,107.0,153.0,Reorder,32.0
17014A,ORIGAMI VANILLA INCENSE CONES,247,27.444444444444443,111.81,211,13,192.0,549.0,Reorder,338.0
17014C,ORIGAMI LAVENDER INCENSE CONES,96,96.0,40.32,219,6,672.0,1248.0,Reorder,1029.0
17014D,ORIGAMI ROSE INCENSE CONES,476,79.33333333333333,194.28,252,8,555.0,1190.0,Reorder,938.0
17014E,ORIGAMI OPIUM INCENSE CONES,93,23.25,33.3,246,12,163.0,442.0,Reorder,196.0
17014F,ORIGAMI SANDLEWOOD INCENSE CONES,61,15.25,23.699999999999996,158,10,107.0,260.0,Reorder,102.0
17027A,INCENSE BAZAAR CANNABIS,228,114.0,84.84,168,5,798.0,1368.0,Reorder,1200.0
17028J,INCENSE BAZAAR PEACH,6,6.0,2.52,134,7,42.0,84.0,Healthy,0.0
17084A,TRANQUILITY MASALA INCENSE,442,24.555555555555557,92.82,82,9,172.0,393.0,Reorder,311.0
17084G,MOON INCENSE,50,25.0,10.5,123,3,175.0,250.0,Reorder,127.0
17084J,LOVE POTION MASALA INCENSE,454,23.894736842105264,95.34,175,9,167.0,382.0,Reorder,207.0
17084N,FAIRY DREAMS INCENSE ,2391,35.6865671641791,485.86,292,14,250.0,750.0,Reorder,458.0
17084P,DRAGONS BLOOD INCENSE,874,33.61538461538461,173.54,25,13,235.0,672.0,Reorder,647.0
17084R,ASSORTED INCENSE PACK,10625,160.9848484848485,1968.45,166,10,1127.0,2737.0,Reorder,2571.0
17090A,LAVENDER INCENSE 40 CONES IN TIN,173,6.653846153846154,182.65,203,10,47.0,114.0,Healthy,0.0
17090D,VANILLA INCENSE 40 CONES IN TIN,88,2.933333333333333,105.2,47,11,21.0,53.0,Reorder,6.0
17091A,LAVENDER INCENSE IN TIN,2073,18.845454545454544,1255.65,57,8,132.0,283.0,Reorder,226.0
17091B,JASMINE TEA INCENSE IN TIN,264,6.0,286.8,138,14,42.0,126.0,Healthy,0.0
17091F,SANDALWOOD INCENSE IN TIN,16,2.6666666666666665,20.0,263,8,19.0,40.0,Overstock,0.0
17091J,VANILLA INCENSE IN TIN,3931,23.680722891566266,2122.19,87,4,166.0,261.0,Reorder,174.0
17107D,FLOWER FAIRY 5 DRAWER LINERS,59,2.95,150.45,233,5,21.0,36.0,Overstock,0.0
17107D,FLOWER FAIRY 5 SUMMER DRAW LINERS,6,6.0,15.299999999999999,237,6,42.0,78.0,Overstock,0.0
17107D,"FLOWER FAIRY,5 SUMMER B'DRAW LINERS",241,3.8253968253968256,614.55,196,6,27.0,50.0,Overstock,0.0
17108D,FLOWER FAIRY SUMMER BOUQUET SACHET,355,15.434782608695652,149.1,183,10,108.0,262.0,Reorder,79.0
17109A,FLOWER FAIRY INCENSE LILY,709,54.53846153846154,333.61,77,3,382.0,546.0,Reorder,469.0
17109B,FLOWER FAIRY INCENSE LAVENDER,4541,283.8125,892.91,288,12,1987.0,5393.0,Reorder,5105.0
17109C,FLOWER FAIRY INCENSE ROSE,3124,208.26666666666668,661.23,77,6,1458.0,2708.0,Reorder,2631.0
17109D,FLOWER FAIRY INCENSE BOUQUET,1253,33.86486486486486,584.87,124,13,237.0,677.0,Reorder,553.0
17129C,SKY BLUE COLOUR GLASS GEMS IN BAG,84,8.4,56.28,247,14,59.0,177.0,Healthy,0.0
17129D,CLEAR COLOUR GLASS GEMS IN BAG,518,27.263157894736842,344.53999999999996,266,13,191.0,545.0,Reorder,279.0
17129F,BLUE GLASS GEMS IN BAG,624,24.96,418.38,207,13,175.0,499.0,Reorder,292.0
17129F,DEEP BLUE GLASS GEMS IN BAG,316,18.58823529411765,208.12,102,6,130.0,242.0,Reorder,140.0
17136A,BLUE STONES ON WIRE FOR CANDLE,743,21.852941176470587,61.78,205,3,153.0,219.0,Reorder,14.0
17164B,ASS COL SMALL SAND GECKO P'WEIGHT,1584,19.555555555555557,633.24,271,5,137.0,235.0,Healthy,0.0
17164D,ASS COL SMALL SAND FROG P'WEIGHT,1144,38.13333333333333,444.48,257,7,267.0,534.0,Reorder,277.0
17165B,ASS COL LARGE SAND GECKO P'WEIGHT,809,13.483333333333333,750.63,203,8,94.0,202.0,Healthy,0.0
17165D,ASS COL LARGE SAND FROG P'WEIGHT,716,7.698924731182796,682.32,229,11,54.0,139.0,Healthy,0.0
17191A,ROSE FLOWER CANDLE+INCENSE 16X16CM,33,2.75,123.75,116,11,19.0,49.0,Overstock,0.0
18094C,WHITE AND BLUE CERAMIC OIL BURNER,312,8.0,351.6,227,11,56.0,144.0,Healthy,0.0
18094C,WHITE/BLUE RECT CERAMIC OIL BURNER,20,5.0,25.0,156,13,35.0,100.0,Healthy,0.0
18096C,WHITE ROUND PORCELAIN TLIGHT HOLDER,106,8.153846153846153,241.5,203,3,57.0,81.0,Overstock,0.0
18097A,PINK TALL PORCELAIN T-LIGHT HOLDER ,17,1.4166666666666667,43.349999999999994,95,14,10.0,30.0,Overstock,0.0
18097B,BLUE TALL PORCELAIN T-LIGHT HOLDER,7,1.75,17.849999999999998,161,11,12.0,31.0,Overstock,0.0
18097C,WHITE TALL PORCELAIN T-LIGHT HOLDER,1534,9.5875,3293.7,256,10,67.0,163.0,Healthy,0.0
18098A,PINK PORCELAIN B'FLY OIL BURNER,2,1.0,5.9,44,4,7.0,11.0,Overstock,0.0
18098B,BLUE PORCELAIN B'FLY OIL BURNER,3,1.0,8.850000000000001,86,13,7.0,20.0,Overstock,0.0
18098C,PORCELAIN BUTTERFLY OIL BURNER,1123,6.103260869565218,2832.8500000000004,269,3,43.0,61.0,Overstock,0.0
35001B,HAND OPEN SHAPE BLACK,16,3.2,55.84,137,3,22.0,32.0,Overstock,0.0
35001G,HAND OPEN SHAPE GOLD,600,9.67741935483871,1731.42,92,14,68.0,203.0,Reorder,111.0
35001P,HAND OPEN SHAPE PINK,2,1.0,6.98,29,8,7.0,15.0,Healthy,0.0
35001W,HAND OPEN SHAPE DECO.WHITE,750,6.818181818181818,2154.2400000000002,230,11,48.0,123.0,Healthy,0.0
35004B,SET OF 3 BLACK FLYING DUCKS,1228,10.148760330578513,4937.8,171,9,71.0,162.0,Healthy,0.0
35004C,SET OF 3 COLOURED  FLYING DUCKS,2851,12.449781659388647,13577.150000000001,24,7,87.0,174.0,Reorder,150.0
35004G,SET OF 3 GOLD FLYING DUCKS,347,5.338461538461538,1278.21,214,13,37.0,106.0,Overstock,0.0
35004P,SET OF 3 PINK FLYING DUCKS,84,4.0,354.6,132,4,28.0,44.0,Overstock,0.0
35004S,SET OF 3 SILVER FLYING DUCKS,136,8.5,388.4,290,3,60.0,86.0,Overstock,0.0
35051B,PINK BEADED CONE CHRISTMAS,14,7.0,5.88,182,4,49.0,77.0,Overstock,0.0
35085E,IVORY ROSE LAMPSHADE ,39,4.333333333333333,44.25,124,3,30.0,43.0,Overstock,0.0
35095A,BLUE VICTORIAN FABRIC OVAL BOX,1665,21.346153846153847,605.5699999999999,200,5,149.0,256.0,Reorder,56.0
35095B,RED VICTORIAN FABRIC OVAL BOX,1824,19.82608695652174,659.87,63,8,139.0,298.0,Reorder,235.0
35096A,BLUE VICTORIAN FABRIC HEART BOX,710,37.36842105263158,228.39,194,10,262.0,636.0,Reorder,442.0
35096B,RED VICTORIAN FABRIC HEART BOX,288,13.714285714285714,102.63,181,5,96.0,165.0,Healthy,0.0
35271S,GOLD PRINT PAPER BAG,414,23.0,84.18,159,12,161.0,437.0,Reorder,278.0
35471A,SET OF 3 BIRD L.BLUE FEATHER,360,6.428571428571429,349.2,151,11,45.0,116.0,Healthy,0.0
35471D,SET OF 3 BIRD LIGHT PINK FEATHER ,1950,9.154929577464788,1060.0,106,12,64.0,174.0,Reorder,68.0
35591T,TURQUOISE CHRISTMAS TREE ,17,1.8888888888888888,21.25,195,7,13.0,26.0,Overstock,0.0
35597A,DUSTY PINK CHRISTMAS TREE 30CM,10,2.5,12.5,202,9,18.0,40.0,Overstock,0.0
35597B,BLACKCHRISTMAS TREE 30CM,18,3.0,22.5,148,10,21.0,51.0,Overstock,0.0
35597D,PINK/WHITE CHRISTMAS TREE 30CM,58,7.25,25.28,265,5,51.0,87.0,Overstock,0.0
35598A,DUSTY PINK CHRISTMAS TREE 60CM,10,3.3333333333333335,29.500000000000004,108,4,23.0,36.0,Overstock,0.0
35598B,BLACK CHRISTMAS TREE 60CM,919,19.145833333333332,792.85,85,4,134.0,211.0,Reorder,126.0
35598C,WHITE CHRISTMAS TREE 60CM,3,1.0,8.850000000000001,177,7,7.0,14.0,Overstock,0.0
35598D,PINK/WHITE CHRISTMAS TREE 60CM,1642,31.576923076923077,1099.1200000000001,168,3,221.0,316.0,Reorder,148.0
35599B,BLACK CHRISTMAS TREE 120CM,249,6.552631578947368,828.5699999999999,135,4,46.0,72.0,Healthy,0.0
35599D,PINK AND WHITE CHRISTMAS TREE 120CM,322,8.256410256410257,866.58,233,11,58.0,149.0,Healthy,0.0
35600D,PINK AND WHITE CHRISTMAS TREE 180CM,140,11.666666666666666,476.00000000000006,272,9,82.0,187.0,Healthy,0.0
35603B,S/16 BLACK SHINY/MAT BAUBLES,48,48.0,20.16,162,8,336.0,720.0,Reorder,558.0
35603C,SET/16 WHITE SHINY & MATT BAUBLES,80,3.4782608695652173,47.04,269,11,24.0,62.0,Overstock,0.0
35607A,PINK FLUFFY CHRISTMAS DECORATION,545,19.464285714285715,103.55000000000001,44,9,136.0,311.0,Reorder,267.0
35607B,BLACK FEATHER CHRISTMAS DECORATION,310,19.375,58.900000000000006,296,13,136.0,388.0,Reorder,92.0
35609A,PINK FEATHER CHRISTMAS DECORATION,427,23.72222222222222,82.19000000000001,89,7,166.0,332.0,Reorder,243.0
35610A,PINK CHRISTMAS FLOCK DROPLET ,138,17.25,92.82,132,11,121.0,311.0,Reorder,179.0
35610B,BLACK CHRISTMAS FLOCK DROPLET ,179,12.785714285714286,144.07,131,8,90.0,192.0,Reorder,61.0
35610C,WHITE CHRISTMAS FLOCK DROPLET ,91,15.166666666666666,73.91,110,8,106.0,227.0,Reorder,117.0
35611B,BLACK ASSORTED DROPLET DECORATION,59,19.666666666666668,22.42,37,13,138.0,394.0,Reorder,357.0
35633B,BLUE TINSEL GARLAND ,130,10.833333333333334,24.7,168,6,76.0,141.0,Healthy,0.0
35637A,IVORY STRING CURTAIN WITH POLE ,541,12.022222222222222,1250.95,246,14,84.0,252.0,Reorder,6.0
35637C,PINK STRING CURTAIN WITH POLE,97,6.0625,273.34999999999997,233,3,42.0,60.0,Overstock,0.0
35638A,PINK AND BLACK STRING CURTAIN,39,6.5,88.04999999999998,170,7,46.0,92.0,Healthy,0.0
35638B,PINK/BLUE STRING CURTAIN ,115,14.375,268.25,211,13,101.0,288.0,Reorder,77.0
35751C,PURPLE CURRENT CANDLE RING,31,15.5,12.61,59,11,108.0,278.0,Reorder,219.0
35751D,PINK CURRENT CANDLE RING,28,28.0,5.32,261,10,196.0,476.0,Reorder,215.0
35809A,ENAMEL PINK TEA CONTAINER,1037,9.342342342342342,1297.81,157,10,65.0,158.0,Reorder,1.0
35809B,ENAMEL BLUE RIM TEA CONTAINER,81,3.6818181818181817,162.48000000000002,199,7,26.0,52.0,Overstock,0.0
35810A,ENAMEL PINK COFFEE CONTAINER,1117,10.638095238095238,1282.36,219,14,74.0,223.0,Reorder,4.0
35810B,ENAMEL BLUE RIM COFFEE CONTAINER,307,6.14,446.03000000000003,222,11,43.0,111.0,Healthy,0.0
35811A,ENAMEL PINK SUGAR CONTAINER,391,8.319148936170214,581.58,80,5,58.0,100.0,Reorder,20.0
35815B,"ACRYLIC JEWEL SNOWFLAKE,BLUE",93,46.5,35.34,211,5,326.0,558.0,Reorder,347.0
35815P,"ACRYLIC JEWEL SNOWFLAKE, PINK",168,24.0,75.88000000000001,24,3,168.0,240.0,Reorder,216.0
35816B,"ACRYLIC JEWEL ANGEL,BLUE",137,68.5,52.93,256,11,480.0,1234.0,Reorder,978.0
35816P,"ACRYLIC JEWEL ANGEL,PINK",292,41.714285714285715,124.88000000000001,200,8,292.0,626.0,Reorder,426.0
35817B,"ACRYLIC JEWEL SNOWFLAKE,BLUE",142,71.0,56.129999999999995,56,4,497.0,781.0,Reorder,725.0
35817P,"ACRYLIC JEWEL SNOWFLAKE,PINK",406,45.111111111111114,202.02,75,10,316.0,767.0,Reorder,692.0
35817P,PINK ACRYLIC JEWEL SNOWFLAKE,12,12.0,4.5600000000000005,256,14,84.0,252.0,Healthy,0.0
35818B,"ACRYLIC JEWEL ICICLE, BLUE",403,50.375,168.38,216,11,353.0,907.0,Reorder,691.0
35818P,"ACRYLIC JEWEL ICICLE, PINK",549,27.45,208.62,92,11,192.0,494.0,Reorder,402.0
35819B,"ACRYLIC HANGING JEWEL,BLUE",381,11.90625,182.19,78,4,83.0,131.0,Reorder,53.0
35819P,"ACRYLIC HANGING JEWEL,PINK",95,13.571428571428571,66.55,259,4,95.0,149.0,Healthy,0.0
35821B,"JEWELLED DECORATION,BLUE",150,50.0,57.0,21,9,350.0,800.0,Reorder,779.0
35821P,"JEWELLED DECORATION,PINK",2,1.0,5.9,207,13,7.0,20.0,Overstock,0.0
35822B,"ACRYLIC BEAD CHAIN, BLUE",229,229.0,87.02,49,6,1603.0,2977.0,Reorder,2928.0
35822P,"ACRYLIC BEAD CHAIN, PINK",114,114.0,43.32,286,3,798.0,1140.0,Reorder,854.0
35823P,"ACRYLIC BEAD GARLAND,PINK",2,1.0,5.9,127,10,7.0,17.0,Overstock,0.0
35824B,"HANGING FLOWERS+MIRROR,BLUE",527,105.4,200.26000000000002,109,4,738.0,1160.0,Reorder,1051.0
35824C,"HANGING FLOWERS+MIRROR,CLEAR",235,29.375,117.05,224,5,206.0,353.0,Reorder,129.0
35824P,"HANGING FLOWERS+MIRROR,PINK",324,108.0,136.44,239,7,756.0,1512.0,Reorder,1273.0
35833G,4 GOLD FLOCK CHRISTMAS BALLS,126,4.344827586206897,198.0,113,5,30.0,52.0,Overstock,0.0
35833P,4 PINK FLOCK CHRISTMAS BALLS,161,3.744186046511628,241.75,122,9,26.0,60.0,Overstock,0.0
35838A,S/6 MULTICOLOUR ORNAMENETAL CANDLE,171,9.5,176.75,242,9,66.0,152.0,Healthy,0.0
35838B,S/6 SILVER ORNAMENETAL CANDLE,97,4.041666666666667,82.45,205,4,28.0,44.0,Overstock,0.0
35909A,RABBIT EASTER DECORATION,20,4.0,59.00000000000001,203,9,28.0,64.0,Overstock,0.0
35909B,PINK FLOWERS RABBIT EASTER,16,2.2857142857142856,47.2,181,13,16.0,46.0,Overstock,0.0
35910A,MULTICOLOUR EASTER RABBIT ,52,4.333333333333333,101.39999999999999,266,8,30.0,65.0,Overstock,0.0
35910B,PINK FLOWERS RABBIT EASTER,27,4.5,52.65,50,12,32.0,86.0,Reorder,36.0
35911A,MULTICOLOUR RABBIT EGG WARMER,260,6.190476190476191,309.65,71,11,43.0,111.0,Reorder,40.0
35911B,PINK/FLOWER RABBIT EGG WARMER ,57,4.384615384615385,119.70000000000002,95,11,31.0,79.0,Healthy,0.0
35912B,WHITE/PINK CHICK DECORATION,283,10.884615384615385,326.39,297,4,76.0,120.0,Overstock,0.0
35913B,WHITE/PINK CHICK EASTER DECORATION,97,4.619047619047619,82.45,59,9,32.0,74.0,Reorder,15.0
35915A,CREAM KNITTED HEN,288,288.0,365.76,120,7,2016.0,4032.0,Reorder,3912.0
35915B,BLUE KNITTED HEN ,434,13.5625,606.66,130,8,95.0,204.0,Reorder,74.0
35915C,PEACH KNITTED HEN ,388,16.869565217391305,530.76,268,3,118.0,169.0,Healthy,0.0
35916A,YELLOW FELT HANGING HEART W FLOWER,51,7.285714285714286,43.349999999999994,210,9,51.0,117.0,Healthy,0.0
35916B,BLUE FELT HANGING HEART W FLOWER,31,7.75,26.349999999999998,201,8,54.0,116.0,Healthy,0.0
35916B,BLUE FELT HANGING HEART WITH FLOWER,6,6.0,5.1,228,6,42.0,78.0,Overstock,0.0
35916C,PINK FELT HANGING HEART W FLOWER,85,9.444444444444445,72.25,41,3,66.0,94.0,Reorder,53.0
35918B,BLUE FLORIBUNDA EGG WARMER,10,2.0,12.5,185,11,14.0,36.0,Overstock,0.0
35976B,WHITE SCANDINAVIAN HEART CHRISTMAS,1,1.0,1.25,118,6,7.0,13.0,Overstock,0.0
35980B,RED TOP SCANDINAVIAN HEART ,4,2.0,1.52,227,4,14.0,22.0,Overstock,0.0
35980C,REDWHITE STRIPE SCANDINAVIAN HEART ,375,13.392857142857142,142.5,27,10,94.0,228.0,Reorder,201.0
35981C,WHITE SNOW SCANDINAVIAN STOCKING ,563,8.661538461538461,266.14,209,4,61.0,96.0,Overstock,0.0
37379A,PINK CHERRY BLOSSOM CUP & SAUCER,30,6.0,37.5,194,7,42.0,84.0,Overstock,0.0
37379B,BLUE CHERRY BLOSSOM CUP & SAUCER,1122,374.0,181.5,292,13,2618.0,7480.0,Reorder,7188.0
37444A,YELLOW BREAKFAST CUP AND SAUCER,2684,103.23076923076923,433.16,36,8,723.0,1549.0,Reorder,1513.0
37444B,BLUE BREAKFAST CUP AND SAUCER ,1996,117.41176470588235,338.44,109,13,822.0,2348.0,Reorder,2239.0
37444C,PINK BREAKFAST CUP AND SAUCER ,1596,93.88235294117646,341.48,160,10,657.0,1596.0,Reorder,1436.0
37462B,"PET MUG, BUDGIE",119,23.8,49.980000000000004,164,13,167.0,476.0,Reorder,312.0
37462E,"PET MUG, GOLDFISH",81,9.0,28.27,185,3,63.0,90.0,Overstock,0.0
37477B,"FLOWER FAIRY MUG+COASTER,LAVENDER",11,1.2222222222222223,41.25,97,3,9.0,13.0,Overstock,0.0
37477C,"FLOWER FAIRY MUG+COASTER,ROSE",6,6.0,22.5,281,14,42.0,126.0,Overstock,0.0
37479B,CUBIC MUG FLOCK BLUE ON BROWN,1240,51.666666666666664,1011.48,182,6,362.0,672.0,Reorder,490.0
37479P,CUBIC MUG FLOCK PINK ON BROWN,125,5.434782608695652,70.35,33,7,38.0,76.0,Reorder,43.0
37482B,CUBIC MUG BLUE POLKA DOT,1249,178.42857142857142,1093.95,258,11,1249.0,3212.0,Reorder,2954.0
37482P,CUBIC MUG PINK POLKA DOT,104,5.777777777777778,265.2,91,13,40.0,115.0,Reorder,24.0
37482P,CUBIC MUG PINK POLKADOT,532,12.090909090909092,356.52,162,9,85.0,194.0,Reorder,32.0
37487B,YELLOW/ORANGE FLOWER DESIGN PLATE,68,34.0,19.72,288,9,238.0,544.0,Reorder,256.0
37488A,YELLOW PINK FLOWER DESIGN BIG BOWL,31,6.2,19.770000000000003,260,10,43.0,105.0,Overstock,0.0
37489A,YELLOW/PINK FLOWER DESIGN BIG MUG,43,1.9545454545454546,33.93,264,7,14.0,28.0,Overstock,0.0
37489B,BLUE/YELLOW FLOWER DESIGN BIG MUG,38,2.235294117647059,30.419999999999998,182,7,16.0,32.0,Overstock,0.0
37489C,GREEN/BLUE FLOWER DESIGN BIG MUG,25,2.5,17.55,79,3,18.0,26.0,Overstock,0.0
37489D,PINK/GREEN FLOWER DESIGN BIG MUG,46,2.1904761904761907,28.86,25,11,15.0,39.0,Reorder,14.0
37491A,YELLOW/PINK CERAMIC CANDLE HOLDER,7,1.4,11.549999999999999,216,8,10.0,21.0,Overstock,0.0
37491B,BLUE/YELLOW CERAMIC CANDLE HOLDER,10,2.0,16.5,77,11,14.0,36.0,Overstock,0.0
37491C,GREEN/BLUE CERAMIC CANDLE HOLDER,16,2.2857142857142856,26.4,236,5,16.0,27.0,Overstock,0.0
37491D,PURPLE/BLUE CERAMIC CANDLE HOLDER,14,2.8,23.099999999999998,45,7,20.0,40.0,Healthy,0.0
37492A,YELLOW RED FLOWER PIGGY BANK,107,10.7,206.54999999999998,24,4,75.0,118.0,Reorder,94.0
37492B,BLUE YELLOW FLOWER PIGGY BANK,488,11.348837209302326,937.1999999999999,39,12,79.0,215.0,Reorder,176.0
37492C,GREEN BLUE FLOWER PIGGY BANK,241,10.041666666666666,472.65,217,7,70.0,140.0,Healthy,0.0
37492D,PURPLE GREEN FLOWER PIGGY BANK,359,14.958333333333334,664.3499999999999,78,10,105.0,255.0,Reorder,177.0
37494A,FAIRY CAKE CERAMIC BUTTER DISH,192,7.68,523.2,261,13,54.0,154.0,Healthy,0.0
40005B,BLUE ORGANDY ROUND LAMPSHADE W BEA,33,2.5384615384615383,28.05,165,4,18.0,28.0,Overstock,0.0
40018E,TEA TIME PAPER LANTERNS,334,6.958333333333333,630.5,292,10,49.0,119.0,Overstock,0.0
40018F,CHERRY DESIGN PAPERLANTERNS,1064,10.857142857142858,2000.4399999999998,268,6,76.0,141.0,Healthy,0.0
40046A,RED DAISY PAPER LAMPSHADE,321,9.441176470588236,387.57,33,12,66.0,179.0,Reorder,146.0
40046C,PINK BUTTERFLY PAPER LAMPSHADE,3,1.0,3.75,32,12,7.0,19.0,Healthy,0.0
44089A,PINK GAUZE BUTTERFLY LAMPSHADE,39,3.25,16.38,63,3,23.0,33.0,Healthy,0.0
44089C,LILAC GAUZE BUTTERFLY LAMPSHADE,68,3.7777777777777777,28.56,38,7,26.0,52.0,Reorder,14.0
44091A,BLUE CRUSOE CHECK LAMPSHADE,18,3.0,7.56,82,3,21.0,30.0,Overstock,0.0
44091C,MULTICOLOUR CRUSOE CHECK LAMPSHADE,48,4.8,20.16,258,9,34.0,77.0,Overstock,0.0
44092B,BLUE WHITE PLASTIC RINGS LAMPSHADE,15,2.5,12.75,119,10,18.0,43.0,Overstock,0.0
44092C,PURPLE/COPPER HANGING LAMPSHADE,21,2.625,17.849999999999998,182,5,18.0,31.0,Overstock,0.0
44217M,MULTICOLOUR FEATHERS CURTAIN,72,24.0,236.40000000000003,141,5,168.0,288.0,Reorder,147.0
44241C,BLUE BUTTERFLY ON SPRING,68,9.714285714285714,57.8,63,9,68.0,155.0,Reorder,92.0
44242A,LILAC FEATHERS CURTAIN,14,7.0,11.98,164,6,49.0,91.0,Healthy,0.0
44242B,PINK FEATHERS CURTAIN,106,13.25,117.78,69,5,93.0,159.0,Reorder,90.0
45008C,DECORATIVE NET CANOPY CREAM,68,3.4,541.6,84,10,24.0,58.0,Healthy,0.0
46000M,POLYESTER FILLER PAD 45x45cm,2485,7.244897959183674,3851.75,183,5,51.0,87.0,Overstock,0.0
46000P,POLYESTER FILLER PAD 65CMx65CM,212,4.416666666666667,901.0,160,9,31.0,71.0,Overstock,0.0
46000R,POLYESTER FILLER PAD 45x30cm,239,4.0508474576271185,346.55,147,4,28.0,44.0,Overstock,0.0
46000S,POLYESTER FILLER PAD 40x40cm,3451,9.35230352303523,5003.95,258,13,65.0,187.0,Healthy,0.0
46000U,POLYESTER FILLER PAD 30CMx30CM,251,4.921568627450981,313.75,206,13,34.0,98.0,Overstock,0.0
46037A,PINK CANVAS DES CUSHION COVER ,6,3.0,7.5,227,3,21.0,30.0,Overstock,0.0
46115B,GREEN POP ART MAO CUSHION COVER ,286,13.0,54.34,239,14,91.0,273.0,Reorder,34.0
46126A,ELVIS WALLHANGING / CURTAIN,297,8.735294117647058,371.25,209,8,61.0,131.0,Healthy,0.0
46137D,GREEN CHENILLE SHAGGY RUG,43,14.333333333333334,126.85,256,10,100.0,243.0,Healthy,0.0
46138B,BLUE CHENILLE SHAGGY CUSHION COVER ,59,3.1052631578947367,74.35,213,3,22.0,31.0,Overstock,0.0
46138D,GREEN CHENILLE SHAGGY C/COVER,1,1.0,1.95,278,12,7.0,19.0,Overstock,0.0
46775A,BUBBLE GUM CHUNKY KNITTED THROW ,5,1.25,84.75,265,14,9.0,26.0,Overstock,0.0
46775B,BERRIES CHUNKY KNITTED THROW ,5,1.25,84.75,155,11,9.0,23.0,Overstock,0.0
46775D,SUNSET COLOUR CHUNKY KNITTED THROW,52,1.625,881.4,299,5,11.0,19.0,Overstock,0.0
46775E,CANDY POP CHUNKY KNITTED THROW ,15,1.5,254.25,290,5,10.0,18.0,Overstock,0.0
46776A,WOVEN BUBBLE GUM CUSHION COVER,190,9.5,363.3,190,6,66.0,123.0,Healthy,0.0
46776B,WOVEN BERRIES CUSHION COVER ,194,9.7,383.1,178,13,68.0,194.0,Reorder,16.0
46776C,WOVEN FROST CUSHION COVER,102,5.666666666666667,238.5,220,3,40.0,57.0,Overstock,0.0
46776D,WOVEN SUNSET CUSHION COVER ,23,2.5555555555555554,113.85000000000001,64,11,18.0,46.0,Healthy,0.0
46776E,WOVEN CANDY CUSHION COVER ,93,8.454545454545455,193.95000000000002,283,13,59.0,169.0,Healthy,0.0
46776F,WOVEN ROSE GARDEN CUSHION COVER ,172,10.117647058823529,363.0,90,5,71.0,122.0,Reorder,32.0
47013A,WINE BOTTLE DRESSING LT.BLUE,141,5.64,39.87,122,12,39.0,107.0,Healthy,0.0
47013C,WINE BOTTLE DRESSING DARK BLUE,138,6.0,33.05,144,6,42.0,78.0,Healthy,0.0
47021G,SET/6 BEAD COASTERS GAUZE BAG GOLD,631,13.717391304347826,371.65,249,3,96.0,137.0,Healthy,0.0
47310M,SMALL POP BOX FUNKY MONKEY,172,4.914285714285715,210.48,165,6,34.0,63.0,Overstock,0.0
47310M,"SMALL POP BOX,FUNKY MONKEY",401,8.53191489361702,462.85,216,3,60.0,86.0,Overstock,0.0
47341A,FUSCHIA TABLE RUN FLOWER ,29,4.142857142857143,46.25,240,7,29.0,58.0,Overstock,0.0
47341B,BLUE TABLE RUN FLOWER,48,3.4285714285714284,67.5,79,7,24.0,48.0,Healthy,0.0
47343A,FUSCHIA FLOWER PURSE WITH BEADS,200,8.333333333333334,206.26,117,13,58.0,166.0,Reorder,49.0
47344B,BLUE FLOWER DES PURSE,54,5.4,56.16,190,9,38.0,87.0,Overstock,0.0
47347B,BLUE FLOWER T-LIGHT HOLDER,236,33.714285714285715,169.72,192,10,236.0,573.0,Reorder,381.0
47348A,FUSCHIA VOILE POINTY SHOE DEC,103,6.4375,62.01,170,6,45.0,84.0,Overstock,0.0
47351B,BLUE  VOILE LAMPSHADE,98,7.0,269.90000000000003,141,9,49.0,112.0,Healthy,0.0
47367B,PAIR PADDED HANGERS PINK CHECK,151,3.871794871794872,527.85,127,6,27.0,50.0,Overstock,0.0
47369A,PINK GREEN EMBROIDERY COSMETIC BAG,22,2.2,64.9,23,5,15.0,26.0,Reorder,3.0
47369B,BLUE GREEN EMBROIDERY COSMETIC BAG,22,2.2,67.74000000000001,112,8,15.0,33.0,Overstock,0.0
47503A,ASS FLORAL PRINT MULTI SCREWDRIVER,2846,14.520408163265307,1396.61,25,6,102.0,189.0,Reorder,164.0
47503E,ASS FLORAL PRINT SCISSORS,6828,310.3636363636364,1169.4,125,5,2173.0,3725.0,Reorder,3600.0
47503F,ASS FLORAL PRINT TORCH,2567,233.36363636363637,729.9499999999999,165,11,1634.0,4201.0,Reorder,4036.0
47503G,ASS FLORAL PRINT TAPE MEASURE,235,9.4,289.19,290,7,66.0,132.0,Overstock,0.0
47503H,ASS FLORAL PRINT SPIRIT LEVEL ,147,2.8823529411764706,191.53,115,9,20.0,46.0,Overstock,0.0
47503J,SET/3 FLORAL GARDEN TOOLS IN BAG,280,6.666666666666667,1994.0,248,14,47.0,140.0,Healthy,0.0
47503K,ASSORTED FLORAL SECATEURS,3141,92.38235294117646,1293.75,221,8,647.0,1386.0,Reorder,1165.0
47504E,ENGLISH ROSE SCISSORS,4372,118.16216216216216,871.4,231,12,827.0,2245.0,Reorder,2014.0
47504F,ENGLISH ROSE TORCH,526,40.46153846153846,193.1,25,7,283.0,566.0,Reorder,541.0
47504G,ENGLISH ROSE TAPE MEASURE,256,5.446808510638298,315.44,131,9,38.0,87.0,Healthy,0.0
47504H,ENGLISH ROSE SPIRIT LEVEL ,989,9.41904761904762,940.83,125,13,66.0,188.0,Reorder,63.0
47504J,ENGLISH ROSE SET/3 GARDEN TOOLS,3,1.5,23.85,158,8,10.0,22.0,Overstock,0.0
47504K,ENGLISH ROSE GARDEN SECATEURS,2580,9.626865671641792,2769.64,115,12,67.0,183.0,Reorder,68.0
47518F,ICON PLACEMAT POP ART ELVIS,900,29.032258064516128,144.3,233,4,203.0,319.0,Reorder,86.0
47552A,DOTS IRONING BOARD COVER,12,1.0909090909090908,23.4,41,5,8.0,13.0,Overstock,0.0
47556B,TEA TIME TEA TOWELS ,5141,12.508515815085158,13363.35,212,4,88.0,138.0,Healthy,0.0
47559B,TEA TIME OVEN GLOVE,4970,8.02907915993538,5977.87,169,14,56.0,168.0,Healthy,0.0
47563A,RETRO LONGBOARD IRONING BOARD COVER,224,3.6129032258064515,347.5,266,5,25.0,43.0,Overstock,0.0
47563B,WAVELINE SURF IRONING BOARD COVER,8,1.3333333333333333,30.0,286,3,9.0,13.0,Overstock,0.0
47566B,TEA TIME PARTY BUNTING,5612,8.490166414523449,24255.3,270,10,59.0,144.0,Healthy,0.0
47567B,TEA TIME KITCHEN APRON,2128,6.567901234567901,11321.320000000002,22,8,46.0,99.0,Reorder,77.0
47570B,TEA TIME TABLE CLOTH,928,4.91005291005291,8852.880000000001,95,4,34.0,54.0,Healthy,0.0
47574A,ENGLISH ROSE SCENTED HANGING FLOWER,440,7.213114754098361,442.0,106,10,50.0,122.0,Reorder,16.0
47574B,ENGLISH ROSE SCENTED HANGING HEART,49,1.75,208.25,289,8,12.0,26.0,Overstock,0.0
47578A,ENGLISH ROSE SMALL SCENTED FLOWER,280,5.283018867924528,238.0,244,9,37.0,85.0,Overstock,0.0
47581B,FAIRY CAKE WICKER PICNIC BASKET ,33,1.2692307692307692,420.75,37,13,9.0,26.0,Healthy,0.0
47583A,SET OF 3 WICKER BASKET ROSE,70,14.0,561.8,132,3,98.0,140.0,Reorder,8.0
47583B,SET OF 3 WICKER BASKET TEA AND CAKE,27,4.5,332.6,270,9,32.0,72.0,Overstock,0.0
47585A,PINK FAIRY CAKE CUSHION COVER,913,11.0,1773.75,252,5,77.0,132.0,Healthy,0.0
47586A,PINK FAIRY CAKE CUSHION COVER,199,7.107142857142857,262.65,298,13,50.0,142.0,Overstock,0.0
47587A,PINK FAIRY CAKE COASTER,2676,297.3333333333333,1049.6399999999999,221,14,2081.0,6244.0,Reorder,6023.0
47590A,BLUE HAPPY BIRTHDAY BUNTING,4681,7.383280757097792,23531.47,102,10,52.0,126.0,Reorder,24.0
47590B,PINK HAPPY BIRTHDAY BUNTING,5652,6.934969325153374,28581.4,144,8,49.0,104.0,Healthy,0.0
47591A,CAROUSEL CHILDRENS APRON,11,3.6666666666666665,18.15,194,6,26.0,48.0,Overstock,0.0
47591A,CAROUSEL DES CHILD'S APRON,87,2.6363636363636362,143.54999999999998,88,13,18.0,52.0,Healthy,0.0
47591B,SCOTTIES CHILDRENS APRON,423,5.4935064935064934,647.55,66,10,38.0,93.0,Reorder,27.0
47591B,SCOTTIES DES CHILD'S APRON,236,3.8688524590163933,389.4,275,11,27.0,70.0,Overstock,0.0
47591C,BLUE FAIRY CAKE CHILD'S APRON,991,6.97887323943662,1792.6499999999999,234,12,49.0,133.0,Healthy,0.0
47591C,BLUE FAIRY CAKE CHILDRENS APRON,4,1.0,7.8,49,4,7.0,11.0,Overstock,0.0
47591D,PINK FAIRY CAKE CHILD'S APRON,3325,9.419263456090652,6032.3099999999995,256,8,66.0,141.0,Healthy,0.0
47591D,PINK FAIRY CAKE CHILDRENS APRON,5839,8.474600870827286,10704.21,267,7,59.0,118.0,Overstock,0.0
47592A,CAROUSEL CHILDRENS OVERALL,38,9.5,79.80000000000001,44,7,66.0,132.0,Reorder,88.0
47592A,CAROUSEL DES CHILD'S OVERALL,156,4.875,327.6,93,12,34.0,92.0,Healthy,0.0
47592B,SCOTTIE DOGS CHILDRENS OVERALL,3,3.0,6.300000000000001,225,13,21.0,60.0,Overstock,0.0
47592B,SCOTTIES DESIGN CHILD'S OVERALL,44,2.588235294117647,92.4,113,5,18.0,31.0,Overstock,0.0
47593A,CAROUSEL DESIGN BABY BIB,75,5.357142857142857,93.75,146,14,38.0,113.0,Healthy,0.0
47593A,CAROUSEL PONIES BABY BIB,115,3.8333333333333335,116.87,44,10,27.0,65.0,Reorder,21.0
47593B,SCOTTIE DOGS BABY BIB,1730,15.585585585585585,760.14,135,10,109.0,265.0,Reorder,130.0
47593B,SCOTTIES DESIGN BABY BIB,101,5.611111111111111,126.25,67,14,39.0,118.0,Reorder,51.0
47594A,CAROUSEL DESIGN WASHBAG,280,3.7837837837837838,546.0,245,7,26.0,52.0,Overstock,0.0
47594B,SCOTTIES DESIGN WASHBAG,313,3.7710843373493974,610.3499999999999,285,10,26.0,64.0,Overstock,0.0
47599A,PINK PARTY BAGS,5878,17.86626139817629,10841.48,118,12,125.0,339.0,Reorder,221.0
47599B,BLUE PARTY BAGS ,3441,12.984905660377358,6476.54,30,10,91.0,221.0,Reorder,191.0
48173A,DOOR MAT BLUE FLOCK,1,1.0,6.75,104,5,7.0,12.0,Overstock,0.0
48173C,DOOR MAT BLACK FLOCK ,1220,7.176470588235294,6922.9,233,4,50.0,79.0,Overstock,0.0
48173C,DOORMAT BLACK FLOCK ,2813,9.666666666666666,15618.36,192,11,68.0,174.0,Healthy,0.0
51012C,"FEATHER DUSTER, COAL BLACK",170,6.296296296296297,212.5,228,4,44.0,69.0,Overstock,0.0
51012L,"FEATHER DUSTER, LIGHT PINK",10,1.6666666666666667,12.5,83,11,12.0,30.0,Overstock,0.0
51014A,"FEATHER PEN,HOT PINK",6048,24.48582995951417,3787.7599999999998,277,6,171.0,318.0,Reorder,41.0
51014C,"FEATHER PEN,COAL BLACK",3843,21.835227272727273,2321.47,140,14,153.0,459.0,Reorder,319.0
51014L,"FEATHER PEN,LIGHT PINK",3238,19.624242424242425,2014.56,73,4,137.0,215.0,Reorder,142.0
51020A,SUMMER FUN DESIGN SHOWER CAP,1302,26.571428571428573,462.05999999999995,291,12,186.0,505.0,Reorder,214.0
51020B,STRIPY DESIGN SHOWER CAP,1084,18.066666666666666,488.11999999999995,260,3,126.0,180.0,Healthy,0.0
62043B,BLUE CHECK BAG W HANDLE 34X20CM,54,5.4,75.15999999999998,262,6,38.0,70.0,Overstock,0.0
62074B,ELEPHANT CLIP W SUCTION CUP,34,3.090909090909091,14.28,37,11,22.0,56.0,Reorder,19.0
62086A,PINK RETRO BIG FLOWER BAG,110,5.0,214.5,206,14,35.0,105.0,Healthy,0.0
62094B,TURQ ICE CREAM BUM BAG ,251,9.296296296296296,405.05,163,11,65.0,167.0,Reorder,4.0
62095B,TURQOISE ICE CREAM SUNHAT,289,15.210526315789474,304.09000000000003,281,6,106.0,197.0,Healthy,0.0
62096A,PINK/YELLOW FLOWERS HANDBAG,337,6.480769230769231,439.45,258,11,45.0,116.0,Overstock,0.0
62096B,PURPLE/TURQ FLOWERS HANDBAG,209,4.446808510638298,278.75,95,14,31.0,93.0,Healthy,0.0
62097A,PINK STRIPES SHOULDER BAG,1,1.0,2.95,207,8,7.0,15.0,Overstock,0.0
62097B,BLUE STRIPES SHOULDER BAG,11,2.75,13.37,265,3,19.0,27.0,Overstock,0.0
71028B,SILVER BLUE EGG T-LIGHT HOLDER,483,60.375,189.89000000000001,149,12,423.0,1148.0,Reorder,999.0
71101A,ANGEL ON KNEES METAL POLE 100CM H,6,6.0,5.1,98,8,42.0,90.0,Healthy,0.0
71101E,STANDING FAIRY POLE SUPPORT ,777,16.1875,626.13,91,11,113.0,291.0,Reorder,200.0
71406C,BLACK ORANGE SQUEEZER,206,6.645161290322581,86.52,282,4,47.0,74.0,Overstock,0.0
71434B,"BLACK RND BULLET""KEEP CLEAN"" BIN",1,1.0,2.55,210,8,7.0,15.0,Overstock,0.0
71495A,CD WALL TIDY BLUE OFFICE,213,23.666666666666668,77.94000000000001,82,4,166.0,261.0,Reorder,179.0
71495B,CD WALL TIDY RED FLOWERS,288,24.0,106.56,31,6,168.0,312.0,Reorder,281.0
71496A,A4 WALL TIDY BLUE OFFICE,228,28.5,124.44000000000001,160,10,200.0,485.0,Reorder,325.0
71496B,A4 WALL TIDY RED FLOWERS,15,2.5,8.67,273,9,18.0,40.0,Overstock,0.0
72023F,RED ORGANIC CANDLE IN GLASS,613,15.325,627.05,62,13,107.0,306.0,Reorder,244.0
72024U,LILAC VOTIVE CANDLE,218,21.8,45.78,36,14,153.0,458.0,Reorder,422.0
72038P,PRICE'S CANDLE PEACH,1050,116.66666666666667,116.5,82,11,817.0,2100.0,Reorder,2018.0
72045D,ROSES ON BLUE TEACUP CANDLE ,536,178.66666666666666,905.84,272,9,1251.0,2859.0,Reorder,2587.0
72051S,BAG OF SILVER STONES,141,7.05,59.22,27,3,49.0,70.0,Reorder,43.0
72083A,STRAWBERY SWIRL FLARE CANDLE,24,3.4285714285714284,50.400000000000006,109,4,24.0,38.0,Overstock,0.0
72084B,CHOCOLATE ICE CREAM CANDLE,2,2.0,3.9,227,8,14.0,30.0,Overstock,0.0
72140E,BEST DAD CANDLE LETTERS,216,8.0,153.35999999999999,137,9,56.0,128.0,Healthy,0.0
72140F,HAPPY ANNIVERSARY CANDLE LETTERS,175,11.666666666666666,69.17999999999999,194,5,82.0,140.0,Healthy,0.0
72225C,LAVENDER SCENT CAKE CANDLE,1877,53.628571428571426,454.09,95,11,375.0,965.0,Reorder,870.0
72225D,VANILLA SCENT CAKE CANDLE ,960,96.0,218.88,120,9,672.0,1536.0,Reorder,1416.0
72349B,SET/6 PURPLE BUTTERFLY T-LIGHTS,1914,7.941908713692946,3734.0400000000004,170,8,56.0,120.0,Healthy,0.0
72351A,SET/6 TURQUOISE BUTTERFLY T-LIGHTS,3646,10.241573033707866,7035.59,289,8,72.0,154.0,Healthy,0.0
72351B,SET/6 PINK  BUTTERFLY T-LIGHTS,5681,13.120092378752886,10779.640000000001,90,3,92.0,131.0,Reorder,41.0
72369A,PINK CLEAR GLASS CANDLE PLATE,53,5.888888888888889,66.25,199,7,41.0,82.0,Overstock,0.0
72529W,WHITE ADVENT CANDLE,443,11.35897435897436,829.08,143,12,80.0,216.0,Reorder,73.0
72606A,BROWN ANTIQUE CUBE CANDLE,226,12.555555555555555,94.92,214,5,88.0,151.0,Healthy,0.0
72739B,WHITE CHOCOLATE SCENT CANDLE,351,35.1,244.35000000000002,247,9,246.0,562.0,Reorder,315.0
72739C,DARK CHOCOLATE SCENTCANDLE,291,26.454545454545453,219.75,294,12,185.0,502.0,Reorder,208.0
72740A,LARGE STRAWBERRY CHOCOLATE CANDLE,56,11.2,94.69999999999999,125,5,78.0,134.0,Reorder,9.0
72750A,"F.FAIRY S/3 CANDLE/GLASS,LILY/VALLY",177,22.125,349.15000000000003,40,7,155.0,310.0,Reorder,270.0
72750A,FLOWER FAIRY SET OF 3 LILY CANDLES,206,25.75,417.7,83,9,180.0,412.0,Reorder,329.0
72750B,"F.FAIRY S/3 CANDLE/GLASS,LAVENDER",193,21.444444444444443,380.35,184,5,150.0,257.0,Reorder,73.0
72750B,FLOWER FAIRY SET 3 CANDLES LAVENDER,302,10.413793103448276,660.9,46,12,73.0,198.0,Reorder,152.0
72750C,"F.FAIRY S/3 CANDLE/GLASS, ROSE",232,15.466666666666667,476.4,167,4,108.0,170.0,Reorder,3.0
72750D,F.FAIRY S/3 CANDLE/GLASS,110,10.0,226.5,183,8,70.0,150.0,Healthy,0.0
72751A,"F.FAIRY S/3 SML CANDLE,LILY/VALLEY",1,1.0,5.95,243,10,7.0,17.0,Overstock,0.0
72751B,"F.FAIRY S/3 SML CANDLE, LAVENDER",1,1.0,5.95,291,6,7.0,13.0,Overstock,0.0
72751C,"F.FAIRY S/3 SML CANDLE, ROSE",1,1.0,5.95,165,11,7.0,18.0,Overstock,0.0
72752A,"F.FAIRY,CANDLE IN GLASS,LILY/VALLEY",1,1.0,4.25,49,14,7.0,21.0,Overstock,0.0
72752B,"F.FAIRY,CANDLE IN GLASS,LAVENDER",3,1.5,12.75,64,14,10.0,31.0,Overstock,0.0
72753A,S/3 FLWR FAIRY LILLY CANDLES,312,28.363636363636363,666.9000000000001,294,10,199.0,483.0,Reorder,189.0
72753B,S/3 FLWR FAIRY LAVENDER CANDLES,444,34.15384615384615,949.95,53,9,239.0,546.0,Reorder,493.0
72753C,S/3 FLWR FAIRY ROSE CANDLES,42,8.4,99.9,160,9,59.0,135.0,Healthy,0.0
72753D,S/3 FLWR FAIRY SUMMER CANDLES,144,16.0,302.40000000000003,240,5,112.0,192.0,Healthy,0.0
72754A,FLOWER FAIRY POTPOURRI CUSHION LILY,292,58.4,201.24,41,8,409.0,876.0,Reorder,835.0
72754B,F FAIRY POTPOURRI CUSHIONS LAVENDER,170,21.25,137.54000000000002,199,7,149.0,298.0,Reorder,99.0
72754D,F FAIRY POTPOURRI CUSHIONS SUMMER,1,1.0,1.69,250,3,7.0,10.0,Overstock,0.0
72755C,FLOWER FAIRY OIL BURNER SET ROSE,588,45.23076923076923,750.0,57,13,317.0,905.0,Reorder,848.0
72755D,FLOWER FAIRY OIL BURNER SET SUMMER,533,41.0,693.25,89,5,287.0,492.0,Reorder,403.0
72760B,VINTAGE CREAM 3 BASKET CAKE STAND,1632,3.6591928251121075,15172.599999999999,135,14,26.0,77.0,Healthy,0.0
72771B,BURG FLOCK GOLD CUP/CANDLE ,115,16.428571428571427,48.3,258,3,115.0,164.0,Healthy,0.0
72771C,BLACK FLOCK GOLD CANDLE,49,12.25,20.580000000000002,167,6,86.0,160.0,Healthy,0.0
72785A,S/4 CONTEMPORY PINK ROSEBUD CANDLES,8,2.0,16.8,28,12,14.0,38.0,Reorder,10.0
72785B,S/4 CONTEMPORY RED ROSEBUD CANDLES,9,3.0,10.9,69,5,21.0,36.0,Healthy,0.0
72796A,S/3 ENGLISH LAVENDER SQU CANDLE,11,1.8333333333333333,18.15,24,13,13.0,37.0,Reorder,13.0
72796B,S/3 FRENCH VANILLA SQU CANDLE,26,2.1666666666666665,42.9,145,6,15.0,28.0,Overstock,0.0
72796C,S/3 ROSE GARDEN SCENT SQU CANDLE,1,1.0,1.65,94,11,7.0,18.0,Overstock,0.0
72798C,SET/4 GARDEN ROSE DINNER CANDLE,24,2.1818181818181817,39.599999999999994,184,5,15.0,26.0,Overstock,0.0
72799A,BLACK PILLAR CANDLE SILVER FLOCK,612,34.0,877.8000000000001,297,14,238.0,714.0,Reorder,417.0
72799B,PURPLE PILLAR CANDLE BLACK FLOCK,313,34.77777777777778,413.35,96,8,243.0,521.0,Reorder,425.0
72799C,PINK PILLAR CANDLE SILVER FLOCK,452,11.58974358974359,670.28,156,8,81.0,174.0,Reorder,18.0
72799D,BLUE PILLAR CANDLE SILVER FLOCK,65,4.642857142857143,182.15,125,9,32.0,74.0,Healthy,0.0
72799E,IVORY PILLAR CANDLE SILVER FLOCK,1132,8.511278195488721,2242.84,114,11,60.0,154.0,Reorder,40.0
72799F,IVORY PILLAR CANDLE GOLD FLOCK,1065,14.013157894736842,1846.95,154,14,98.0,294.0,Reorder,140.0
72800A,S/4 BLACK DINNER CANDLE SILVER FLOC,661,19.441176470588236,676.71,87,9,136.0,311.0,Reorder,224.0
72800B, 4 PURPLE FLOCK DINNER CANDLES,324,6.230769230769231,495.15999999999997,166,3,44.0,63.0,Overstock,0.0
72800B,S/4 PURPLE DINNER CANDLE BLK FLOCK,636,22.714285714285715,660.12,178,10,159.0,386.0,Reorder,208.0
72800C,4 PINK DINNER CANDLE SILVER FLOCK,257,6.119047619047619,385.51,182,7,43.0,86.0,Overstock,0.0
72800C,S/4 PINK DINNER CANDLE SILVER FLOCK,389,14.961538461538462,468.87,208,11,105.0,270.0,Reorder,62.0
72800D,4 BLUE DINNER CANDLES SILVER FLOCK,205,4.659090909090909,445.34999999999997,114,12,33.0,89.0,Healthy,0.0
72800D,S/4 BLUE DINNER CANDLE SILVER FLOCK,413,12.90625,508.95,200,14,90.0,271.0,Reorder,71.0
72800E,4 IVORY DINNER CANDLES SILVER FLOCK,1268,5.418803418803419,2200.2,206,7,38.0,76.0,Overstock,0.0
72800F,4 IVORY DINNER CANDLES GOLD FLOCK,816,12.75,1029.72,157,7,89.0,178.0,Reorder,21.0
72801C,4 ROSE PINK DINNER CANDLES,528,24.0,332.15999999999997,149,14,168.0,504.0,Reorder,355.0
72801C,S/4 ROSE PINK DINNER CANDLES,165,6.6,161.85,213,14,46.0,138.0,Healthy,0.0
72801D,4 SKY BLUE DINNER CANDLES,363,16.5,214.71,292,4,116.0,182.0,Healthy,0.0
72801D,S/4 SKY BLUE DINNER CANDLES,157,6.28,151.85,163,14,44.0,132.0,Healthy,0.0
72801E,4 FESTIVE GREEN DINNER CANDLES,51,25.5,23.91,35,13,178.0,510.0,Reorder,475.0
72801E,S/4 FESTIVE GREEN DINNER CANDLES,717,34.142857142857146,378.33,264,5,239.0,410.0,Reorder,146.0
72801F,S/4 FESTIVE RED DINNER CANDLES,234,9.36,292.5,126,12,66.0,178.0,Reorder,52.0
72801G,4 BURGUNDY WINE DINNER CANDLES,529,16.53125,302.69,107,11,116.0,298.0,Reorder,191.0
72801G,S/4 BURGUNDY WINE DINNER CANDLES,777,37.0,453.33,148,9,259.0,592.0,Reorder,444.0
72802A,ROSE SCENT CANDLE IN JEWELLED BOX,900,5.294117647058823,3689.2799999999997,23,3,37.0,53.0,Reorder,30.0
72802B,OCEAN SCENT CANDLE IN JEWELLED BOX,1478,7.778947368421052,3862.88,114,5,54.0,93.0,Healthy,0.0
72802C,VANILLA SCENT CANDLE JEWELLED BOX,2140,9.067796610169491,5725.34,228,14,63.0,190.0,Healthy,0.0
72803A,ROSE SCENT CANDLE JEWELLED DRAWER,715,7.857142857142857,1498.19,244,4,55.0,86.0,Overstock,0.0
72803B,OCEAN SCENT CANDLE JEWELLED DRAWER,88,2.4444444444444446,374.0,66,3,17.0,24.0,Overstock,0.0
72807A,SET/3 ROSE CANDLE IN JEWELLED BOX,815,5.863309352517986,3320.31,200,11,41.0,105.0,Healthy,0.0
72807B,SET/3 OCEAN SCENT CANDLE JEWEL BOX,955,5.753012048192771,3884.51,125,10,40.0,98.0,Healthy,0.0
72807C,SET/3 VANILLA SCENTED CANDLE IN BOX,1835,7.614107883817427,7364.91,218,7,53.0,106.0,Overstock,0.0
75013B,"STRING OF 8 BUTTERFLIES,PINK",360,5.806451612903226,571.05,125,13,41.0,116.0,Healthy,0.0
75049L,LARGE CIRCULAR MIRROR MOBILE,13566,57.0,12173.5,299,14,399.0,1197.0,Reorder,898.0
75149N,STRING CRYSTALS NATURAL,272,10.88,340.0,279,4,76.0,120.0,Overstock,0.0
77101A,UNION FLAG WINDSOCK,1052,15.028571428571428,1180.48,127,3,105.0,150.0,Reorder,23.0
78034B,BLUE NETTING STORAGE HANGER,15,1.5,29.25,38,9,10.0,24.0,Healthy,0.0
79026B,"S/4 ICON COASTER,ELVIS LIVES",51,2.3181818181818183,43.11,190,13,16.0,46.0,Overstock,0.0
79030A,"TUMBLER, ENGLISH ROSE",151,7.55,249.14999999999998,214,13,53.0,151.0,Healthy,0.0
79030D,TUMBLER BAROQUE,402,16.08,156.78,31,4,113.0,177.0,Reorder,146.0
79030D,"TUMBLER, BAROQUE",479,29.9375,382.11,214,3,210.0,300.0,Reorder,86.0
79030G,TUMBLER NEW ENGLAND,1220,29.75609756097561,475.8,201,4,208.0,327.0,Reorder,126.0
79030G,"TUMBLER, NEW ENGLAND",472,9.076923076923077,683.04,163,9,64.0,146.0,Healthy,0.0
79051A,SMOKEY GREY COLOUR D.O.F. GLASS,695,17.82051282051282,274.99,201,9,125.0,285.0,Reorder,84.0
79051A,SMOKEY GREY COLOUR GLASS,196,17.818181818181817,56.83999999999999,49,12,125.0,339.0,Reorder,290.0
79062D,"RETRO TIN ASHTRAY,REVOLUTIONARY",52,13.0,19.4,103,8,91.0,195.0,Reorder,92.0
79063C,"RETRO PILL BOX KEY CHAIN,THE KING",235,16.785714285714285,43.65,185,7,118.0,236.0,Reorder,51.0
79063D,"RETRO PILL BOX , REVOLUTIONARY",188,18.8,34.72,115,5,132.0,226.0,Reorder,111.0
79065A,TEATIME ROUND CAKE TINS ,4,4.0,39.8,285,14,28.0,84.0,Overstock,0.0
79066K,RETRO MOD TRAY,1272,7.310344827586207,1030.86,244,5,51.0,88.0,Overstock,0.0
79071B,ENGLISH ROSE METAL WASTE BIN,136,2.2666666666666666,401.20000000000005,61,13,16.0,45.0,Healthy,0.0
79144B,PAINTED LIGHTBULB STAR+ MOON,259,6.317073170731708,105.17999999999999,265,14,44.0,132.0,Overstock,0.0
79144C,PAINTED LIGHTBULB RAINBOW DESIGN,171,7.434782608695652,68.22,227,11,52.0,134.0,Healthy,0.0
79149B,SILICON STAR BULB  BLUE,29,2.4166666666666665,12.18,256,6,17.0,32.0,Overstock,0.0
79151B,"SILICON CUBE 25W, BLUE",11,5.5,4.62,41,11,38.0,98.0,Reorder,57.0
79157B,UBO-LIGHT TRIOBASE BLUE,5,1.6666666666666667,4.25,204,6,12.0,22.0,Overstock,0.0
79157V,UBO-LIGHT TRIOBASE PURPLE,5,1.6666666666666667,4.25,261,4,12.0,19.0,Overstock,0.0
79161A,ST GEORGE SET OF 10 PARTY LIGHTS,51,3.1875,150.45000000000002,60,6,22.0,41.0,Healthy,0.0
79172D,PURPLE TINT ACRYLIC FLOWER VASE,24,6.0,20.4,181,8,42.0,90.0,Overstock,0.0
79190A,RETRO PLASTIC 70'S TRAY,711,9.73972602739726,298.62,179,8,68.0,146.0,Healthy,0.0
79190B,RETRO PLASTIC POLKA TRAY,1389,14.46875,523.38,108,7,101.0,202.0,Reorder,94.0
79190D,RETRO PLASTIC DAISY TRAY,575,7.876712328767123,241.5,31,3,55.0,79.0,Reorder,48.0
79191B,RETRO PLASTIC POLKA TRAY,451,8.50943396226415,351.66999999999996,92,5,60.0,103.0,Reorder,11.0
79191C,RETRO PLASTIC ELEPHANT TRAY,1566,11.863636363636363,1204.3799999999999,95,7,83.0,166.0,Reorder,71.0
79191D,RETRO PLASTIC DAISY TRAY,105,3.3870967741935485,89.25,220,8,24.0,51.0,Overstock,0.0
79192A,RETRO PLASTIC 70'S TRAY,106,3.533333333333333,132.5,29,3,25.0,36.0,Reorder,7.0
79302M,"ART LIGHTS,FUNK MONKEY",589,7.64935064935065,1579.95,245,11,54.0,138.0,Healthy,0.0
79303A,WHITE ROHMBIC BLOCK TABLE LAMP,2,2.0,5.9,195,5,14.0,24.0,Overstock,0.0
79303B,BLUE STAR BLOCK TABLE LAMP,103,25.75,303.85,295,12,180.0,489.0,Reorder,194.0
79303D,LILAC FLOWER BLOCK TABLE LAMP,64,9.142857142857142,188.8,58,5,64.0,110.0,Reorder,52.0
79308B,MOSAIC CANDLE DISH BLUE PURPLE,144,72.0,122.39999999999999,79,13,504.0,1440.0,Reorder,1361.0
79315W,FLYING SAUCER TABLE LIGHT IN WHITE,191,27.285714285714285,563.45,85,4,191.0,300.0,Reorder,215.0
79323B,BLACK CHERRY LIGHTS,231,4.8125,1421.45,143,10,34.0,82.0,Healthy,0.0
79323G,GOLD  CHERRY LIGHTS,300,5.882352941176471,1817.0,183,5,41.0,70.0,Overstock,0.0
79323GR,GREEN CHERRY LIGHTS,524,6.894736842105263,3100.2000000000003,178,8,48.0,103.0,Healthy,0.0
79323LP,LIGHT PINK CHERRY LIGHTS,1420,8.930817610062894,8311.0,76,4,63.0,99.0,Reorder,23.0
79323P,PINK CHERRY LIGHTS,2234,9.71304347826087,13198.1,97,9,68.0,155.0,Reorder,58.0
79323S, SILVER CHERRY LIGHTS,264,7.542857142857143,1594.8000000000002,213,6,53.0,98.0,Overstock,0.0
79323S,SILVER CHERRY LIGHTS,59,5.363636363636363,338.45000000000005,34,11,38.0,97.0,Reorder,63.0
79323W, WHITE CHERRY LIGHTS,1986,9.194444444444445,11697.300000000001,31,12,64.0,174.0,Reorder,143.0
79323W,WHITE CHERRY LIGHTS,962,9.816326530612244,5687.5,120,11,69.0,177.0,Reorder,57.0
79342B,BROWN FLOWER LIGHTS,109,4.541666666666667,688.95,175,9,32.0,73.0,Overstock,0.0
81950B,FLOWER BLUE CLOCK W/SUCKER,80,5.333333333333333,68.0,144,14,37.0,112.0,Healthy,0.0
81950B,FLOWER BLUE CLOCK WITH SUCKER,116,12.88888888888889,33.64,299,10,90.0,219.0,Healthy,0.0
81950V,FLOWER PURPLE CLOCK W/SUCKER,17,2.125,14.45,129,5,15.0,26.0,Overstock,0.0
81950V,FLOWER PURPLE CLOCK WITH SUCKER,15,5.0,4.35,165,13,35.0,100.0,Healthy,0.0
81952B,ROUND BLUE CLOCK W/SUCKER,48,6.857142857142857,36.6,235,7,48.0,96.0,Overstock,0.0
81952B,ROUND BLUE CLOCK WITH SUCKER,200,22.22222222222222,38.0,181,4,156.0,245.0,Reorder,64.0
81952V,ROUND PURPLE CLOCK W/SUCKER,86,8.6,68.9,147,12,60.0,163.0,Reorder,16.0
81952V,ROUND PURPLE CLOCK WITH SUCKER,365,14.6,69.35,169,9,102.0,233.0,Reorder,64.0
81953B,ROUND ARTICULATED BLUE CLOCK W/SUCK,3,1.0,2.55,55,10,7.0,17.0,Overstock,0.0
81953B,ROUND BLUE CLOCK WITH SUCKER,11,2.2,2.09,192,11,15.0,39.0,Overstock,0.0
81953P,ROUND ARTICULATED PINK CLOCK W/SUCK,33,5.5,9.57,41,13,38.0,110.0,Reorder,69.0
81985A,"ICON ALARM CLOCK,FUSCHIA  PIN UP",23,3.2857142857142856,58.64999999999999,225,13,23.0,66.0,Overstock,0.0
82001S,SILVER RECORD COVER FRAME,272,14.31578947368421,955.86,146,9,100.0,229.0,Reorder,83.0
82001S,VINYL RECORD FRAME SILVER,2550,14.245810055865922,8831.2,236,12,100.0,271.0,Reorder,35.0
82011A,"BATHROOM SCALES, TROPICAL BEACH",35,1.5217391304347827,131.25,115,12,11.0,29.0,Overstock,0.0
82011B,BATHROOM SCALES RUBBER DUCKS,84,2.1538461538461537,287.8,183,10,15.0,37.0,Overstock,0.0
82011C,BATHROOM SCALES FOOTPRINTS IN SAND,95,2.261904761904762,324.25,167,14,16.0,48.0,Overstock,0.0
82011E,"BATHROOM SCALES, FAG BREAK",2,1.0,7.5,37,11,7.0,18.0,Overstock,0.0
82494L,WOODEN FRAME ANTIQUE WHITE ,14368,8.0268156424581,39909.170000000006,214,8,56.0,120.0,Healthy,0.0
82545A,COGNAC AUX OEUFS METAL 1 HOOK,31,2.8181818181818183,38.75,170,14,20.0,59.0,Overstock,0.0
82607A,GLASS BONBON JAR PARFUME AUX FLEURE,568,6.454545454545454,684.73,142,14,45.0,135.0,Healthy,0.0
82607C,GLASS BONBON JAR. SUPERFINES,90,4.285714285714286,112.5,206,12,30.0,81.0,Overstock,0.0
82607E,GLASS BONBON JAR. D'AMANDES,101,3.8846153846153846,126.25,168,4,27.0,43.0,Overstock,0.0
82613A,"METAL SIGN,CUPCAKE SINGLE HOOK",448,5.530864197530864,560.0,123,4,39.0,61.0,Overstock,0.0
82613B,"METAL SIGN,CUPCAKE SINGLE HOOK",638,6.787234042553192,565.1,262,6,48.0,89.0,Overstock,0.0
82613C,"METAL SIGN,CUPCAKE SINGLE HOOK",526,7.408450704225352,441.7,250,11,52.0,133.0,Healthy,0.0
82613D,METAL SIGN CUPCAKE SINGLE HOOK,852,6.761904761904762,749.6,225,9,47.0,108.0,Overstock,0.0
82616A,BUBBLE GUM SCARF KNITTING KIT,306,6.6521739130434785,576.3000000000001,217,4,47.0,74.0,Overstock,0.0
82616B,FRAPPUCINO SCARF KNITTING KIT,533,6.922077922077922,794.9300000000001,106,10,48.0,117.0,Reorder,11.0
82616C,MIDNIGHT GLAMOUR SCARF KNITTING KIT,539,6.910256410256411,791.22,161,13,48.0,138.0,Healthy,0.0
84029C,BROWN FURRY HOT WATER BOTTLE,191,5.026315789473684,665.05,218,9,35.0,80.0,Overstock,0.0
84029D,LEOPARD PRINT HOT WATER BOTTLE,46,3.8333333333333335,153.3,65,11,27.0,69.0,Reorder,4.0
84029E,RED WOOLLY HOTTIE WHITE HEART.,9259,9.584886128364388,31876.47,34,10,67.0,163.0,Reorder,129.0
84029G,KNITTED UNION FLAG HOT WATER BOTTLE,5724,7.385806451612903,20838.9,63,5,52.0,89.0,Reorder,26.0
84030B,KNITTED POM POM HOT WATER BOTTLE,5,1.6666666666666667,18.75,188,3,12.0,17.0,Overstock,0.0
84030C,KNITTED RAINBOW HOT WATER BOTTLE,20,4.0,75.0,63,4,28.0,44.0,Healthy,0.0
84030E,ENGLISH ROSE HOT WATER BOTTLE,2018,4.898058252427185,8191.91,117,4,34.0,54.0,Overstock,0.0
84031A,CHARLIE+LOLA RED HOT WATER BOTTLE ,716,5.303703703703704,2223.32,280,6,37.0,69.0,Overstock,0.0
84031B,CHARLIE LOLA BLUE HOT WATER BOTTLE ,544,4.900900900900901,1720.04,128,8,34.0,73.0,Healthy,0.0
84032A,CHARLIE+LOLA PINK HOT WATER BOTTLE,2280,6.514285714285714,4745.26,123,6,46.0,85.0,Healthy,0.0
84032B,CHARLIE + LOLA RED HOT WATER BOTTLE,2788,6.833333333333333,5741.6,275,11,48.0,123.0,Overstock,0.0
84078A,SET/4 WHITE RETRO STORAGE CUBES ,1007,4.303418803418803,36259.65,225,6,30.0,56.0,Overstock,0.0
84086B,YELLOW/BLUE RETRO RADIO,24,1.8461538461538463,70.80000000000001,62,8,13.0,28.0,Overstock,0.0
84086C,PINK/PURPLE RETRO RADIO,190,5.588235294117647,560.5,264,8,39.0,84.0,Overstock,0.0
84201B,HAPPY BIRTHDAY CARD STRIPEY TEDDY,28,4.666666666666667,5.32,292,12,33.0,89.0,Overstock,0.0
84201C,HAPPY BIRTHDAY CARD TEDDY/CAKE,10,3.3333333333333335,1.9,102,13,23.0,66.0,Healthy,0.0
84205C,HAPPY BIRTHDAY GINGER CAT CARD,2,2.0,0.38,129,12,14.0,38.0,Overstock,0.0
84206A,3 BLACK CATS W HEARTS BLANK CARD,79,7.9,15.010000000000002,209,3,55.0,79.0,Overstock,0.0
84206B,CAT W SUNGLASSES BLANK CARD,4,4.0,0.76,270,10,28.0,68.0,Overstock,0.0
84206B,CAT WITH SUNGLASSES BLANK CARD,5,5.0,0.95,231,14,35.0,105.0,Overstock,0.0
84206C,CHAMPAGNE TRAY BLANK CARD,10,2.5,1.9,152,5,18.0,30.0,Overstock,0.0
84247C,PACK/12 BLUE REINDEER CARD,72,3.272727272727273,212.40000000000003,220,8,23.0,49.0,Overstock,0.0
84247E,PACK OF 12 CHRISTMAS FUN CARDS,47,3.6153846153846154,138.65,114,5,25.0,43.0,Overstock,0.0
84247E,PACK/12 XMAS FUN CARD,256,4.571428571428571,736.0000000000001,297,13,32.0,91.0,Overstock,0.0
84247G,"DECOUPAGE,GREETING CARD,",1332,15.310344827586206,554.4,238,4,107.0,168.0,Healthy,0.0
84247H,PACK/12 DECOUPAGE CARD,35,2.5,103.25000000000001,108,7,18.0,36.0,Overstock,0.0
84247J,PACK/12 RUSSIAN DOLL CARDS,2,1.0,5.9,91,3,7.0,10.0,Overstock,0.0
84247K,"FOLK ART GREETING CARD,pack/12",70,2.9166666666666665,206.5,266,11,20.0,52.0,Overstock,0.0
84247L,FAWN AND MUSHROOM GREETING CARD,1088,13.268292682926829,456.96,148,13,93.0,265.0,Reorder,117.0
84247N,PACK/12 BLUE FOLKART CARDS,96,2.4615384615384617,283.20000000000005,231,9,17.0,39.0,Overstock,0.0
84249A,"GREETING CARD,SQUARE, DOUGHNUTS",238,11.9,101.6,115,5,83.0,142.0,Reorder,27.0
84249D,FAIRY CAKE GREETINGS CARD,809,14.709090909090909,335.46,94,6,103.0,191.0,Reorder,97.0
84250M,"GREETING CARD, BLACKPOOL ROCK",12,12.0,2.2800000000000002,73,8,84.0,180.0,Reorder,107.0
84251B,"GREETING CARD, STICKY GORDON",231,10.5,43.89000000000001,73,5,74.0,126.0,Reorder,53.0
84251C,"GREETING CARD, TWO SISTERS.",132,9.428571428571429,25.080000000000002,237,14,66.0,198.0,Healthy,0.0
84251F,"GREETING CARD, RITA",312,10.064516129032258,59.28000000000001,35,9,70.0,161.0,Reorder,126.0
84251G,"GREETING CARD, OVERCROWDED POOL.",360,10.588235294117647,68.4,118,8,74.0,159.0,Reorder,41.0
84251J,"GREETING CARD, THE BLACK CAT",60,15.0,25.2,39,11,105.0,270.0,Reorder,231.0
84255A,PINK GLASS COCKTAIL LAMP,2,1.0,4.2,65,14,7.0,21.0,Overstock,0.0
84255B,ORANGE COCKTAIL GLASS LAMP,60,4.285714285714286,126.00000000000001,212,7,30.0,60.0,Overstock,0.0
84279B,CHERRY BLOSSOM DECORATIVE FLASK,777,4.132978723404255,2820.15,77,6,29.0,54.0,Healthy,0.0
84279P, CHERRY BLOSSOM  DECORATIVE FLASK,308,11.846153846153847,1068.6000000000001,130,5,83.0,142.0,Reorder,12.0
84279P,CHERRY BLOSSOM  DECORATIVE FLASK,749,3.4675925925925926,2762.67,148,12,24.0,66.0,Overstock,0.0
84288B,SET/2 BLUE  NOODLE BASKETS,57,2.7142857142857144,111.14999999999999,213,3,19.0,27.0,Overstock,0.0
84292B,BLUE COL METAL FOLDING CHAIR,7,1.75,43.85,27,5,12.0,21.0,Healthy,0.0
84313A,PINK TV TRAY TABLE ,34,2.125,144.5,48,5,15.0,26.0,Healthy,0.0
84313B,BLUE TV TRAY TABLE ,158,3.511111111111111,513.74,131,9,25.0,57.0,Overstock,0.0
84313C,ORANGE TV TRAY TABLE ,497,10.574468085106384,1061.15,180,9,74.0,169.0,Healthy,0.0
84327A,PINK JUMPER LARRY THE LAMB,949,8.11111111111111,1788.72,150,14,57.0,171.0,Reorder,21.0
84341B,SMALL PINK MAGIC CHRISTMAS TREE,1690,17.244897959183675,825.03,207,3,121.0,173.0,Healthy,0.0
84387A,BIRD ON BRANCH CANVAS SCREEN,11,11.0,21.45,182,5,77.0,132.0,Healthy,0.0
84402B,PURPLE DRESS JEWELLERY STAND,62,15.5,51.14,216,10,108.0,263.0,Reorder,47.0
84402D,PINK DRESS JEWELLERY STAND ,371,33.72727272727273,346.84999999999997,223,11,236.0,607.0,Reorder,384.0
84405A,S/3 PINK COL METAL BASKET W HANDLE,122,2.7111111111111112,900.3000000000001,231,9,19.0,43.0,Overstock,0.0
84406B,CREAM CUPID HEARTS COAT HANGER,6682,9.178571428571429,21256.0,128,9,64.0,147.0,Reorder,19.0
84414B,FUSCHIA/GREEN STRIPE WOOLLY BLANKET,77,9.625,497.15,295,14,67.0,202.0,Healthy,0.0
84415A,PINK FLOCK SUEDE CUSHION COVER ,14,4.666666666666667,22.5,92,13,33.0,94.0,Reorder,2.0
84415B,BLUE FLOCK CUSHION COVER ,8,2.6666666666666665,20.0,186,10,19.0,46.0,Overstock,0.0
84424A,FOUR PICTURE WHITE GLASS FRAME,23,2.3,86.25,279,8,16.0,34.0,Overstock,0.0
84425A,WHITE GLASS TV TRIPLE FRAME,16,2.0,68.0,262,13,14.0,40.0,Overstock,0.0
84427B,BLACK GLASS TV DOUBLE P/FRAME 15X10,17,3.4,72.25,294,5,24.0,41.0,Overstock,0.0
84429A,MEDIUM PINK BUDDHA HEAD ,92,3.4074074074074074,271.40000000000003,121,3,24.0,34.0,Overstock,0.0
84437A,S/6 PINK EASTER DECS IN BOX,105,5.526315789473684,89.25,192,9,39.0,89.0,Overstock,0.0
84450A,PINK RABBIT SITTING EASTER,46,11.5,19.32,190,3,80.0,114.0,Healthy,0.0
84450B,PINK/YELLOW RABBIT SAT EASTER,22,5.5,9.24,160,3,38.0,54.0,Overstock,0.0
84450B,YELLOW RABBIT SAT EASTER,48,16.0,20.16,207,11,112.0,288.0,Reorder,81.0
84459A,PINK METAL CHICKEN HEART ,1126,10.236363636363636,1582.7,105,12,72.0,195.0,Reorder,90.0
84459B,YELLOW METAL CHICKEN HEART ,1341,9.51063829787234,1903.05,71,9,67.0,153.0,Reorder,82.0
84507B,STRIPES DESIGN MONKEY DOLL,1319,14.655555555555555,1622.85,130,13,103.0,294.0,Reorder,164.0
84507C,BLUE CIRCLES DESIGN MONKEY DOLL,425,6.746031746031746,594.15,62,6,47.0,87.0,Reorder,25.0
84508A,CAMOFLAGE DESIGN TEDDY,1584,36.83720930232558,3358.8,230,8,258.0,553.0,Reorder,323.0
84508A,CAMOUFLAGE DESIGN TEDDY,2221,35.82258064516129,4714.950000000001,219,3,251.0,358.0,Reorder,139.0
84508B,STRIPES DESIGN TEDDY,159,2.4461538461538463,405.45,259,9,17.0,39.0,Overstock,0.0
84508C,BLUE CIRCLES DESIGN TEDDY,96,2.6666666666666665,244.79999999999998,134,14,19.0,56.0,Overstock,0.0
84509A,ENGLISH ROSE PLACEMATS,107,4.28,382.05,45,8,30.0,64.0,Reorder,19.0
84509A,SET OF 4 ENGLISH ROSE PLACEMATS,1072,4.375510204081633,3842.84,96,6,31.0,57.0,Healthy,0.0
84509B,FAIRY CAKE PLACEMATS,100,4.545454545454546,355.8,156,9,32.0,73.0,Overstock,0.0
84509B,SET OF 4 FAIRY CAKE PLACEMATS,459,3.857142857142857,1654.05,39,5,27.0,46.0,Reorder,7.0
84509C,DOTTY PLACEMATS ,52,5.777777777777778,175.8,230,3,40.0,57.0,Overstock,0.0
84509C,SET OF 4 DOTTY PLACEMATS ,54,4.153846153846154,183.3,259,6,29.0,54.0,Overstock,0.0
84509C,SET OF 4 POLKADOT PLACEMATS ,96,3.0,340.8,58,5,21.0,36.0,Healthy,0.0
84509E,CAROUSEL PLACEMATS ,2,1.0,7.5,287,3,7.0,10.0,Overstock,0.0
84509E,SET OF 4 CAROUSEL PLACEMATS ,131,13.1,179.81,226,4,92.0,144.0,Healthy,0.0
84509F,NEW ENGLAND PLACEMATS,32,3.2,120.0,286,13,22.0,64.0,Overstock,0.0
84509F,SET OF 4 NEW ENGLAND PLACEMATS,2744,83.15151515151516,2298.0,173,7,582.0,1164.0,Reorder,991.0
84509G,FAIRY CAKE PLACEMATS ,75,3.5714285714285716,262.05,61,10,25.0,61.0,Healthy,0.0
84509G,SET OF 4 FAIRY CAKE PLACEMATS ,686,6.596153846153846,1574.7,30,3,46.0,66.0,Reorder,36.0
84510A,SET OF 4 ENGLISH ROSE COASTERS,2166,6.987096774193549,2670.54,117,6,49.0,91.0,Healthy,0.0
84510B,SET OF 4 FAIRY CAKES COASTERS ,1094,10.831683168316832,1285.8,294,6,76.0,141.0,Overstock,0.0
84510C,SET OF 4 POLKADOT COASTERS,115,3.026315789473684,146.17,249,7,21.0,42.0,Overstock,0.0
84510C,SET OF 4 POLKADOTS COASTERS,109,3.7586206896551726,132.45,239,9,26.0,60.0,Overstock,0.0
84510E,SET OF 4 GREEN CAROUSEL COASTERS,128,9.846153846153847,67.8,84,14,69.0,207.0,Reorder,123.0
84510F,SET OF 4 NEW ENGLAND COASTERS ,1092,35.225806451612904,415.0,251,10,247.0,599.0,Reorder,348.0
84519A,TOMATO CHARLIE+LOLA COASTER SET,1139,7.208860759493671,2488.89,71,8,50.0,108.0,Reorder,37.0
84519B,CARROT CHARLIE+LOLA COASTER SET,797,5.076433121019108,1528.79,282,3,36.0,51.0,Overstock,0.0
84520B,PACK 20 ENGLISH ROSE PAPER NAPKINS,6598,12.263940520446097,5096.74,286,9,86.0,196.0,Healthy,0.0
84520D,PACK OF 20 FAIRY CAKE PAPER NAPKINS,619,10.147540983606557,505.98999999999995,173,5,71.0,122.0,Healthy,0.0
84529A,PINK KNITTED KIDS RUCKSACK,24,2.4,162.0,159,8,17.0,36.0,Overstock,0.0
84529B,BLUE KNITTED KID'S RUCKSACK,3,1.5,20.25,70,10,10.0,25.0,Overstock,0.0
84529C,YELLOW KNITTED KIDS RUCKSACK,33,3.0,222.75,136,9,21.0,48.0,Overstock,0.0
84531A,PINK KNITTED EGG COSY,181,4.525,151.70999999999998,65,12,32.0,86.0,Reorder,21.0
84531B,BLUE KNITTED EGG COSY,187,4.921052631578948,155.60999999999999,107,8,34.0,73.0,Healthy,0.0
84532B,FAIRY CAKES RECTANGLUAR BOXES,38,1.6521739130434783,226.1,227,11,12.0,30.0,Overstock,0.0
84533B,FAIRY CAKES ROUND NESTING BOXES,52,2.736842105263158,293.8,288,11,19.0,49.0,Overstock,0.0
84534B,FAIRY CAKE NOTEBOOK A5 SIZE,721,6.738317757009346,612.8499999999999,108,3,47.0,67.0,Healthy,0.0
84535A,ENGLISH ROSE NOTEBOOK A6 SIZE,575,11.73469387755102,300.15000000000003,137,3,82.0,117.0,Healthy,0.0
84535B,FAIRY CAKES NOTEBOOK A6 SIZE,2566,10.10236220472441,1570.97,73,3,71.0,101.0,Reorder,28.0
84536A,ENGLISH ROSE NOTEBOOK A7 SIZE,4478,10.536470588235295,1881.58,135,10,74.0,179.0,Reorder,44.0
84536B,FAIRY CAKES NOTEBOOK A7 SIZE,2861,12.548245614035087,1149.68,137,14,88.0,264.0,Reorder,127.0
84537B,FAIRY CAKES GIFT BAG,117,10.636363636363637,49.14,279,14,74.0,223.0,Healthy,0.0
84555A,YELLOW VW BEETLE CERAMIC MONEY BOX,46,2.875,130.9,94,12,20.0,54.0,Healthy,0.0
84558A,3D DOG PICTURE PLAYING CARDS,1207,6.936781609195402,3445.4500000000003,26,9,49.0,111.0,Reorder,85.0
84559A,3D SHEET OF DOG STICKERS,1161,7.6381578947368425,987.63,141,5,53.0,91.0,Healthy,0.0
84559B,3D SHEET OF CAT STICKERS,1140,7.5,969.0,30,4,52.0,82.0,Reorder,52.0
84559D,3D SHEET OF SEA WORLD STICKERS,145,5.0,123.25,234,6,35.0,65.0,Overstock,0.0
84562A,PINK/WHITE RIBBED MELAMINE JUG,143,2.234375,1073.25,298,5,16.0,27.0,Overstock,0.0
84562B,BLUE/WHITE RIBBED MELAMINE JUG,7,1.4,55.650000000000006,47,9,10.0,23.0,Overstock,0.0
84563A,PINK & WHITE BREAKFAST TRAY,92,2.787878787878788,394.40000000000003,254,12,20.0,53.0,Overstock,0.0
84563B,BLUE & WHITE BREAKFAST TRAY,96,2.5945945945945947,370.20000000000005,45,10,18.0,44.0,Healthy,0.0
84569A,PACK 3 IRON ON DOG PATCHES,450,6.818181818181818,563.71,73,8,48.0,103.0,Reorder,30.0
84569B,PACK 3 FIRE ENGINE/CAR PATCHES,407,6.4603174603174605,508.75,48,5,45.0,77.0,Reorder,29.0
84569C,PACK 4 FLOWER/BUTTERFLY PATCHES,351,7.02,438.75,183,8,49.0,105.0,Healthy,0.0
84569D,PACK 6 HEART/ICE-CREAM PATCHES,799,8.153061224489797,1001.17,289,4,57.0,90.0,Overstock,0.0
84570B,WHITE SATIN DRESS JEWEL STAND,4,2.0,19.8,54,14,14.0,42.0,Healthy,0.0
84575A,PINK DOG CANNISTER,24,1.8461538461538463,98.8,292,9,13.0,30.0,Overstock,0.0
84575B,BROWN DOG CANNISTER W BONE,4,1.3333333333333333,23.8,227,13,9.0,26.0,Overstock,0.0
84586L,"PINK ROSES/GINGHAM PATCH RABBIT 8""",15,1.6666666666666667,44.25000000000001,257,12,12.0,32.0,Overstock,0.0
84595B,LARGE TRIFLE DESIGN L BLUE BOWL,229,15.266666666666667,405.15,112,9,107.0,244.0,Reorder,132.0
84595E,LARGE TORTILLA DESIGN RED BOWL,350,12.962962962962964,653.0999999999999,192,6,91.0,169.0,Healthy,0.0
84596B,SMALL DOLLY MIX DESIGN ORANGE BOWL,5484,10.627906976744185,3304.59,98,10,74.0,180.0,Reorder,82.0
84596E,SMALL LICORICE DES PINK BOWL,880,6.984126984126984,850.2,129,6,49.0,91.0,Healthy,0.0
84596F,SMALL MARSHMALLOWS PINK BOWL,4174,9.9618138424821,2623.46,236,9,70.0,160.0,Healthy,0.0
84596G,SMALL CHOCOLATES PINK BOWL,1967,8.70353982300885,1157.93,125,6,61.0,113.0,Healthy,0.0
84596I,WRAP SWEETS LIGHT PINK SMALL BOWL,71,7.1,78.11,66,14,50.0,149.0,Reorder,83.0
84596J,MIXED NUTS LIGHT GREEN BOWL,676,9.941176470588236,464.03000000000003,200,7,70.0,140.0,Healthy,0.0
84596K,JELLY BABIES YELLOW SMALL BOWL,358,5.59375,420.14,83,9,39.0,89.0,Reorder,6.0
84596L,BISCUITS SMALL BOWL LIGHT BLUE,1262,9.707692307692307,720.9399999999999,265,12,68.0,184.0,Healthy,0.0
84597B,RETRO BROWN BALL ASHTRAY ,195,10.263157894736842,234.15,263,5,72.0,123.0,Overstock,0.0
84597C,RETRO PINK BALL ASHTRAY ,352,9.777777777777779,420.8,106,12,68.0,185.0,Reorder,79.0
84601A,NEW BAROQUE IVORY CUSHION COVER ,254,21.166666666666668,607.7,236,7,148.0,296.0,Reorder,60.0
84611B,BLACK NEW BAROQUE FLOCK BOX,7,1.75,41.65,26,13,12.0,35.0,Reorder,9.0
84612B,SET/4 BLACK  BAROQUE FLOCK COASTER,20,5.0,51.0,297,5,35.0,60.0,Overstock,0.0
84613A,PINK NEW BAROQUE FLOCK CANDLESTICK,22,2.2,102.30000000000001,229,7,15.0,30.0,Overstock,0.0
84613C,BLUE NEW BAROQUE FLOCK CANDLESTICK,62,5.166666666666667,258.06,188,5,36.0,62.0,Overstock,0.0
84614A,PINK BAROQUE FLOCK CANDLE HOLDER,13,1.8571428571428572,77.35000000000001,157,13,13.0,37.0,Overstock,0.0
84614C,BLUE BAROQUE FLOCK CANDLE HOLDER,3,3.0,17.85,249,12,21.0,57.0,Overstock,0.0
84625A,PINK NEW BAROQUECANDLESTICK CANDLE,788,12.918032786885245,898.7,180,13,90.0,258.0,Reorder,78.0
84625B,BLCK NEW BAROQUE CANDLESTICK CANDLE,180,10.588235294117647,279.0,20,9,74.0,169.0,Reorder,149.0
84625C,BLUE NEW BAROQUE CANDLESTICK CANDLE,743,13.035087719298245,870.95,255,3,91.0,130.0,Healthy,0.0
84625D,WHITE NEWBAROQUE CANDLESTICK CANDLE,639,13.595744680851064,734.25,207,11,95.0,245.0,Reorder,38.0
84659A,WHITE TRAVEL ALARM CLOCK,311,4.319444444444445,765.66,23,11,30.0,78.0,Reorder,55.0
84660A,WHITE STITCHED WALL CLOCK,851,20.261904761904763,814.4,151,7,142.0,284.0,Reorder,133.0
84660B,BLACK STITCHED WALL CLOCK,727,16.522727272727273,804.65,237,11,116.0,298.0,Reorder,61.0
84660C,PINK STITCHED WALL CLOCK,689,12.527272727272727,778.07,279,12,88.0,238.0,Healthy,0.0
84661A,WHITE SQUARE TABLE CLOCK,203,8.12,228.54,20,8,57.0,122.0,Reorder,102.0
84661B,BLACK SQUARE TABLE CLOCK,207,7.961538461538462,374.29,90,7,56.0,112.0,Reorder,22.0
84661C,PINK SQUARE TABLE CLOCK,137,11.416666666666666,124.55000000000001,197,5,80.0,137.0,Healthy,0.0
84663A,GRASS HOPPER WOODEN WALL CLOCK ,345,8.846153846153847,589.79,208,13,62.0,177.0,Healthy,0.0
84671B,CROCHET BEAR WITH BLUE STRIPES,98,3.92,249.89999999999998,27,13,27.0,78.0,Reorder,51.0
84673A,PINK FLY SWAT,457,6.347222222222222,274.01,272,10,44.0,107.0,Overstock,0.0
84673B,BLUE FLY SWAT,420,5.25,299.46000000000004,263,6,37.0,68.0,Overstock,0.0
84705A,ENGLISH ROSE PHOTO FRAME ,14,2.0,65.10000000000001,142,12,14.0,38.0,Overstock,0.0
84705B,FAIRY CAKES PHOTO FRAME,83,41.5,103.75,51,5,290.0,498.0,Reorder,447.0
84705C,PINK FLOCK PHOTO FRAME ,160,26.666666666666668,213.6,165,8,187.0,400.0,Reorder,235.0
84705D,CHERRY BLOSSOM PHOTO FRAME ,10,2.5,46.5,175,10,18.0,43.0,Overstock,0.0
84705F,RED PEONY PHOTO FRAME ,8,1.6,37.2,35,11,11.0,29.0,Healthy,0.0
84706A,ENGLISH ROSE TABLE CLOCK,136,22.666666666666668,307.2,66,8,159.0,340.0,Reorder,274.0
84706B,FAIRY CAKES TABLE CLOCK,19,2.375,170.04999999999998,270,7,17.0,34.0,Overstock,0.0
84706C,PINK FLOCK TABLE CLOCK ,84,21.0,170.8,206,14,147.0,441.0,Reorder,235.0
84706D,CHERRY BLOSSOM TABLE CLOCK ,216,15.428571428571429,477.2,50,13,108.0,309.0,Reorder,259.0
84706F,RED PEONY TABLE CLOCK,33,1.9411764705882353,199.35,279,4,14.0,22.0,Overstock,0.0
84707A,SILVER JEWELLED MIRROR TRINKET TRAY,91,2.275,689.49,36,4,16.0,25.0,Healthy,0.0
84707B,PINK JEWELLED MIRROR TRINKET TRAY,47,2.1363636363636362,357.65999999999997,58,11,15.0,38.0,Healthy,0.0
84708B,PINK JEWELLED PHOTO FRAME ,126,2.739130434782609,618.1,58,4,19.0,30.0,Healthy,0.0
84709A,SILVER OVAL JEWELLED MIRROR,21,1.75,124.95,151,4,12.0,19.0,Overstock,0.0
84709B,PINK OVAL JEWELLED MIRROR,111,2.642857142857143,629.25,49,5,18.0,31.0,Healthy,0.0
84711A,SILVER OVAL SHAPE TRINKET BOX,31,2.2142857142857144,308.45,177,5,16.0,27.0,Overstock,0.0
84711B,PINK OVAL SHAPE TRINKET BOX,20,1.6666666666666667,199.0,297,6,12.0,22.0,Overstock,0.0
84712B,PINK JEWELLED PHOTO FRAME,67,1.8611111111111112,529.47,222,9,13.0,30.0,Overstock,0.0
84732B,CUTE BIRD CEATURE SCREEN,28,4.666666666666667,18.48,85,11,33.0,84.0,Healthy,0.0
84732D,CUTE RABBIT CEATURE SCREEN ,15,2.5,10.89,127,4,18.0,28.0,Overstock,0.0
84741C,CITRUS GARLAND FELT FLOWERS ,180,3.75,351.0,287,6,26.0,48.0,Overstock,0.0
84743C,ORANGE FELT VASE + FLOWERS,9,1.8,11.25,241,11,13.0,33.0,Overstock,0.0
84745A,PINK HANGING GINGHAM EASTER HEN,72,4.235294117647059,30.240000000000002,37,4,30.0,47.0,Reorder,10.0
84745B,BLUE HANGING GINGHAM EASTER HEN,83,4.611111111111111,34.86,109,12,32.0,87.0,Healthy,0.0
84750A,PINK SMALL GLASS CAKE STAND,447,9.122448979591837,814.05,200,13,64.0,183.0,Healthy,0.0
84750B,BLACK SMALL GLASS CAKE STAND,564,10.254545454545454,956.64,274,3,72.0,103.0,Overstock,0.0
84751B,BLACK MEDIUM GLASS CAKE STAND,38,1.9,115.86,272,12,13.0,36.0,Overstock,0.0
84753A,PINK EAU DE COLOGNE BOTTLE,85,5.666666666666667,72.25,276,10,40.0,97.0,Overstock,0.0
84760L,LARGE HANGING GLASS+ZINC LANTERN,560,560.0,896.0,106,11,3920.0,10080.0,Reorder,9974.0
84760S,SMALL HANGING GLASS+ZINC LANTERN,197,7.88,285.65,109,9,55.0,126.0,Reorder,17.0
84762A,WHITE PICNIC BARBECUE BUCKET,54,2.25,474.9,256,10,16.0,38.0,Overstock,0.0
84762B,PINK PICNIC BARBECUE BUCKET,82,3.9047619047619047,574.3000000000001,89,6,27.0,50.0,Healthy,0.0
84762C,GREEN PICNIC BARBECUE BUCKET,78,4.333333333333333,531.3,63,6,30.0,56.0,Healthy,0.0
84782A,PINK 3 TIER GLASS PLATE STAND,119,4.576923076923077,840.45,219,4,32.0,50.0,Overstock,0.0
84782B,BLACK 3 TIER GLASS PLATE STAND,10,1.6666666666666667,127.5,171,10,12.0,29.0,Overstock,0.0
84782C,GREEN 3 TIER GLASS PLATE STAND,74,4.111111111111111,509.9,105,13,29.0,82.0,Healthy,0.0
84795A,PASTEL STRIPE HAMMOCK ,194,3.4035087719298245,1458.3000000000002,38,4,24.0,38.0,Healthy,0.0
84795B,SUNSET CHECK HAMMOCK,283,3.4096385542168677,2135.85,120,11,24.0,62.0,Healthy,0.0
84795C,OCEAN STRIPE HAMMOCK ,294,2.7735849056603774,2253.3,114,6,19.0,36.0,Overstock,0.0
84795D,SEASIDE STRIPE HAMMOCK,179,2.452054794520548,1387.05,273,3,17.0,24.0,Overstock,0.0
84795E,RIO PINK STRIPE HAMMOCK,10,1.6666666666666667,79.5,49,6,12.0,22.0,Overstock,0.0
84796A,PINK HAWAIIAN PICNIC HAMPER FOR 2,150,6.0,856.5,268,5,42.0,72.0,Overstock,0.0
84796B,BLUE SAVANNAH PICNIC HAMPER FOR 2,230,7.1875,1645.3,52,14,50.0,151.0,Reorder,99.0
84797A,PINK HAWAIIAN PICNIC HAMPER FOR 4,349,13.96,1883.5500000000002,248,8,98.0,210.0,Healthy,0.0
84797B,BLUE SAVANNAH PICNIC HAMPER FOR 4,310,12.916666666666666,1654.5,31,9,90.0,206.0,Reorder,175.0
84798A,PINK FOXGLOVE ARTIIFCIAL FLOWER,186,20.666666666666668,409.50000000000006,137,10,145.0,352.0,Reorder,215.0
84798B,PURPLE FOXGLOVE ARTIIFCIAL FLOWER,322,35.77777777777778,482.70000000000005,174,4,250.0,393.0,Reorder,219.0
84798C,WHITE FOXGLOVE ARTIIFCIAL FLOWER,16,5.333333333333333,40.8,265,8,37.0,80.0,Overstock,0.0
84800L,LARGE WHITE/PINK ROSE ART FLOWER,647,17.486486486486488,964.4300000000001,266,8,122.0,262.0,Healthy,0.0
84800M,MEDIUM WHITE/PINK ROSE ART FLOWER,249,9.576923076923077,355.53000000000003,48,12,67.0,182.0,Reorder,134.0
84800S,SMALL WHITE/PINK ROSE ART FLOWER,388,20.42105263157895,292.04,180,14,143.0,429.0,Reorder,249.0
84801A,PINK HYDRANGEA ART FLOWER,272,18.133333333333333,427.44000000000005,254,7,127.0,254.0,Healthy,0.0
84801B,WHITE HYDRANGEA ART FLOWER,202,12.625,319.8,209,12,88.0,240.0,Reorder,31.0
84802A,WHITE ANEMONE ARTIFICIAL FLOWER,171,8.142857142857142,288.99,136,12,57.0,155.0,Reorder,19.0
84802B,PURPLE ANEMONE ARTIFICIAL FLOWER,405,25.3125,379.65000000000003,290,9,177.0,405.0,Reorder,115.0
84803A,PINK ALLIUM  ARTIFICIAL FLOWER,109,6.8125,184.21,277,5,48.0,82.0,Overstock,0.0
84803B,WHITE ALLIUM  ARTIFICIAL FLOWER,40,4.0,67.6,199,6,28.0,52.0,Overstock,0.0
84804A,CREAM DELPHINIUM ARTIFICIAL FLOWER,215,12.647058823529411,387.53000000000003,191,12,89.0,241.0,Reorder,50.0
84804B,BLUE DELPHINIUM ARTIFICIAL FLOWER,355,17.75,501.9700000000001,293,11,124.0,319.0,Reorder,26.0
84805A,CREAM CLIMBING HYDRANGA ART FLOWER,145,20.714285714285715,205.35,278,6,145.0,269.0,Healthy,0.0
84805B,BLUE CLIMBING HYDRANGA ART FLOWER,339,42.375,547.6500000000001,154,5,297.0,509.0,Reorder,355.0
84806A,PINK CANDYSTUFT ARTIFICIAL FLOWER,319,15.95,261.90999999999997,190,4,112.0,176.0,Healthy,0.0
84806B,WHITE CANDYSTUFT ARTIFICIAL FLOWER,433,14.433333333333334,543.37,229,7,101.0,202.0,Healthy,0.0
84809A,WHITE CHRYSANTHEMUMS ART FLOWER,259,14.38888888888889,439.14,255,6,101.0,187.0,Healthy,0.0
84809B,PINK CHRYSANTHEMUMS ART FLOWER,296,37.0,351.6,205,10,259.0,629.0,Reorder,424.0
84814A,HEXAGONAL CRYSTAL PERFUME BOTTLE,1,1.0,1.95,114,9,7.0,16.0,Overstock,0.0
84814B,RHOMBUS CRYSTAL PERFUME BOTTLE,6,3.0,11.7,30,8,21.0,45.0,Reorder,15.0
84845A,HOLLYHOCK SQUARE HANDY TIN,1,1.0,1.25,87,13,7.0,20.0,Overstock,0.0
84845C,CARNATION SQUARE HANDY TIN,42,3.0,52.5,229,14,21.0,63.0,Overstock,0.0
84845D,GERANIUM SQUARE HANDY TIN,41,3.727272727272727,51.25,215,4,26.0,41.0,Overstock,0.0
84846A,SCENTED CANDLE IN DIGITALIS TIN,232,5.523809523809524,487.20000000000005,117,5,39.0,67.0,Healthy,0.0
84849A,HELLO SAILOR BLUE SOAP HOLDER,430,6.231884057971015,700.78,112,12,44.0,119.0,Reorder,7.0
84849B,FAIRY SOAP SOAP HOLDER,1819,8.013215859030836,2932.99,41,11,56.0,144.0,Reorder,103.0
84849D,HOT BATHS SOAP HOLDER,1518,6.657894736842105,2484.78,191,11,47.0,120.0,Healthy,0.0
84856L,LARGE TAHITI BEACH BAG,211,3.8363636363636364,1177.45,153,7,27.0,54.0,Overstock,0.0
84856S,SMALL TAHITI BEACH BAG,457,15.758620689655173,1802.49,44,5,110.0,189.0,Reorder,145.0
84857A,SILVER MONTE CARLO HANDBAG,8,2.6666666666666665,68.0,204,4,19.0,30.0,Overstock,0.0
84857B,BLUE MONTE CARLO HANDBAG,24,24.0,46.8,104,10,168.0,408.0,Reorder,304.0
84857C,PINK MONTE CARLO HANDBAG,193,13.785714285714286,402.54999999999995,74,8,96.0,206.0,Reorder,132.0
84858A,NATURAL RIVIERA HANDBAG,52,7.428571428571429,116.7,270,12,52.0,141.0,Healthy,0.0
84858B,BLUE RIVIERA HANDBAG,326,36.22222222222222,431.0,163,13,254.0,725.0,Reorder,562.0
84858C,PINK RIVIERA HANDBAG,344,12.74074074074074,575.7,186,14,89.0,267.0,Reorder,81.0
84859A,SILVER DISCO HANDBAG,284,5.461538461538462,560.76,243,9,38.0,87.0,Overstock,0.0
84859B,BLUE DISCO HANDBAG,279,18.6,417.43,239,3,130.0,186.0,Healthy,0.0
84859C,PINK DISCO HANDBAG,302,7.947368421052632,542.64,198,3,56.0,80.0,Overstock,0.0
84864A,PINK PAISLEY PHOTO ALBUM,4,1.3333333333333333,27.0,138,12,9.0,25.0,Overstock,0.0
84867A,PINK BABY GIRLS PHOTO ALBUM,15,5.0,92.25,284,4,35.0,55.0,Overstock,0.0
84868A,PINK BABY GIRL'S MEMORY BOX,2,1.0,13.9,169,12,7.0,19.0,Overstock,0.0
84868B,BLUE BABY BOY'S MEMORY BOX,5,1.25,34.75,234,5,9.0,15.0,Overstock,0.0
84870B,BLUE GEISHA GIRL ,54,2.347826086956522,202.5,216,14,16.0,49.0,Overstock,0.0
84870C,GREEN GEISHA GIRL ,54,2.5714285714285716,202.5,61,3,18.0,26.0,Overstock,0.0
84872A,TEATIME FUNKY FLOWER BACKPACK FOR 2,7,1.1666666666666667,118.65,72,7,8.0,16.0,Overstock,0.0
84873A,FUNKY FLOWER PICNIC BAG FOR 4,6,1.2,101.69999999999999,270,5,8.0,14.0,Overstock,0.0
84874B,BLUE TRAVEL FIRST AID KIT,78,2.689655172413793,128.7,290,3,19.0,27.0,Overstock,0.0
84875A,PINK SQUARE COMPACT MIRROR,15,1.3636363636363635,56.25,142,10,10.0,24.0,Overstock,0.0
84875B,GREEN SQUARE COMPACT MIRROR,367,10.485714285714286,476.25,285,14,73.0,220.0,Healthy,0.0
84875D,BLUE SQUARE COMPACT MIRROR,371,10.027027027027026,483.75,48,13,70.0,200.0,Reorder,152.0
84876B,GREEN HEART COMPACT MIRROR,327,11.678571428571429,423.75,54,8,82.0,175.0,Reorder,121.0
84876C,SILVER HEART COMPACT MIRROR,7,1.75,26.25,25,11,12.0,31.0,Reorder,6.0
84876D,BLUE HEART COMPACT MIRROR,324,11.571428571428571,547.5,130,5,81.0,139.0,Reorder,9.0
84877A,PINK ROUND COMPACT MIRROR,46,3.2857142857142856,142.5,96,11,23.0,59.0,Healthy,0.0
84877B,GREEN ROUND COMPACT MIRROR,227,15.133333333333333,296.25,166,11,106.0,272.0,Reorder,106.0
84877D,BLUE ROUND COMPACT MIRROR,101,6.733333333333333,173.75,86,14,47.0,141.0,Reorder,55.0
84884A,ANT WHITE WIRE HEART SPIRAL,1654,6.148698884758364,5817.66,27,14,43.0,129.0,Reorder,102.0
84891B,GREEN WIRE GOBLET CANDLEHOLDER,7,1.4,55.65,141,3,10.0,14.0,Overstock,0.0
84898F,YELLOW FLOWERS FELT HANDBAG KIT,154,3.276595744680851,323.40000000000003,194,5,23.0,39.0,Overstock,0.0
84899E,YELLOW + BROWN BEAR FELT PURSE KIT,35,3.1818181818181817,43.75,198,8,22.0,47.0,Overstock,0.0
84899E,YELLOW BROWN BEAR FELT PURSE KIT,11,3.6666666666666665,13.75,104,10,26.0,63.0,Healthy,0.0
84899F,YELLOW PURPLE DAISY FELT PURSE KIT,86,3.739130434782609,107.5,64,6,26.0,48.0,Healthy,0.0
84908A,PINK 5 PATCH FLOWER CUSHION COVER ,387,55.285714285714285,769.65,155,7,387.0,774.0,Reorder,619.0
84908B,BLUE 5 PATCH FLOWER CUSHION COVER,385,77.0,755.75,35,11,539.0,1386.0,Reorder,1351.0
84909A,PINK PAISLEY QUILT ,208,7.172413793103448,2784.8,214,8,50.0,107.0,Healthy,0.0
84910A,PINK PAISLEY CUSHION COVER ,412,10.3,1058.2,28,14,72.0,216.0,Reorder,188.0
84912A,PINK ROSE WASHBAG,891,9.091836734693878,2291.25,34,9,64.0,146.0,Reorder,112.0
84912B,GREEN ROSE WASHBAG,870,10.116279069767442,2212.5,121,9,71.0,162.0,Reorder,41.0
84913A,SOFT PINK ROSE TOWEL ,110,3.4375,511.50000000000006,245,6,24.0,45.0,Overstock,0.0
84913B,MINT GREEN ROSE TOWEL,104,3.466666666666667,483.6,297,6,24.0,45.0,Overstock,0.0
84914A,PINK ROSE PICNIC RUG,3,1.5,77.85,132,6,10.0,19.0,Overstock,0.0
84924A,WAKE UP COCKEREL CALENDAR SIGN ,117,2.5434782608695654,449.88,20,13,18.0,51.0,Reorder,31.0
84924D,LA PALMIERA METAL SIGN CALENDAR,760,63.333333333333336,246.0,285,7,443.0,886.0,Reorder,601.0
84924F,PSYCHEDELIC METAL SIGN CALENDAR,973,121.625,259.15,227,7,851.0,1702.0,Reorder,1475.0
84925A,WAKE UP COCKEREL WALL THERMOMETER,177,11.8,328.95,129,10,83.0,201.0,Reorder,72.0
84925C,FAIRY CAKES  WALL THERMOMETER,28,2.8,71.39999999999999,219,11,20.0,51.0,Overstock,0.0
84925D,LA PALMIERA WALL THERMOMETER,452,17.384615384615383,677.45,31,4,122.0,192.0,Reorder,161.0
84925E,FLOWERS WALL THERMOMETER,75,25.0,130.04999999999998,207,13,175.0,500.0,Reorder,293.0
84925F,PSYCHEDELIC WALL THERMOMETER,711,22.93548387096774,857.9300000000001,173,9,161.0,367.0,Reorder,194.0
84926A,WAKE UP COCKEREL TILE COASTER,651,15.5,265.59,298,3,108.0,154.0,Healthy,0.0
84926B,SCOTTS ROSES TILE COASTER,54,5.4,67.5,190,3,38.0,54.0,Overstock,0.0
84926C,FAIRY CAKES TILE COASTER,125,6.578947368421052,156.25,153,6,46.0,85.0,Healthy,0.0
84926D,LA PALMIERA TILE COASTER,762,19.53846153846154,337.89,44,12,137.0,371.0,Reorder,327.0
84926E,FLOWERS TILE COASTER,1077,22.4375,461.63,37,9,157.0,359.0,Reorder,322.0
84926F,PSYCHEDELIC TILE COASTER,465,15.5,230.5,209,4,108.0,170.0,Healthy,0.0
84927A,WAKE UP COCKEREL TILE HOOK,218,8.72,124.17,160,13,61.0,174.0,Reorder,14.0
84927D,LA PALMIERA TILE HOOK,949,39.541666666666664,194.61,62,4,277.0,435.0,Reorder,373.0
84927E,FLOWERS TILE HOOK,489,19.56,203.34,165,3,137.0,196.0,Reorder,31.0
84927F,PSYCHEDELIC TILE HOOK,324,6.113207547169812,227.25,111,12,43.0,116.0,Reorder,5.0
84931A,PINK SCOTTIE DOG W FLOWER PATTERN,146,3.106382978723404,369.59999999999997,198,4,22.0,34.0,Overstock,0.0
84931B,BLUE SCOTTIE DOG W FLOWER PATTERN,219,4.211538461538462,553.05,75,9,29.0,67.0,Healthy,0.0
84932A,SMALL GREEN PEONY FOLDING STOOL,262,10.916666666666666,602.6,174,11,76.0,196.0,Reorder,22.0
84932B,SMALL PINK PEONY FOLDING STOOL,189,11.117647058823529,401.3,179,8,78.0,167.0,Healthy,0.0
84932C,SMALL ORIENTAL BLUE FOLDING STOOL,282,8.294117647058824,615.4,130,12,58.0,158.0,Reorder,28.0
84932D,SMALL ORIENTAL RED FOLDING STOOL,237,12.473684210526315,540.75,156,4,87.0,137.0,Healthy,0.0
84933A,LARGE GREEN PEONY FOLDING STOOL,131,21.833333333333332,314.35,251,14,153.0,459.0,Reorder,208.0
84933B,LARGE PINK PEONY FOLDING STOOL,136,22.666666666666668,309.15000000000003,239,12,159.0,431.0,Reorder,192.0
84933C,LARGE BLUE ORIENTAL FOLDING STOOL,136,22.666666666666668,317.0,87,12,159.0,431.0,Reorder,344.0
84951A,S/4 PISTACHIO LOVEBIRD COASTERS,68,13.6,95.39999999999999,268,11,95.0,245.0,Healthy,0.0
84951A,SET OF 4 PISTACHIO LOVEBIRD COASTER,393,9.585365853658537,393.32,25,9,67.0,153.0,Reorder,128.0
84951B,S/4 BLACK LOVEBIRD COASTERS,10,3.3333333333333335,25.499999999999996,299,13,23.0,66.0,Overstock,0.0
84951B,SET OF 4 BLACK LOVEBIRD COASTERS,356,9.368421052631579,374.54,113,3,66.0,94.0,Healthy,0.0
84952A,CLEAR LOVE BIRD T-LIGHT HOLDER,84,6.0,249.11,288,14,42.0,126.0,Overstock,0.0
84952B,BLACK LOVE BIRD T-LIGHT HOLDER,311,14.80952380952381,485.36,216,11,104.0,267.0,Reorder,51.0
84952C,MIRROR LOVE BIRD T-LIGHT HOLDER,343,13.72,601.65,44,4,96.0,151.0,Reorder,107.0
84963A,PINK PAINTED KASHMIRI CHAIR,22,2.75,713.4000000000001,167,6,19.0,36.0,Overstock,0.0
84963B,BLUE PAINTED KASHMIRI CHAIR,18,3.0,591.5,137,11,21.0,54.0,Overstock,0.0
84964A,PINK PAINTED KASHMIRI TABLE,11,5.5,630.0,85,6,38.0,71.0,Healthy,0.0
84964B,BLUE PAINTED KASHMIRI TABLE ,17,8.5,990.0,194,5,60.0,102.0,Healthy,0.0
84965A,PINK KASHMIRI COFFEE TABLE ,20,6.666666666666667,1050.0,95,3,47.0,67.0,Healthy,0.0
84965B,BLUE KASHMIRI COFFEE TABLE ,27,6.75,1359.95,133,9,47.0,108.0,Healthy,0.0
84966A,PINK KASHMIRI BOXED MIRROR,12,4.0,176.0,130,8,28.0,60.0,Overstock,0.0
84966B,BLUE KASHMIRI BOXED MIRROR,33,8.25,428.0,268,12,58.0,157.0,Healthy,0.0
84966C,GREEN KASHMIRI BOXED MIRROR,23,11.5,276.0,222,6,80.0,149.0,Healthy,0.0
84967A,PINK KASHMIRI OCCASIONAL TABLE,2,1.0,94.95,166,8,7.0,15.0,Overstock,0.0
84967B,BLUE KASHMIRI OCCASIONAL TABLE,23,2.3,1169.5,54,8,16.0,34.0,Healthy,0.0
84967C,GREEN KASHMIRI OCCASIONAL TABLE,9,2.25,419.85,45,6,16.0,30.0,Healthy,0.0
84968A,S/16 VINTAGE ROSE CUTLERY,133,2.7708333333333335,1652.55,257,8,19.0,41.0,Overstock,0.0
84968A,SET OF 16 VINTAGE ROSE CUTLERY,218,3.1594202898550723,2649.8999999999996,33,12,22.0,60.0,Reorder,27.0
84968B,S/16 VINTAGE IVORY CUTLERY,276,3.6315789473684212,3420.0,64,13,25.0,72.0,Reorder,8.0
84968B,SET OF 16 VINTAGE IVORY CUTLERY,4,1.0,51.0,235,10,7.0,17.0,Overstock,0.0
84968C,S/16 VINTAGE PISTACHIO CUTLERY,215,7.166666666666667,2482.0499999999997,252,5,50.0,86.0,Overstock,0.0
84968C,SET OF 16 VINTAGE PISTACHIO CUTLERY,139,2.074626865671642,1772.25,212,6,15.0,27.0,Overstock,0.0
84968D,S/16 VINTAGE RED CUTLERY,253,14.882352941176471,2836.95,70,12,104.0,283.0,Reorder,213.0
84968D,SET OF 16 VINTAGE RED CUTLERY,88,2.0952380952380953,1146.42,233,14,15.0,44.0,Overstock,0.0
84968E,S/16 VINTAGE BLACK CUTLERY,199,7.37037037037037,2278.0499999999997,170,3,52.0,74.0,Overstock,0.0
84968E,SET OF 16 VINTAGE BLACK CUTLERY,116,3.3142857142857145,1404.81,294,6,23.0,43.0,Overstock,0.0
84968F,S/16 VINTAGE SKY BLUE CUTLERY,49,1.8846153846153846,624.75,95,13,13.0,38.0,Overstock,0.0
84968F,SET OF 16 VINTAGE SKY BLUE CUTLERY,106,2.717948717948718,1308.3,239,12,19.0,52.0,Overstock,0.0
84970L,SINGLE HEART ZINC T-LIGHT HOLDER,16445,19.86111111111111,15241.509999999998,206,12,139.0,377.0,Reorder,171.0
84970S,HANGING HEART ZINC T-LIGHT HOLDER,25389,22.077391304347827,19821.96,47,14,155.0,464.0,Reorder,417.0
84971L,LARGE HEART FLOWERS HOOK   ,568,12.909090909090908,680.36,199,11,90.0,232.0,Reorder,33.0
84971S,SMALL HEART FLOWERS HOOK ,6206,18.69277108433735,5053.259999999999,272,10,131.0,318.0,Reorder,46.0
84972L,GIANT PINK HEART MEMO HOLDER,112,2.5454545454545454,442.40000000000003,145,13,18.0,51.0,Overstock,0.0
84984A,GREEN PEONY CUSHION COVER,255,21.25,403.75,196,6,149.0,276.0,Reorder,80.0
84984A,GREEN PEONY DES C/COVER,10,2.5,46.5,56,14,18.0,53.0,Healthy,0.0
84984B,RED PEONY CUSHION COVER ,309,30.9,480.85,118,9,216.0,494.0,Reorder,376.0
84984B,RED PEONY DES C/COVER ,13,2.1666666666666665,60.45,117,12,15.0,41.0,Overstock,0.0
84984C,ORIENTAL BLUE C/COVER ,9,1.8,41.85,146,5,13.0,22.0,Overstock,0.0
84984C,ORIENTAL BLUE CUSHION COVER ,218,31.142857142857142,299.7,187,11,218.0,561.0,Reorder,374.0
84984D,ORIENTAL RED C/COVER ,20,4.0,88.2,99,12,28.0,76.0,Healthy,0.0
84984D,ORIENTAL RED CUSHION COVER ,132,13.2,239.8,145,6,92.0,171.0,Reorder,26.0
84985A,SET OF 72 GREEN PAPER DOILIES,578,4.776859504132231,838.0999999999999,169,4,33.0,52.0,Overstock,0.0
84985B,SET OF 72 BLACK PAPER DOILIES ,122,6.421052631578948,176.89999999999998,35,12,45.0,122.0,Reorder,87.0
84986B,SET OF 36 SILVER PAPER DOILIES,415,6.102941176470588,601.75,47,7,43.0,86.0,Reorder,39.0
84989A,75 GREEN FAIRY CAKE CASES,2066,16.661290322580644,1027.1000000000001,192,4,117.0,184.0,Healthy,0.0
84989B,75 BLACK FAIRY CAKE CASES,985,21.41304347826087,479.35,65,12,150.0,407.0,Reorder,342.0
84993A,75 GREEN PETIT FOUR CASES,1343,10.5748031496063,564.06,255,8,74.0,159.0,Healthy,0.0
84993B,75 BLACK PETIT FOUR CASES,521,6.766233766233766,218.82,233,13,47.0,135.0,Healthy,0.0
84997A,CHILDRENS CUTLERY POLKADOT GREEN ,1688,10.168674698795181,6599.06,104,12,71.0,193.0,Reorder,89.0
84997A,GREEN 3 PIECE MINI DOTS CUTLERY SET,1886,8.271929824561404,6762.54,251,3,58.0,83.0,Overstock,0.0
84997A,GREEN 3 PIECE POLKADOT CUTLERY SET,1519,9.863636363636363,5473.05,104,8,69.0,148.0,Reorder,44.0
84997B,CHILDRENS CUTLERY RETROSPOT RED ,2492,10.741379310344827,9603.68,84,6,75.0,139.0,Reorder,55.0
84997B,RED 3 PIECE MINI DOTS CUTLERY SET,4051,8.693133047210301,14609.91,153,5,61.0,104.0,Healthy,0.0
84997B,RED 3 PIECE RETROSPOT CUTLERY SET,2362,9.601626016260163,8574.54,170,4,67.0,105.0,Healthy,0.0
84997C,BLUE 3 PIECE MINI DOTS CUTLERY SET,3820,8.488888888888889,13805.16,134,9,59.0,135.0,Reorder,1.0
84997C,BLUE 3 PIECE POLKADOT CUTLERY SET,2188,9.431034482758621,7889.360000000001,83,11,66.0,170.0,Reorder,87.0
84997C,CHILDRENS CUTLERY POLKADOT BLUE,2523,11.957345971563981,9827.25,177,14,84.0,251.0,Reorder,74.0
84997D,CHILDRENS CUTLERY POLKADOT PINK,3528,10.822085889570552,13788.300000000001,96,5,76.0,130.0,Reorder,34.0
84997D,PINK 3 PIECE MINI DOTS CUTLERY SET,4198,9.900943396226415,15067.14,165,8,69.0,148.0,Healthy,0.0
84997D,PINK 3 PIECE POLKADOT CUTLERY SET,2558,9.914728682170542,9227.380000000001,244,11,69.0,178.0,Healthy,0.0
85014A,BLACK/BLUE DOTS RUFFLED UMBRELLA,2944,10.329824561403509,12089.2,122,4,72.0,113.0,Healthy,0.0
85014A,BLACK/BLUE POLKADOT UMBRELLA,1622,4.543417366946779,9085.49,107,9,32.0,73.0,Healthy,0.0
85014B,RED RETROSPOT UMBRELLA,2613,6.206650831353919,14439.12,187,7,43.0,86.0,Overstock,0.0
85014B,RED/WHITE DOTS RUFFLED UMBRELLA,3405,9.128686327077748,14796.150000000001,189,7,64.0,128.0,Healthy,0.0
85014C,BLUE/BROWN DOTS RUFFLED UMBRELLA,539,8.292307692307693,2167.85,154,13,58.0,166.0,Reorder,12.0
85014D,PINK/BROWN DOTS RUFFLED UMBRELLA,1912,22.232558139534884,6607.6,69,9,156.0,356.0,Reorder,287.0
85017A,ENVELOPE 50 ROMANTIC IMAGES,924,17.11111111111111,599.64,153,11,120.0,308.0,Reorder,155.0
85017B,ENVELOPE 50 BLOSSOM IMAGES,1859,15.621848739495798,1080.99,156,6,109.0,203.0,Reorder,47.0
85017C,ENVELOPE 50 CURIOUS IMAGES,931,16.051724137931036,590.11,264,11,112.0,289.0,Reorder,25.0
85018A,S/6 PAPER BOXES ROMANTIC IMAGES,15,1.5,63.75,128,13,10.0,30.0,Overstock,0.0
85018B,S/6 PAPER BOXES BLOSSOM IMAGES ,15,1.5,63.75,40,12,10.0,28.0,Healthy,0.0
85018C,S/6 PAPER BOXES CURIOUS IMAGES ,36,9.0,127.2,109,11,63.0,162.0,Reorder,53.0
85018D,YULETIDE IMAGES S/6 PAPER BOXES,762,12.095238095238095,901.5,131,6,85.0,158.0,Reorder,27.0
85019A,ROMANTIC IMAGES NOTEBOOK SET,639,15.585365853658537,876.75,96,5,109.0,187.0,Reorder,91.0
85019B,BLOSSOM  IMAGES NOTEBOOK SET,704,19.555555555555557,940.0,196,4,137.0,215.0,Reorder,19.0
85019C,CURIOUS  IMAGES NOTEBOOK SET,421,18.304347826086957,634.25,167,11,128.0,329.0,Reorder,162.0
85023A,CRYSTAL LARGE JEWELLED PHOTO FRAME,22,2.2,56.099999999999994,120,14,15.0,46.0,Overstock,0.0
85023B,EAU DE NILE JEWELLED PHOTOFRAME,292,7.891891891891892,679.8,265,4,55.0,87.0,Overstock,0.0
85023C,PINK LARGE JEWELED PHOTOFRAME,23,1.9166666666666667,58.65,136,8,13.0,28.0,Overstock,0.0
85024A,CRYSTAL SMALL JEWELLED PHOTOFRAME,1,1.0,1.65,111,7,7.0,14.0,Overstock,0.0
85024B,EAU DE NILE JEWELLED PHOTOFRAME,218,10.380952380952381,330.9,47,7,73.0,146.0,Reorder,99.0
85024C,PINK SMALL JEWELLED PHOTOFRAME,99,2.2,163.35,44,6,15.0,28.0,Healthy,0.0
85025B,EAU DE NILE HEART SHAPE PHOTO FRAME,525,7.720588235294118,837.4499999999999,77,8,54.0,116.0,Reorder,39.0
85025C,PINK HEART SHAPE PHOTO FRAME,642,6.903225806451613,1029.1,153,7,48.0,96.0,Healthy,0.0
85026B,EAU DE NILE JEWELLED T-LIGHT HOLDER,161,8.05,136.85,268,13,56.0,161.0,Healthy,0.0
85027L,FRENCH CHATEAU LARGE PLATTER ,190,4.75,538.5,57,6,33.0,62.0,Reorder,5.0
85028L,FRENCH CHATEAU LARGE FRUIT BOWL ,269,10.76,621.75,94,11,75.0,193.0,Reorder,99.0
85028S,FRENCH CHATEAU SMALL FRUITBOWL,429,13.0,646.65,161,8,91.0,195.0,Reorder,34.0
85031A,ROMANTIC IMAGES SCRAP BOOK SET,386,10.157894736842104,634.2,187,13,71.0,203.0,Reorder,16.0
85031B,BLOSSOM IMAGES SCRAP BOOK SET,408,15.692307692307692,598.8,278,12,110.0,298.0,Reorder,20.0
85031C,CURIOUS IMAGES SCRAP BOOK SET,343,12.25,543.45,244,12,86.0,233.0,Healthy,0.0
85032A,ROMANTIC IMAGES GIFT WRAP SET,1383,11.720338983050848,1200.5500000000002,171,12,82.0,223.0,Reorder,52.0
85032B,BLOSSOM IMAGES GIFT WRAP SET,929,8.764150943396226,846.0000000000001,38,5,61.0,105.0,Reorder,67.0
85032C,CURIOUS IMAGES GIFT WRAP SET,793,7.851485148514851,772.1,165,12,55.0,149.0,Healthy,0.0
85032D,YULETIDE IMAGES GIFT WRAP SET,1008,11.076923076923077,1063.06,260,8,78.0,167.0,Healthy,0.0
85033G,SET/6 GOLD REINDEER T-LIGHT CANDLES,201,11.166666666666666,225.55,256,3,78.0,112.0,Overstock,0.0
85033S,SET/6 SILVER REINDEER T-LIGHTS,242,6.05,252.2,54,7,42.0,84.0,Reorder,30.0
85034A,3 GARDENIA MORRIS BOXED CANDLES,819,7.0,2145.11,209,12,49.0,133.0,Healthy,0.0
85034B,3 WHITE CHOC MORRIS BOXED CANDLES,1105,9.778761061946902,2232.73,20,8,68.0,146.0,Reorder,126.0
85034C,3 ROSE MORRIS BOXED CANDLES,1237,7.496969696969697,2223.73,172,13,52.0,149.0,Healthy,0.0
85035A,GARDENIA 3 WICK MORRIS BOXED CANDLE,613,3.8797468354430378,2112.17,145,10,27.0,66.0,Overstock,0.0
85035B,CHOCOLATE 3 WICK MORRIS BOX CANDLE,916,9.346938775510203,2242.12,245,13,65.0,187.0,Healthy,0.0
85035C,ROSE 3 WICK MORRIS BOX CANDLE,1302,7.482758620689655,2470.82,240,11,52.0,134.0,Healthy,0.0
85036A,GARDENIA 1 WICK MORRIS BOXED CANDLE,605,3.7577639751552794,2293.17,230,13,26.0,75.0,Overstock,0.0
85036B,CHOCOLATE 1 WICK MORRIS BOX CANDLE,588,7.443037974683544,1498.06,44,5,52.0,89.0,Reorder,45.0
85036C,ROSE 1 WICK MORRIS BOXED CANDLE,862,7.008130081300813,1575.68,35,4,49.0,77.0,Reorder,42.0
85039A,SET/4 RED MINI ROSE CANDLE IN BOWL,1117,12.411111111111111,1095.35,201,6,87.0,161.0,Healthy,0.0
85039B,S/4 IVORY MINI ROSE CANDLE IN BOWL,1255,11.205357142857142,1488.4299999999998,148,10,78.0,190.0,Reorder,42.0
85039C,S/4 BLACK MINI ROSE CANDLE IN BOWL,413,10.58974358974359,267.96999999999997,61,13,74.0,212.0,Reorder,151.0
85040A,S/4 PINK FLOWER CANDLES IN BOWL,1905,5.7902735562310035,3131.0899999999997,255,10,41.0,99.0,Overstock,0.0
85040B,SET/4 BLUE FLOWER CANDLES IN BOWL,2415,10.189873417721518,3703.9499999999994,53,5,71.0,122.0,Reorder,69.0
85049A,TRADITIONAL CHRISTMAS RIBBONS,5802,10.090434782608696,7171.83,64,6,71.0,132.0,Reorder,68.0
85049B,LUSH GREENS RIBBONS,2092,6.5579937304075235,2585.36,153,5,46.0,79.0,Healthy,0.0
85049C,ROMANTIC PINKS RIBBONS ,2927,6.254273504273504,3630.32,40,12,44.0,119.0,Reorder,79.0
85049D,BRIGHT BLUES RIBBONS ,2283,6.0237467018469655,2826.39,141,4,42.0,66.0,Overstock,0.0
85049E,SCANDINAVIAN REDS RIBBONS,5933,8.487839771101573,7427.4800000000005,89,6,59.0,110.0,Reorder,21.0
85049F,BABY BOOM RIBBONS ,2074,6.913333333333333,2565.14,67,8,48.0,103.0,Reorder,36.0
85049G,CHOCOLATE BOX RIBBONS ,3761,7.95137420718816,4570.5,58,13,56.0,159.0,Reorder,101.0
85049H,URBAN BLACK RIBBONS ,1627,7.602803738317757,1653.3,29,13,53.0,152.0,Reorder,123.0
85061W,WHITE JEWELLED HEART DECORATION,5858,17.02906976744186,4714.5199999999995,49,7,119.0,238.0,Reorder,189.0
85071A,BLUE CHARLIE+LOLA PERSONAL DOORSIGN,1839,14.595238095238095,1336.41,263,5,102.0,175.0,Healthy,0.0
85071B,RED CHARLIE+LOLA PERSONAL DOORSIGN,2291,16.24822695035461,1226.5700000000002,293,4,114.0,179.0,Healthy,0.0
85071C,"CHARLIE+LOLA""EXTREMELY BUSY"" SIGN",1197,12.090909090909092,669.82,107,11,85.0,218.0,Reorder,111.0
85071D,CHARLIE+LOLA MY ROOM DOOR SIGN,838,9.415730337078651,482.34,263,3,66.0,94.0,Overstock,0.0
85086A,CANDY SPOT HEART DECORATION,396,7.92,336.59999999999997,34,11,55.0,142.0,Reorder,108.0
85097B,BLUE ROCKING SINGING CANARY,101,2.72972972972973,378.75,23,3,19.0,27.0,Reorder,4.0
85098B,BLUE FLYING SINGING CANARY,328,3.8588235294117648,1172.4,210,9,27.0,62.0,Overstock,0.0
85099B,JUMBO BAG RED RETROSPOT,74224,28.10450586898902,134307.44,187,8,197.0,422.0,Reorder,235.0
85099B,JUMBO BAG RED WHITE SPOTTY ,13879,29.467091295116774,24323.85,28,9,206.0,471.0,Reorder,443.0
85099B,RED RETROSPOT JUMBO BAG ,5333,28.983695652173914,9289.35,128,5,203.0,348.0,Reorder,220.0
85099C,JUMBO  BAG BAROQUE BLACK WHITE,28899,19.739754098360656,52188.18,156,5,138.0,237.0,Reorder,81.0
85099F,JUMBO BAG STRAWBERRY,35842,23.50295081967213,64127.77,173,13,165.0,471.0,Reorder,298.0
85114A,BLACK ENCHANTED FOREST PLACEMAT,1179,14.204819277108435,1813.35,228,3,99.0,142.0,Healthy,0.0
85114B,IVORY ENCHANTED FOREST PLACEMAT,1753,11.094936708860759,2756.45,291,6,78.0,145.0,Overstock,0.0
85114C,RED ENCHANTED FOREST PLACEMAT,961,7.28030303030303,1549.6499999999999,162,14,51.0,153.0,Healthy,0.0
85115B,S/4 BLACK DISCO PARTITION PANEL,3,3.0,12.75,118,4,21.0,33.0,Overstock,0.0
85121B,RETRO LAUNDRY TUB PINK,60,2.2222222222222223,510.0,88,12,16.0,43.0,Overstock,0.0
85121C,RETRO LAUNDRY TUB PISTACHIO,85,2.0238095238095237,722.5,266,10,14.0,34.0,Overstock,0.0
85123A,CREAM HANGING HEART T-LIGHT HOLDER,57,8.142857142857142,155.35,280,5,57.0,98.0,Overstock,0.0
85123A,WHITE HANGING HEART T-LIGHT HOLDER,91757,18.29286283891547,247048.01,295,9,128.0,293.0,Healthy,0.0
85124A,PINK JUICY FRUIT PHOTO FRAME,339,4.8428571428571425,843.75,98,9,34.0,78.0,Healthy,0.0
85124B,BLUE JUICY FRUIT PHOTO FRAME,331,3.9404761904761907,827.8499999999999,165,14,28.0,83.0,Healthy,0.0
85124C,GREEN JUICY FRUIT PHOTO FRAME,397,4.092783505154639,979.9499999999999,130,11,29.0,74.0,Healthy,0.0
85129A,"WHITE PEARL BEADED HEART, SMALL",428,6.388059701492537,535.0,277,8,45.0,96.0,Overstock,0.0
85129B,BEADED CRYSTAL HEART GREEN SMALL,210,5.833333333333333,258.08,112,3,41.0,58.0,Healthy,0.0
85129C,BEADED CRYSTAL HEART BLUE SMALL,370,7.551020408163265,463.85,32,10,53.0,129.0,Reorder,97.0
85129D,BEADED CRYSTAL HEART PINK SMALL,655,7.705882352941177,850.35,279,3,54.0,77.0,Overstock,0.0
85130A,BEADED PEARL HEART WHITE LARGE,656,8.631578947368421,1079.9999999999998,128,5,60.0,103.0,Healthy,0.0
85130B,BEADED CRYSTAL HEART GREEN LARGE,875,14.830508474576272,805.05,208,13,104.0,297.0,Reorder,89.0
85130C,BEADED CRYSTAL HEART BLUE  LARGE,650,10.483870967741936,707.86,114,7,73.0,146.0,Reorder,32.0
85130D,BEADED CRYSTAL HEART PINK LARGE,734,8.843373493975903,824.28,124,10,62.0,150.0,Reorder,26.0
85131A,BEADED PEARL HEART WHITE ON STICK,1375,17.628205128205128,1060.43,27,11,123.0,317.0,Reorder,290.0
85131B,BEADED CRYSTAL HEART GREEN ON STICK,330,13.75,210.18,86,9,96.0,220.0,Reorder,134.0
85131C,BEADED CRYSTAL HEART BLUE ON STICK,308,11.407407407407407,207.34,210,11,80.0,205.0,Healthy,0.0
85131D,BEADED CRYSTAL HEART PINK ON STICK,488,20.333333333333332,270.94,275,13,142.0,406.0,Reorder,131.0
85131D,BEADED CRYSTAL HEART PINK\ON STICK,15,1.875,18.75,28,5,13.0,22.0,Healthy,0.0
85132A,CHARLIE + LOLA BISCUITS TINS,1183,8.047619047619047,3896.65,136,7,56.0,112.0,Healthy,0.0
85132B,CHARLIE AND LOLA TABLE TINS,893,8.93,2573.35,286,12,63.0,170.0,Healthy,0.0
85132C,CHARLIE AND LOLA FIGURES TINS,1919,9.994791666666666,4843.53,118,10,70.0,170.0,Reorder,52.0
85135A,YELLOW DRAGONFLY HELICOPTER,76,1.52,604.2,183,14,11.0,32.0,Overstock,0.0
85135B,BLUE DRAGONFLY HELICOPTER,98,1.2727272727272727,779.1,160,3,9.0,13.0,Overstock,0.0
85135C,RED DRAGONFLY HELICOPTER,103,1.5606060606060606,818.85,287,10,11.0,27.0,Overstock,0.0
85136A,YELLOW SHARK HELICOPTER,89,1.3088235294117647,707.55,56,9,9.0,21.0,Overstock,0.0
85136B,BLUE SHARK HELICOPTER,49,1.2564102564102564,389.55,93,3,9.0,13.0,Overstock,0.0
85136C,RED SHARK HELICOPTER,125,1.5625,993.75,92,12,11.0,30.0,Overstock,0.0
85159A,"BLACK TEA,COFFEE,SUGAR JARS",456,9.5,811.1999999999999,218,14,66.0,199.0,Healthy,0.0
85159B,"WHITE TEA,COFFEE,SUGAR JARS",638,9.382352941176471,1236.1,149,12,66.0,179.0,Reorder,30.0
85160A,WHITE BIRD GARDEN DESIGN MUG,8800,400.0,1323.2,265,14,2800.0,8400.0,Reorder,8135.0
85160B,BLACK BIRD GARDEN DESIGN MUG,6149,198.3548387096774,934.87,79,8,1388.0,2975.0,Reorder,2896.0
85162A,SILVER RETRODISC LAMPSHADE,605,31.842105263157894,1211.75,298,3,223.0,319.0,Reorder,21.0
85162B,BLACK RETRODISC LAMPSHADE,977,75.15384615384616,1905.15,122,4,526.0,827.0,Reorder,705.0
85162C,WHITE RETRODISC LAMPSHADE,898,21.902439024390244,1775.1,170,7,153.0,306.0,Reorder,136.0
85163A,WHITE BAROQUE WALL CLOCK ,79,1.9268292682926829,772.65,176,4,13.0,21.0,Overstock,0.0
85163B,BLACK BAROQUE WALL CLOCK ,68,1.837837837837838,639.6,225,12,13.0,35.0,Overstock,0.0
85164B,BLACK BAROQUE CUCKOO CLOCK,113,2.7560975609756095,1134.75,198,3,19.0,27.0,Overstock,0.0
85166A,WHITE METAL BAROQUE PHOTO FRAME,72,9.0,120.0,216,8,63.0,135.0,Healthy,0.0
85166B,BLACK METAL BAROQUE PHOTO FRAME,501,16.161290322580644,798.75,242,10,113.0,275.0,Reorder,33.0
85167A,WHITE GRAND BAROQUE PHOTO FRAME,174,14.5,379.5,108,10,102.0,247.0,Reorder,139.0
85167B,BLACK GRAND BAROQUE PHOTO FRAME,684,12.90566037735849,1358.4,295,10,90.0,219.0,Healthy,0.0
85168A,WHITE BAROQUE CARRIAGE CLOCK,22,1.4666666666666666,218.89999999999998,255,13,10.0,29.0,Overstock,0.0
85168B,BLACK BAROQUE CARRIAGE CLOCK,37,1.608695652173913,348.66999999999996,202,8,11.0,24.0,Overstock,0.0
85169A,IVORY LOVE BIRD CANDLE,913,9.03960396039604,999.07,228,13,63.0,181.0,Healthy,0.0
85169B,BLACK LOVE BIRD CANDLE,280,6.086956521739131,290.24,149,5,43.0,73.0,Overstock,0.0
85169C,EAU DE NIL LOVE BIRD CANDLE,397,10.447368421052632,429.97,172,3,73.0,104.0,Healthy,0.0
85169D,PINK LOVE BIRD CANDLE,374,8.311111111111112,413.98,32,4,58.0,91.0,Reorder,59.0
85170A,SET/6 IVORY BIRD T-LIGHT CANDLES,799,12.887096774193548,1378.32,141,7,90.0,180.0,Reorder,39.0
85170B,SET/6 BLACK BIRD T-LIGHT CANDLES,237,7.181818181818182,312.78000000000003,239,12,50.0,136.0,Healthy,0.0
85170C,SET/6 EAU DE NIL BIRD T-LIGHTS,428,8.916666666666666,615.83,125,7,62.0,124.0,Healthy,0.0
85170D,SET/6 PINK BIRD T-LIGHT CANDLES,574,7.454545454545454,772.19,89,12,52.0,141.0,Reorder,52.0
85179A,GREEN BITTY LIGHT CHAIN,139,5.346153846153846,281.31,214,3,37.0,53.0,Overstock,0.0
85179B,WHITE BITTY LIGHT CHAIN ,240,6.153846153846154,1000.08,205,3,43.0,61.0,Overstock,0.0
85179C,PINK BITTY LIGHT CHAIN,77,7.7,126.85,118,11,54.0,139.0,Reorder,21.0
85180A,RED HEARTS LIGHT CHAIN ,553,8.253731343283581,1377.53,101,4,58.0,91.0,Healthy,0.0
85180B,PINK HEARTS LIGHT CHAIN ,279,8.205882352941176,726.63,94,9,57.0,131.0,Reorder,37.0
85183A,CHARLIE & LOLA WASTEPAPER BIN BLUE,1497,11.171641791044776,2194.75,211,12,78.0,212.0,Reorder,1.0
85183B,CHARLIE & LOLA WASTEPAPER BIN FLORA,1696,10.941935483870967,2583.5,233,6,77.0,143.0,Healthy,0.0
85184B,SET 4 EASTER DECOUPAGE OVAL BOXES,14,2.0,41.300000000000004,163,9,14.0,32.0,Overstock,0.0
85184C,S/4 VALENTINE DECOUPAGE HEART BOX,1947,9.140845070422536,3675.55,235,10,64.0,155.0,Healthy,0.0
85184C,SET 4 VALENTINE DECOUPAGE HEART BOX,151,3.3555555555555556,441.53000000000003,34,7,23.0,46.0,Reorder,12.0
85184D,S/4 BLUE ROUND DECOUPAGE BOXES,8294,159.5,4445.139999999999,236,14,1116.0,3349.0,Reorder,3113.0
85185B,PINK HORSE SOCK PUPPET,504,3.789473684210526,1455.6000000000001,54,14,27.0,80.0,Reorder,26.0
85185B,PINK HORSE SOCK PUPPET KIT,42,2.625,123.9,202,3,18.0,26.0,Overstock,0.0
85185C,COW  SOCK PUPPET,54,2.0,159.3,289,6,14.0,26.0,Overstock,0.0
85185D,FROG SOCK PUPPET,168,3.7333333333333334,483.6,119,12,26.0,71.0,Healthy,0.0
85185E,DUCK SOCK PUPPET,4,2.0,11.8,26,5,14.0,24.0,Healthy,0.0
85185F,LION SOCK PUPPET,35,1.9444444444444444,103.25000000000001,49,12,14.0,37.0,Healthy,0.0
85186A,EASTER BUNNY GARLAND OF FLOWERS,1302,15.878048780487806,546.84,163,14,111.0,333.0,Reorder,170.0
85186B,BUNNY BUNCH OF FLOWERS,14,7.0,5.88,130,7,49.0,98.0,Healthy,0.0
85186C,BUNNY EGG GARLAND,1179,14.204819277108435,495.18,251,12,99.0,269.0,Reorder,18.0
85188A,GREEN METAL SWINGING BUNNY,904,11.160493827160494,765.28,198,12,78.0,212.0,Reorder,14.0
85188B,PINK METAL SWINGING BUNNY,669,12.622641509433961,568.65,91,8,88.0,189.0,Reorder,98.0
85192S,HANGING SPRING FLOWER HEART SMALL,3,1.5,1.9500000000000002,229,4,10.0,16.0,Overstock,0.0
85194L,HANGING SPRING FLOWER EGG LARGE,1713,15.715596330275229,1399.8899999999999,239,9,110.0,251.0,Reorder,12.0
85194S,HANGING SPRING FLOWER EGG SMALL,1680,17.31958762886598,783.8000000000001,99,5,121.0,208.0,Reorder,109.0
85199L,LARGE HANGING IVORY & RED WOOD BIRD,3303,17.293193717277486,2092.23,102,3,121.0,173.0,Reorder,71.0
85199S,SMALL HANGING IVORY/RED WOOD BIRD,5336,17.61056105610561,2222.99,61,12,123.0,334.0,Reorder,273.0
85205A,IVORY FELT EASTER RABBIT GARLAND,66,2.869565217391304,168.29999999999998,292,5,20.0,34.0,Overstock,0.0
85205B,PINK FELT EASTER RABBIT GARLAND,215,4.886363636363637,548.25,210,11,34.0,88.0,Overstock,0.0
85206A,CREAM FELT EASTER EGG BASKET,2148,7.484320557491289,3436.2,192,12,52.0,142.0,Healthy,0.0
85206B,PINK FELT EASTER EGG BASKET,1474,9.042944785276074,2303.2999999999997,26,13,63.0,181.0,Reorder,155.0
85226A,WHITE/BLUE PULL BACK RACING CAR,1658,13.702479338842975,849.5,174,13,96.0,274.0,Reorder,100.0
85226C,BLUE PULL BACK RACING CAR,952,14.208955223880597,461.2,29,8,99.0,213.0,Reorder,184.0
85230A,OPIUM SCENTED VOTIVE CANDLE,1992,41.5,497.03999999999996,53,13,290.0,830.0,Reorder,777.0
85230B,CINNAMON SCENTED VOTIVE CANDLE,2095,31.742424242424242,553.79,55,8,222.0,476.0,Reorder,421.0
85230C,ROSE SCENTED VOTIVE CANDLE,24,24.0,6.959999999999999,25,6,168.0,312.0,Reorder,287.0
85230D,VANILLA SCENTED VOTIVE CANDLE,24,24.0,6.959999999999999,234,10,168.0,408.0,Reorder,174.0
85230E,STRAWBRY SCENTED VOTIVE CANDLE,2421,37.246153846153845,621.4499999999999,153,7,261.0,522.0,Reorder,369.0
85230F,JASMINE VOTIVE CANDLE,2944,48.26229508196721,725.1199999999999,145,9,338.0,772.0,Reorder,627.0
85230G,ORANGE VOTIVE CANDLE,1680,36.52173913043478,425.75999999999993,193,11,256.0,658.0,Reorder,465.0
85231B,CINAMMON SET OF 9 T-LIGHTS,1868,6.419243986254296,1581.56,171,7,45.0,90.0,Healthy,0.0
85231E,STRAWBERRY SCENTED SET/9 T-LIGHTS,815,8.670212765957446,661.55,45,13,61.0,174.0,Reorder,129.0
85231G,ORANGE SCENTED SET/9 T-LIGHTS,1404,6.622641509433962,1170.0,134,7,46.0,92.0,Healthy,0.0
85231L,LAVENDER SCENTED SET/9 T-LIGHTS,1018,9.883495145631068,810.6999999999999,94,6,69.0,128.0,Reorder,34.0
85232A,SET/3 POLKA DOT STACKING TINS,249,2.895348837209302,1215.75,185,8,20.0,43.0,Overstock,0.0
85232A,SET/3 POLKADOT STACKING TINS,106,2.864864864864865,507.90000000000003,208,4,20.0,31.0,Overstock,0.0
85232B,SET OF 3 BABUSHKA STACKING TINS,1050,7.446808510638298,5085.5,97,5,52.0,89.0,Healthy,0.0
85232B,SET/3 RUSSIAN DOLL STACKING TINS,1866,6.1381578947368425,8864.300000000001,109,3,43.0,61.0,Healthy,0.0
85232C,RUSSIAN FOLKART STACKING TINS,1,1.0,4.95,195,4,7.0,11.0,Overstock,0.0
85232D,SET/3 DECOUPAGE STACKING TINS,633,3.617142857142857,2998.9500000000003,40,4,25.0,39.0,Healthy,0.0
90000A,RASPBERRY ANT COPPER FLOWER NECKLAC,25,1.7857142857142858,148.75,73,10,12.0,30.0,Overstock,0.0
90000B,MIDNIGHT BLUE COPPER FLOWER NECKLAC,14,1.5555555555555556,83.30000000000001,203,10,11.0,27.0,Overstock,0.0
90000C,OPAL WHITE/SILVER FLOWER NECKLACE,1,1.0,5.95,241,4,7.0,11.0,Overstock,0.0
90000D,COPPER/OLIVE GREEN FLOWER NECKLACE,25,1.9230769230769231,148.75,198,8,13.0,28.0,Overstock,0.0
90001A,ANTIQUE RASPBERRY FLOWER EARRINGS,4,1.3333333333333333,17.0,295,7,9.0,18.0,Overstock,0.0
90001B,ANTIQUE MID BLUE FLOWER EARRINGS,7,1.75,29.75,131,5,12.0,21.0,Overstock,0.0
90001C,ANTIQUE OPAL WHITE FLOWER EARRINGS,6,1.2,25.5,243,7,8.0,16.0,Overstock,0.0
90001D,ANTIQUE OLIVE GREEN FLOWER EARRINGS,16,2.2857142857142856,68.0,233,7,16.0,32.0,Overstock,0.0
90002A,FLOWER BURST SILVER RING OPAL,36,2.4,135.0,78,7,17.0,34.0,Overstock,0.0
90002B,FLOWER BURST SILVER RING ROSE,18,2.5714285714285716,67.5,128,5,18.0,31.0,Overstock,0.0
90002C,FLOWER BURST SILVER RING MIDN'T BLU,25,2.272727272727273,93.75,176,5,16.0,27.0,Overstock,0.0
90002D,FLOWER BURST SILVER RING CRYSTAL,91,4.333333333333333,316.25,210,6,30.0,56.0,Overstock,0.0
90002E,FLOWER BURST SILVER RING GREEN,15,1.875,56.25,219,9,13.0,30.0,Overstock,0.0
90003B,ROSE COLOUR PAIR HEART HAIR SLIDES,24,2.4,90.0,215,14,17.0,51.0,Overstock,0.0
90003C,MIDNIGHT BLUE PAIR HEART HAIR SLIDE,25,2.5,93.75,54,14,18.0,53.0,Healthy,0.0
90003D,CRYSTAL PAIR HEART HAIR SLIDES,35,2.3333333333333335,131.25,265,14,16.0,49.0,Overstock,0.0
90003E,GREEN PAIR HEART HAIR SLIDES,10,3.3333333333333335,37.5,256,4,23.0,36.0,Overstock,0.0
90004A,JADE GREEN PAIR ENAMEL HAIR SLIDES,1,1.0,3.75,123,12,7.0,19.0,Overstock,0.0
90005A,JADE GREEN ENAMEL HAIR COMB,36,5.142857142857143,70.2,26,6,36.0,67.0,Reorder,41.0
90010A,MIDNIGHT BLUE GLASS/SILVER BRACELET,31,2.2142857142857144,271.0,20,6,16.0,29.0,Reorder,9.0
90010B,BLACK/WHITE GLASS/SILVER BRACELET,45,2.6470588235294117,402.75,238,3,19.0,27.0,Overstock,0.0
90010E,AMBER GLASS/SILVER BRACELET,32,1.7777777777777777,279.95,249,12,12.0,33.0,Overstock,0.0
90011A,MIDNIGHT BLUE CRYSTAL DROP EARRINGS,2,1.0,5.9,191,10,7.0,17.0,Overstock,0.0
90011B,BLACK CRYSTAL DROP EARRINGS,9,2.25,26.550000000000004,106,3,16.0,23.0,Overstock,0.0
90011C,GREEN CRYSTAL DROP EARRINGS,6,6.0,17.700000000000003,60,10,42.0,102.0,Reorder,42.0
90011E,AMBER CRYSTAL DROP EARRINGS,1,1.0,2.95,142,9,7.0,16.0,Overstock,0.0
90012A,MIDNIGHT BLUE DROP CRYSTAL NECKLACE,8,4.0,23.6,197,11,28.0,72.0,Overstock,0.0
90012B,BLACK DROP CRYSTAL NECKLACE,13,4.333333333333333,45.35000000000001,82,10,30.0,73.0,Healthy,0.0
90013A,MIDNIGHT BLUE VINTAGE EARRINGS,41,4.1,153.75,184,7,29.0,58.0,Overstock,0.0
90013B,BLACK VINTAGE EARRINGS,20,4.0,75.0,206,10,28.0,68.0,Overstock,0.0
90013C,GREEN VINTAGE EARRINGS ,35,3.5,131.25,228,13,24.0,70.0,Overstock,0.0
90013D,PURPLE VINTAGE EARRINGS,34,4.25,127.5,246,12,30.0,81.0,Overstock,0.0
90014A,SILVER M.O.P. ORBIT NECKLACE,8,2.6666666666666665,23.6,67,14,19.0,56.0,Healthy,0.0
90014A,SILVER/MOP ORBIT NECKLACE,28,1.4736842105263157,278.59999999999997,243,14,10.0,31.0,Overstock,0.0
90014B,GOLD M PEARL  ORBIT NECKLACE,17,1.3076923076923077,169.14999999999998,22,5,9.0,16.0,Healthy,0.0
90014B,GOLD M.O.P. ORBIT NECKLACE,2,1.0,5.9,194,12,7.0,19.0,Overstock,0.0
90014C,SILVER AND BLACK ORBIT NECKLACE,1,1.0,2.95,118,9,7.0,16.0,Overstock,0.0
90014C,SILVER/BLACK ORBIT NECKLACE,22,1.6923076923076923,218.89999999999998,135,14,12.0,36.0,Overstock,0.0
90016A,SILVER/M.O.P PENDANT ORBIT NECKLACE,22,2.4444444444444446,148.75,289,6,17.0,32.0,Overstock,0.0
90016B,GOLD/M.O.P PENDANT ORBIT NECKLACE,22,1.2941176470588236,187.0,272,7,9.0,18.0,Overstock,0.0
90016C,SILVER/BLACK PENDANT ORBIT NECKLACE,6,1.5,51.0,114,11,10.0,26.0,Overstock,0.0
90018A,SILVER M.O.P ORBIT DROP EARRINGS,33,2.0625,140.25,292,9,14.0,33.0,Overstock,0.0
90018B,GOLD M.O.P ORBIT DROP EARRINGS,16,1.6,68.0,43,6,11.0,21.0,Overstock,0.0
90018C,SILVER BLACK ORBIT DROP EARRINGS,14,2.0,59.5,135,8,14.0,30.0,Overstock,0.0
90019A,SILVER M.O.P ORBIT BRACELET,32,1.8823529411764706,158.4,170,12,13.0,36.0,Overstock,0.0
90019B,GOLD M.O.P ORBIT BRACELET,11,1.5714285714285714,54.45,69,13,11.0,31.0,Overstock,0.0
90019C,SILVER BLACK ORBIT BRACELET,10,1.4285714285714286,49.5,225,9,10.0,23.0,Overstock,0.0
90024A,NEW BAROQUE B'FLY NECKLACE BLACK,5,1.25,42.5,98,12,9.0,24.0,Overstock,0.0
90024B,NEW BAROQUE B'FLY NECKLACE RED,9,1.5,76.5,89,11,10.0,26.0,Overstock,0.0
90024C,NEW BAROQUE B'FLY NECKLACE GREEN,6,1.2,51.0,46,6,8.0,15.0,Overstock,0.0
90024D,NEW BAROQUE B'FLY NECKLACE PINK,13,1.1818181818181819,110.5,290,12,8.0,22.0,Overstock,0.0
90024E,NEW BAROQUE B'FLY NECKLACE MONTANA,12,1.7142857142857142,102.0,69,5,12.0,21.0,Overstock,0.0
90024F,NEW BAROQUE B'FLY NECKLACE CRYSTAL,3,1.5,25.5,266,10,10.0,25.0,Overstock,0.0
90025A,BAROQUE BUTTERFLY EARRINGS BLACK,2,1.0,7.5,283,3,7.0,10.0,Overstock,0.0
90025B,BAROQUE BUTTERFLY EARRINGS RED,1,1.0,3.75,98,11,7.0,18.0,Overstock,0.0
90025C,BAROQUE BUTTERFLY EARRINGS GREEN,2,1.0,7.5,209,3,7.0,10.0,Overstock,0.0
90025D,BAROQUE BUTTERFLY EARRINGS PINK,2,1.0,7.5,66,4,7.0,11.0,Overstock,0.0
90025E,BAROQUE BUTTERFLY EARRINGS MONTANA,3,1.0,11.25,208,10,7.0,17.0,Overstock,0.0
90025F,BAROQUE BUTTERFLY EARRINGS CRYSTAL,2,1.0,7.5,275,11,7.0,18.0,Overstock,0.0
90026A,GLASS BEAD HOOP NECKLACE BLACK,8,1.3333333333333333,68.0,241,9,9.0,21.0,Overstock,0.0
90026B,GLASS BEAD HOOP NECKLACE MONTANA,7,1.1666666666666667,59.5,260,5,8.0,14.0,Overstock,0.0
90026C,GLASS BEAD HOOP NECKLACE GREEN,7,1.4,59.5,288,9,10.0,23.0,Overstock,0.0
90026D,GLASS BEAD HOOP NECKLACE AMETHYST,10,1.25,85.0,20,8,9.0,19.0,Healthy,0.0
90027A,GLASS BEAD HOOP EARRINGS BLACK,6,2.0,17.700000000000003,53,4,14.0,22.0,Overstock,0.0
90027B,GLASS BEAD HOOP EARRINGS MONTANA,7,1.75,20.650000000000002,98,5,12.0,21.0,Overstock,0.0
90027C,GLASS BEAD HOOP EARRINGS GREEN,4,2.0,11.8,255,13,14.0,40.0,Overstock,0.0
90027D,GLASS BEAD HOOP EARRINGS AMETHYST,12,2.0,35.400000000000006,117,14,14.0,42.0,Overstock,0.0
90030A,SPOTTED WHITE NATURAL SEED NECKLACE,77,9.625,101.75,101,12,67.0,182.0,Reorder,81.0
90030B,RED KUKUI COCONUT SEED NECKLACE,122,6.421052631578948,191.3,211,12,45.0,122.0,Healthy,0.0
90030C,BROWN KUKUI COCONUT SEED NECKLACE,81,8.1,115.65,272,14,57.0,170.0,Healthy,0.0
90035A,"PEARL & SHELL 42""NECKL. GREEN",17,1.8888888888888888,182.75,57,7,13.0,26.0,Overstock,0.0
90035B,"PEARL & SHELL 42""NECKL. PINK",43,10.75,380.89,33,12,75.0,204.0,Reorder,171.0
90035C,"PEARL & SHELL 42""NECKL. IVORY",28,5.6,301.0,228,6,39.0,73.0,Overstock,0.0
90036A,FLOWER GARLAND NECKLACE RED,21,1.5,166.95000000000002,108,4,10.0,16.0,Overstock,0.0
90036B,"FLOWER GLASS GARLAND NECKL.36""GREEN",17,1.8888888888888888,135.15,75,6,13.0,24.0,Overstock,0.0
90036C,"FLOWER GLASS GARLAND NECKL.36""BLUE",22,2.75,174.9,113,14,19.0,58.0,Healthy,0.0
90036D,"FLOWER GLASS GARLAND NECKL.36""BLACK",34,2.8333333333333335,270.3,112,10,20.0,48.0,Overstock,0.0
90036E,"FLOWER GLASS GARLD NECKL36""AMETHYST",18,1.6363636363636365,143.1,104,7,11.0,22.0,Overstock,0.0
90036F,"FLOWER GLASS GARLD NECKL36""TURQUOIS",13,3.25,103.35000000000001,264,7,23.0,46.0,Overstock,0.0
90037A,TINY CRYSTAL BRACELET RED,18,4.5,45.9,41,14,32.0,95.0,Reorder,54.0
90037B,TINY CRYSTAL BRACELET GREEN,23,4.6,58.65,291,14,32.0,96.0,Overstock,0.0
90037C,TINY CRYSTAL BRACELET BLUE,17,4.25,43.349999999999994,141,12,30.0,81.0,Healthy,0.0
90037D,TINY CRYSTALS BRACELET BLACK,6,6.0,15.299999999999999,147,5,42.0,72.0,Overstock,0.0
90038A,GLASS AND PAINTED BEADS BRACELET TO,18,4.5,67.5,132,10,32.0,77.0,Healthy,0.0
90038B,GLASS AND PAINTED BEADS BRACELET OL,10,5.0,37.5,292,8,35.0,75.0,Overstock,0.0
90038C,GLASS AND BEADS BRACELET IVORY,13,4.333333333333333,48.75,149,4,30.0,47.0,Overstock,0.0
90039A,FIRE POLISHED GLASS BRACELET RED,7,3.5,26.25,151,4,24.0,38.0,Overstock,0.0
90039B,FIRE POLISHED GLASS BRACELET MONTAN,13,4.333333333333333,48.75,104,11,30.0,78.0,Healthy,0.0
90039C,FIRE POLISHED GLASS BRACELET BLACK,14,4.666666666666667,52.5,100,9,33.0,75.0,Healthy,0.0
90039D,FIRE POLISHED GLASS BRACELET GREEN,22,4.4,82.5,88,12,31.0,84.0,Healthy,0.0
90040A,MURANO STYLE GLASS BRACELET RED,23,2.3,80.5,167,11,16.0,41.0,Overstock,0.0
90040B,MURANO STYLE GLASS BRACELET BLACK,46,2.7058823529411766,161.0,35,8,19.0,41.0,Reorder,6.0
90040C,MURANO STYLE GLASS BRACELET GOLD,29,2.9,101.5,124,7,20.0,40.0,Overstock,0.0
90040D,MURANO STYLE GLASS BRACELET PINK,26,2.6,91.0,184,14,18.0,54.0,Overstock,0.0
90042A,FRESHWATER PEARL BRACELET GOLD,27,3.857142857142857,68.85,220,3,27.0,39.0,Overstock,0.0
90042B,FRESHWATER PEARL BRACELET PINK,15,3.0,38.25,216,14,21.0,63.0,Overstock,0.0
90042C,FRESHWATER PEARL BRACELET IVORY,35,4.375,89.25,204,8,31.0,66.0,Overstock,0.0
90058A,CRYSTAL STUD EARRINGS CLEAR DISPLAY,576,44.30769230769231,218.88,284,8,310.0,664.0,Reorder,380.0
90058B,CRYSTAL STUD EARRINGS ASSORTED COL ,1081,38.607142857142854,508.7,119,5,270.0,463.0,Reorder,344.0
90059A,DIAMANTE HAIR GRIP PACK/2 CRYSTAL,18,6.0,29.699999999999996,233,5,42.0,72.0,Overstock,0.0
90059B,DIAMANTE HAIR GRIP PACK/2 BLACK DIA,15,3.75,24.749999999999996,297,5,26.0,45.0,Overstock,0.0
90059C,DIAMANTE HAIR GRIP PACK/2 MONTANA,24,3.4285714285714284,39.599999999999994,181,5,24.0,41.0,Overstock,0.0
90059D,DIAMANTE HAIR GRIP PACK/2 PERIDOT,26,5.2,42.89999999999999,176,9,36.0,83.0,Overstock,0.0
90059E,DIAMANTE HAIR GRIP PACK/2 RUBY,21,3.0,34.65,270,12,21.0,57.0,Overstock,0.0
90059F,DIAMANTE HAIR GRIP PACK/2 LT ROSE,21,4.2,34.65,116,13,29.0,84.0,Healthy,0.0
90060B,FIRE POLISHED GLASS NECKL GOLD,6,1.5,35.7,37,4,10.0,16.0,Overstock,0.0
90060C,FIRE POLISHED GLASS NECKL SILVER,7,2.3333333333333335,41.65,116,12,16.0,44.0,Overstock,0.0
90060D,FIRE POLISHED GLASS NECKL BRONZE,11,1.5714285714285714,65.45,20,12,11.0,30.0,Reorder,10.0
90060F,FIRE POLISHED GLASS NECKL GREEN,17,2.4285714285714284,101.15,235,4,17.0,27.0,Overstock,0.0
90063A,WHITE VINT ART DECO CRYSTAL NECKLAC,18,1.8,153.0,151,5,13.0,22.0,Overstock,0.0
90063B,BLACK VINT ART DEC CRYSTAL NECKLACE,15,1.6666666666666667,127.5,279,12,12.0,32.0,Overstock,0.0
90064A,WHITE VINTAGE CRYSTAL EARRINGS,11,2.75,41.25,144,14,19.0,58.0,Overstock,0.0
90064B,BLACK VINTAGE  CRYSTAL EARRINGS,17,1.8888888888888888,63.75,101,9,13.0,30.0,Overstock,0.0
90065A,WHITE VINTAGE CRYSTAL BRACELET,17,2.4285714285714284,114.75,190,5,17.0,29.0,Overstock,0.0
90065B,BLACK VINT ART DEC CRYSTAL BRACELET,8,1.3333333333333333,54.0,78,9,9.0,21.0,Overstock,0.0
90066A,PINK VINTAGE VICTORIAN CHOKER,5,2.5,33.75,51,11,18.0,46.0,Healthy,0.0
90067A,PINK VINTAGE VICTORIAN EARRINGS,25,3.125,73.75000000000001,180,13,22.0,63.0,Overstock,0.0
90067B,BROWN VINTAGE VICTORIAN EARRINGS,12,6.0,35.400000000000006,125,12,42.0,114.0,Healthy,0.0
90081A,LILY BROOCH AMETHYST COLOUR,48,2.0869565217391304,237.60000000000002,124,14,15.0,44.0,Overstock,0.0
90081B,LILY BROOCH WHITE/SILVER COLOUR,6,3.0,29.700000000000003,247,13,21.0,60.0,Overstock,0.0
90081C,LILY BROOCH OLIVE COLOUR,27,2.076923076923077,133.65,207,6,15.0,27.0,Overstock,0.0
90082A,DIAMANTE BOW BROOCH GREEN COLOUR,42,2.1,266.7,89,9,15.0,34.0,Overstock,0.0
90082B,DIAMANTE BOW BROOCH RED COLOUR,57,2.375,361.95,106,11,17.0,43.0,Overstock,0.0
90082C,DIAMANTE BOW BROOCH WHITE COLOUR,1,1.0,6.35,75,10,7.0,17.0,Overstock,0.0
90082D,DIAMANTE BOW BROOCH BLACK COLOUR,83,2.3714285714285714,527.05,132,10,17.0,41.0,Overstock,0.0
90120A,PINK MURANO TWIST BRACELET,68,3.238095238095238,289.0,32,11,23.0,59.0,Reorder,27.0
90120B,BLUE MURANO TWIST BRACELET,77,3.6666666666666665,325.5,37,7,26.0,52.0,Reorder,15.0
90120C,GREEN MURANO TWIST BRACELET,61,3.588235294117647,259.25,201,7,25.0,50.0,Overstock,0.0
90120D,WHITE MURANO TWIST BRACELET,102,5.1,418.25,132,5,36.0,62.0,Overstock,0.0
90121B,VINTAGE ROSE BEAD BRACELET BLUE,19,2.111111111111111,80.75,248,7,15.0,30.0,Overstock,0.0
90122A,PINK CRYSTAL+GLASS BRACELET,36,2.5714285714285716,178.20000000000002,190,10,18.0,44.0,Overstock,0.0
90122B,JADE CRYSTAL+GLASS BRACELET,34,2.4285714285714284,168.3,208,14,17.0,51.0,Overstock,0.0
90122C,TURQUOISE CRYSTAL+GLASS BRACELET,38,2.533333333333333,188.10000000000002,98,7,18.0,36.0,Overstock,0.0
90123A,PINK HEART OF GLASS BRACELET,35,1.9444444444444444,208.25,165,6,14.0,26.0,Overstock,0.0
90123B,TURQUOISE HEART OF GLASS BRACELET,24,2.1818181818181817,142.8,201,10,15.0,37.0,Overstock,0.0
90123C,GREEN HEART OF GLASS BRACELET,24,2.6666666666666665,142.8,269,9,19.0,43.0,Overstock,0.0
90123D,WHITE HEART OF GLASS BRACELET,23,2.875,136.85000000000002,215,8,20.0,43.0,Overstock,0.0
90124A,PINK MURANO TWIST NECKLACE,26,1.625,258.7,90,7,11.0,22.0,Overstock,0.0
90124B,BLUE MURANO TWIST NECKLACE,20,1.8181818181818181,198.99999999999997,267,7,13.0,26.0,Overstock,0.0
90124C,GREEN MURANO TWIST NECKLACE,14,1.75,139.29999999999998,165,12,12.0,33.0,Overstock,0.0
90125A,PINK BERTIE GLASS BEAD BAG CHARM,140,11.666666666666666,159.0,125,4,82.0,129.0,Reorder,4.0
90125B,AQUA BERTIE GLASS BEAD BAG CHARM,31,5.166666666666667,50.1,282,6,36.0,67.0,Overstock,0.0
90125C,TURQUOISE BERTIE GLASS BEAD CHARM,88,14.666666666666666,94.8,89,10,103.0,250.0,Reorder,161.0
90125D,PURPLE BERTIE GLASS BEAD BAG CHARM,102,9.272727272727273,124.2,212,10,65.0,158.0,Healthy,0.0
90125E,AMBER BERTIE GLASS BEAD BAG CHARM,2,1.0,4.2,87,13,7.0,20.0,Overstock,0.0
90126A,PINK BERTIE MOBILE PHONE CHARM,18,4.5,30.42,71,3,32.0,46.0,Healthy,0.0
90126C,AMBER BERTIE MOBILE PHONE CHARM,17,8.5,28.73,28,4,60.0,94.0,Reorder,66.0
90127A,PINK BEADS+HAND PHONE CHARM,12,12.0,15.0,270,7,84.0,168.0,Healthy,0.0
90127B,BLUE BEADS+HAND PHONE CHARM,2,1.0,2.5,203,11,7.0,18.0,Overstock,0.0
90128A,PINK LEAVES AND BEADS PHONE CHARM,17,3.4,21.25,198,12,24.0,65.0,Overstock,0.0
90128B,BLUE LEAVES AND BEADS PHONE CHARM,17,3.4,21.25,217,13,24.0,68.0,Overstock,0.0
90128C,GREEN LEAVES AND BEADS PHONE CHARM,14,4.666666666666667,17.5,147,14,33.0,98.0,Healthy,0.0
90128D,PURPLE LEAVES AND BEADS PHONE CHAR,3,1.5,3.75,39,13,10.0,30.0,Healthy,0.0
90129A,PINK GLASS TASSLE BAG CHARM ,35,2.1875,103.25,84,9,15.0,35.0,Overstock,0.0
90129B,TURQUOISE GLASS TASSLE BAG CHARM ,65,3.611111111111111,191.75000000000003,201,12,25.0,68.0,Overstock,0.0
90129C,GREEN GLASS TASSLE BAG CHARM,50,2.9411764705882355,147.5,260,7,21.0,42.0,Overstock,0.0
90129D,AMBER GLASS TASSLE BAG CHARM,37,3.0833333333333335,109.15000000000002,43,3,22.0,31.0,Healthy,0.0
90129E,PURPLE GLASS TASSLE BAG CHARM,37,3.3636363636363638,109.15,102,8,24.0,51.0,Healthy,0.0
90129F,RED GLASS TASSLE BAG CHARM,35,2.5,103.25000000000001,204,14,18.0,53.0,Overstock,0.0
90130A,WHITE STONE/CRYSTAL EARRINGS,18,3.0,53.10000000000001,118,10,21.0,51.0,Overstock,0.0
90130B,TURQ STONE/CRYSTAL EARRINGS,15,3.75,44.25000000000001,81,9,26.0,60.0,Healthy,0.0
90130C,GREEN STONE/CRYSTAL EARRINGS,2,1.0,5.9,41,4,7.0,11.0,Overstock,0.0
90130D,RED STONE/CRYSTAL EARRINGS,6,6.0,17.700000000000003,231,14,42.0,126.0,Healthy,0.0
90135A,ORANGE/FUSCHIA STONES NECKLACE,9,4.5,44.550000000000004,145,7,32.0,64.0,Overstock,0.0
90141A,GREEN PENDANT TRIPLE SHELL NECKLACE,7,1.75,34.650000000000006,61,13,12.0,35.0,Healthy,0.0
90141B,IVORY PENDANT TRIPLE SHELL NECKLACE,6,3.0,29.700000000000003,117,6,21.0,39.0,Overstock,0.0
90141C,TURQ PENDANT TRIPLE SHELL NECKLACE,7,1.75,34.650000000000006,50,11,12.0,31.0,Healthy,0.0
90141D,ROSE PENDANT TRIPLE SHELL NECKLACE,3,3.0,14.850000000000001,177,12,21.0,57.0,Overstock,0.0
90141E,ORANGE PENDANT TRIPLE SHELL NECKLAC,7,2.3333333333333335,34.650000000000006,131,3,16.0,23.0,Overstock,0.0
90142D,MOP PENDANT SHELL NECKLACE,10,2.5,49.5,266,14,18.0,53.0,Overstock,0.0
90152A,SILVER/NAT SHELL NECKLACE W PENDANT,4,1.0,23.8,141,8,7.0,15.0,Overstock,0.0
90152B,BLUE/GREEN SHELL NECKLACE W PENDANT,5,1.25,29.75,292,5,9.0,15.0,Overstock,0.0
90152C,BLUE/NAT SHELL NECKLACE W PENDANT,7,1.75,41.650000000000006,226,13,12.0,35.0,Overstock,0.0
90160A,PURPLE BOUDICCA LARGE BRACELET,44,2.2,305.8,129,11,15.0,39.0,Overstock,0.0
90160B,RED BOUDICCA LARGE BRACELET,60,2.608695652173913,412.55,297,7,18.0,36.0,Overstock,0.0
90160C,TURQ+RED BOUDICCA LARGE BRACELET,81,2.53125,562.95,75,8,18.0,38.0,Healthy,0.0
90160D,PINK BOUDICCA LARGE BRACELET,69,3.2857142857142856,479.55,76,13,23.0,66.0,Healthy,0.0
90161A,ANT COPPER RED BOUDICCA BRACELET,39,2.7857142857142856,193.05,133,11,20.0,51.0,Overstock,0.0
90161B,ANT COPPER TURQ BOUDICCA BRACELET,87,3.3461538461538463,430.65000000000003,217,11,23.0,60.0,Overstock,0.0
90161C,ANT COPPER LIME BOUDICCA BRACELET,99,2.911764705882353,490.05,198,10,20.0,49.0,Overstock,0.0
90161D,ANT COPPER PINK BOUDICCA BRACELET,74,3.0833333333333335,363.85,238,11,22.0,56.0,Overstock,0.0
90162A,ANT SILVER TURQUOISE BOUDICCA RING,29,2.9,85.55000000000001,296,6,20.0,37.0,Overstock,0.0
90162B,ANT SILVER LIME GREEN BOUDICCA RING,54,2.8421052631578947,159.3,35,8,20.0,43.0,Reorder,8.0
90162C,ANT SILVER FUSCHIA BOUDICCA RING,42,2.625,123.90000000000002,80,7,18.0,36.0,Overstock,0.0
90162D,ANT SILVER PURPLE BOUDICCA RING,26,2.1666666666666665,76.7,73,7,15.0,30.0,Overstock,0.0
90163A,PINK ROSEBUD & PEARL NECKLACE,12,2.4,90.0,187,6,17.0,31.0,Overstock,0.0
90163B,WHITE ROSEBUD & PEARL NECKLACE,4,2.0,30.0,45,4,14.0,22.0,Overstock,0.0
90164A,PINK ROSEBUD PEARL BRACELET,21,3.0,85.35,84,14,21.0,63.0,Healthy,0.0
90164B,WHITE  ROSEBUD PEARL BRACELET,30,3.75,80.7,119,8,26.0,56.0,Overstock,0.0
90165A,PINK ROSEBUD PEARL EARRINGS,12,6.0,30.599999999999998,93,11,42.0,108.0,Reorder,15.0
90165B,WHITE ROSEBUD  PEARL EARRINGS,20,3.3333333333333335,51.0,211,14,23.0,70.0,Overstock,0.0
90175A,WHITE GLASS CHUNKY CHARM BRACELET,69,2.4642857142857144,611.0999999999999,190,3,17.0,24.0,Overstock,0.0
90175B,PINK GLASS CHUNKY CHARM BRACELET,15,2.142857142857143,127.79999999999998,292,9,15.0,34.0,Overstock,0.0
90175C,BLUE GLASS CHUNKY CHARM BRACELET,34,2.0,304.29999999999995,206,8,14.0,30.0,Overstock,0.0
90175D,TIGRIS EYE CHUNKY CHARM BRACELET,28,1.8666666666666667,250.59999999999997,42,5,13.0,22.0,Healthy,0.0
90176A,CLASSIC DIAMANTE NECKLACE JET,5,1.6666666666666667,37.5,200,3,12.0,17.0,Overstock,0.0
90176B,DIAMANTE NECKLACE BLACK ,3,1.5,22.5,127,6,10.0,19.0,Overstock,0.0
90176C,DIAMANTE NECKLACE,8,2.0,60.0,181,11,14.0,36.0,Overstock,0.0
90176D,DIAMANTE NECKLACE PURPLE,10,1.6666666666666667,75.0,225,4,12.0,19.0,Overstock,0.0
90176E,DIAMANTE NECKLACE GREEN,3,1.5,22.5,97,5,10.0,18.0,Overstock,0.0
90177A,CLASSIC DIAMANTE EARRINGS JET,7,3.5,20.650000000000002,35,4,24.0,38.0,Reorder,3.0
90177B,DROP DIAMANTE EARRINGS BLACK DIAMON,15,3.0,44.25,115,4,21.0,33.0,Overstock,0.0
90177C,DROP DIAMANTE EARRINGS CRYSTAL,16,2.6666666666666665,47.2,166,12,19.0,51.0,Overstock,0.0
90177D,DROP DIAMANTE EARRINGS PURPLE,31,3.1,91.45000000000002,21,13,22.0,62.0,Reorder,41.0
90177E,DROP DIAMANTE EARRINGS GREEN,8,2.6666666666666665,23.6,29,13,19.0,54.0,Reorder,25.0
90178A,AMBER CHUNKY GLASS+BEAD NECKLACE,21,1.4,250.95,144,10,10.0,24.0,Overstock,0.0
90178B,PURPLE CHUNKY GLASS+BEAD NECKLACE,14,1.5555555555555556,167.29999999999998,100,5,11.0,19.0,Overstock,0.0
90179A,AMBER FINE BEAD NECKLACE W TASSEL,8,1.6,47.6,159,9,11.0,25.0,Overstock,0.0
90179B,PURPLE FINE BEAD NECKLACE W TASSEL,7,1.4,41.65,169,10,10.0,24.0,Overstock,0.0
90179C,BLACK FINE BEAD NECKLACE W TASSEL,10,1.4285714285714286,59.5,148,5,10.0,17.0,Overstock,0.0
90180A,BLACK+WHITE NECKLACE W TASSEL,35,1.8421052631578947,306.25,258,4,13.0,20.0,Overstock,0.0
90180B,PURPLE AMETHYST NECKLACE W TASSEL,14,1.4,139.29999999999998,77,10,10.0,24.0,Overstock,0.0
90181A,AMBER GLASS/SHELL/PEARL NECKLACE,3,1.0,26.849999999999998,217,5,7.0,12.0,Overstock,0.0
90182C,BLACK 3 BEAD DROP EARRINGS,8,4.0,23.6,230,9,28.0,64.0,Overstock,0.0
90183A,AMBER DROP EARRINGS W LONG BEADS,26,4.333333333333333,76.70000000000002,64,14,30.0,91.0,Reorder,27.0
90183C,BLACK DROP EARRINGS W LONG BEADS,2,1.0,5.9,116,3,7.0,10.0,Overstock,0.0
90184A,AMBER CHUNKY BEAD BRACELET W STRAP,29,2.4166666666666665,259.55,298,14,17.0,51.0,Overstock,0.0
90184B,AMETHYST CHUNKY BEAD BRACELET W STR,46,1.7692307692307692,411.7,42,8,12.0,26.0,Healthy,0.0
90184C,BLACK CHUNKY BEAD BRACELET W STRAP,48,1.8461538461538463,429.59999999999997,63,14,13.0,39.0,Healthy,0.0
90185A,AMBER DIAMANTE EXPANDABLE RING,36,4.0,153.0,46,14,28.0,84.0,Reorder,38.0
90185B,AMETHYST DIAMANTE EXPANDABLE RING,44,3.3846153846153846,187.0,116,11,24.0,61.0,Healthy,0.0
90185C,BLACK DIAMANTE EXPANDABLE RING,51,2.6842105263157894,216.75,55,14,19.0,57.0,Reorder,2.0
90185D,CRYSTAL DIAMANTE EXPANDABLE RING,48,3.0,204.0,128,5,21.0,36.0,Overstock,0.0
90186A,AMETHYST HOOP EARRING FLORAL LEAF,48,3.0,141.60000000000002,74,9,21.0,48.0,Healthy,0.0
90186B,CRYSTAL HOOP EARRING FLORAL LEAF,36,2.769230769230769,106.20000000000002,211,8,19.0,41.0,Overstock,0.0
90187A,BLUE DROP EARRINGS W BEAD CLUSTER,2,2.0,6.7,238,10,14.0,34.0,Overstock,0.0
90187B,GREEN DROP EARRINGS W BEAD CLUSTER,6,3.0,20.1,204,5,21.0,36.0,Overstock,0.0
90189A,SILVER 2 STRAND NECKLACE-LEAF CHARM,8,1.6,60.0,88,5,11.0,19.0,Overstock,0.0
90189B,GOLD 2 STRAND NECKLACE-LEAF CHARMS,3,1.5,22.5,149,6,10.0,19.0,Overstock,0.0
90190A,SILVER/CRYSTAL DROP EARRINGS W LEAF,18,2.25,53.10000000000001,74,5,16.0,27.0,Overstock,0.0
90190B,GOLD/AMBER DROP EARRINGS W LEAF,34,5.666666666666667,100.30000000000001,116,11,40.0,102.0,Healthy,0.0
90190C,SILVER/AMETHYST DROP EARRINGS LEAF,29,2.9,85.55000000000001,106,13,20.0,58.0,Healthy,0.0
90195A,PURPLE GEMSTONE BRACELET,51,1.9615384615384615,408.45,138,6,14.0,26.0,Overstock,0.0
90195B,BLACK GEMSTONE BRACELET,45,2.25,396.75,227,8,16.0,34.0,Overstock,0.0
90196A,PURPLE GEMSTONE NECKLACE 45CM,17,1.8888888888888888,216.75,173,10,13.0,32.0,Overstock,0.0
90196B,BLACK GEMSTONE NECKLACE 45CM,15,1.5,191.25,54,13,10.0,30.0,Healthy,0.0
90197B,BLACK GLASS BRACELET W HEART CHARMS,6,3.0,29.700000000000003,98,10,21.0,51.0,Healthy,0.0
90197D,AMBER GLASS BRACELET HEART CHARMS,9,2.25,44.550000000000004,86,7,16.0,32.0,Overstock,0.0
90198A,VINTAGE ROSE BEAD BRACELET RASPBERR,74,2.8461538461538463,314.5,53,7,20.0,40.0,Healthy,0.0
90198B,VINTAGE ROSE BEAD BRACELET BLACK,85,2.65625,361.25,116,8,19.0,40.0,Overstock,0.0
90199A,5 STRAND GLASS NECKLACE BLACK,15,1.6666666666666667,95.25,188,12,12.0,32.0,Overstock,0.0
90199B,5 STRAND GLASS NECKLACE AMETHYST,17,1.4166666666666667,107.94999999999999,188,9,10.0,23.0,Overstock,0.0
90199C,5 STRAND GLASS NECKLACE CRYSTAL,94,3.357142857142857,553.9,170,12,24.0,64.0,Overstock,0.0
90199D,5 STRAND GLASS NECKLACE AMBER,15,1.6666666666666667,95.25,90,9,12.0,27.0,Overstock,0.0
90200A,PURPLE SWEETHEART BRACELET,118,2.744186046511628,501.5,22,6,19.0,35.0,Reorder,13.0
90200B,BLACK SWEETHEART BRACELET,141,3.1333333333333333,599.25,51,8,22.0,47.0,Healthy,0.0
90200C,BLUE SWEETHEART BRACELET,133,3.2439024390243905,565.25,101,9,23.0,52.0,Healthy,0.0
90200D,PINK SWEETHEART BRACELET,199,3.618181818181818,833.75,62,7,25.0,50.0,Healthy,0.0
90200E,GREEN SWEETHEART BRACELET,170,3.207547169811321,710.5,124,7,22.0,44.0,Overstock,0.0
90201A,PURPLE ENAMEL FLOWER RING,91,4.55,268.45000000000005,20,4,32.0,50.0,Reorder,30.0
90201B,BLACK ENAMEL FLOWER RING,107,5.944444444444445,315.65000000000003,80,9,42.0,96.0,Reorder,16.0
90201C,RED ENAMEL FLOWER RING,89,4.684210526315789,262.55,289,14,33.0,99.0,Overstock,0.0
90201D,GREEN ENAMEL FLOWER RING,83,5.1875,244.85000000000002,199,8,36.0,78.0,Overstock,0.0
90202A,PURPLE ENAMEL FLOWER HAIR TIE,8,2.6666666666666665,23.6,243,13,19.0,54.0,Overstock,0.0
90202B,WHITE ENAMEL FLOWER HAIR TIE,9,3.0,26.550000000000004,25,3,21.0,30.0,Reorder,5.0
90202C,GREEN ENAMEL FLOWER HAIR TIE,9,2.25,26.550000000000004,122,6,16.0,30.0,Overstock,0.0
90202D,PINK ENAMEL FLOWER HAIR TIE,26,5.2,76.70000000000002,29,5,36.0,62.0,Reorder,33.0
90205A,LARGE MINT DIAMANTE HAIRSLIDE,16,2.6666666666666665,26.4,90,14,19.0,56.0,Healthy,0.0
90205C,LARGE CRYSTAL DIAMANTE HAIRSLIDE,46,9.2,68.69999999999999,109,5,64.0,110.0,Reorder,1.0
90206A,GOLD DIAMANTE STAR BROOCH,10,1.6666666666666667,49.5,245,9,12.0,27.0,Overstock,0.0
90206C,CRYSTAL DIAMANTE STAR BROOCH,21,1.9090909090909092,103.95,177,13,13.0,38.0,Overstock,0.0
90209A,PURPLE ENAMEL+GLASS HAIR COMB,173,17.3,325.5,247,14,121.0,363.0,Reorder,116.0
90209B,GREEN ENAMEL+GLASS HAIR COMB,248,13.052631578947368,453.6,145,12,91.0,248.0,Reorder,103.0
90209C,PINK ENAMEL+GLASS HAIR COMB,330,13.75,609.0,228,6,96.0,178.0,Healthy,0.0
90210A,GREY ACRYLIC FACETED BANGLE,78,6.5,179.70000000000002,116,14,46.0,137.0,Reorder,21.0
90210B,CLEAR ACRYLIC FACETED BANGLE,95,5.588235294117647,211.25,93,10,39.0,95.0,Reorder,2.0
90210C,RED   ACRYLIC FACETED BANGLE,113,12.555555555555555,171.95000000000002,134,13,88.0,251.0,Reorder,117.0
90210D,PURPLE ACRYLIC FACETED BANGLE,131,10.916666666666666,204.65,210,11,76.0,196.0,Healthy,0.0
90211A,DIAMOND LAS VEGAS NECKLACE 45CM,9,1.8,53.550000000000004,189,5,13.0,22.0,Overstock,0.0
90211B,JET BLACK LAS VEGAS NECKLACE 45CM,16,2.0,95.2,223,7,14.0,28.0,Overstock,0.0
90212B,JET BLACK LAS VEGAS BRACELET ROUND,16,2.2857142857142856,60.0,75,6,16.0,30.0,Overstock,0.0
90212C,PURPLE LAS VEGAS BRACELET ROUND,13,2.6,48.75,227,14,18.0,54.0,Overstock,0.0
90214A,"LETTER ""A"" BLING KEY RING",127,2.8222222222222224,135.71,60,12,20.0,54.0,Healthy,0.0
90214B,"LETTER ""B"" BLING KEY RING",47,2.9375,47.23,51,8,21.0,44.0,Healthy,0.0
90214C,"LETTER ""C"" BLING KEY RING",114,3.257142857142857,117.53999999999999,34,13,23.0,65.0,Reorder,31.0
90214D,"LETTER ""D"" BLING KEY RING",65,3.4210526315789473,58.21,81,12,24.0,65.0,Healthy,0.0
90214E,"LETTER ""E"" BLING KEY RING",95,2.878787878787879,94.75,174,6,20.0,37.0,Overstock,0.0
90214F,"LETTER ""F"" BLING KEY RING",29,2.230769230769231,23.77,228,10,16.0,38.0,Overstock,0.0
90214G,"LETTER ""G"" BLING KEY RING",69,3.2857142857142856,62.25,206,5,23.0,39.0,Overstock,0.0
90214H,"LETTER ""H"" BLING KEY RING",50,2.1739130434782608,50.019999999999996,149,13,15.0,43.0,Overstock,0.0
90214I,"LETTER ""I"" BLING KEY RING",44,3.6666666666666665,42.519999999999996,146,7,26.0,52.0,Overstock,0.0
90214J,"LETTER ""J"" BLING KEY RING",81,2.7,89.73,133,3,19.0,27.0,Overstock,0.0
90214K,"LETTER ""K"" BLING KEY RING",109,2.422222222222222,112.25,218,8,17.0,36.0,Overstock,0.0
90214L,"LETTER ""L"" BLING KEY RING",114,3.9310344827586206,107.94,32,13,28.0,79.0,Reorder,47.0
90214M,"LETTER ""M"" BLING KEY RING",79,2.7241379310344827,87.23,290,7,19.0,38.0,Overstock,0.0
90214N,"LETTER ""N"" BLING KEY RING",49,2.5789473684210527,48.769999999999996,108,10,18.0,44.0,Overstock,0.0
90214O,"LETTER ""O"" BLING KEY RING",31,2.3846153846153846,27.23,234,11,17.0,43.0,Overstock,0.0
90214P,"LETTER ""P"" BLING KEY RING",58,3.2222222222222223,48.5,297,10,23.0,55.0,Overstock,0.0
90214R,"LETTER ""R"" BLING KEY RING",52,2.736842105263158,52.519999999999996,222,10,19.0,46.0,Overstock,0.0
90214S,"LETTER ""S"" BLING KEY RING",111,3.1714285714285713,114.75,93,14,22.0,66.0,Healthy,0.0
90214T,"LETTER ""T"" BLING KEY RING",43,3.5833333333333335,42.23,44,5,25.0,43.0,Healthy,0.0
90214U,"LETTER ""U"" BLING KEY RING",13,6.5,4.7299999999999995,120,6,46.0,85.0,Healthy,0.0
90214V,"LETTER ""V"" BLING KEY RING",21,2.3333333333333335,14.73,195,13,16.0,46.0,Overstock,0.0
90214W,"LETTER ""W"" BLING KEY RING",14,4.666666666666667,5.9799999999999995,136,6,33.0,61.0,Overstock,0.0
90214Y,"LETTER ""Y"" BLING KEY RING",63,12.6,21.15,185,13,88.0,252.0,Reorder,67.0
90214Z,"LETTER ""Z"" BLING KEY RING",17,3.4,9.73,60,7,24.0,48.0,Healthy,0.0
ADJUST,Adjustment by john on 26/01/2010 16,18,1.0,2107.41,139,11,7.0,18.0,Overstock,0.0
ADJUST,Adjustment by john on 26/01/2010 17,14,1.0,1431.1100000000001,116,14,7.0,21.0,Overstock,0.0
ADJUST2,Adjustment by Peter on Jun 25 2010 ,3,1.0,731.0500000000001,164,11,7.0,18.0,Overstock,0.0
BANK CHARGES, Bank Charges,2,1.0,30.0,235,12,7.0,19.0,Overstock,0.0
BANK CHARGES,Bank Charges,29,1.0,420.001,248,14,7.0,21.0,Overstock,0.0
C2,CARRIAGE,249,1.0040322580645162,12546.0,149,3,7.0,10.0,Overstock,0.0
D,Discount,196,39.2,397.89,156,10,274.0,666.0,Reorder,510.0
DOT,DOTCOM POSTAGE,16,1.0,11906.36,292,3,7.0,10.0,Overstock,0.0
M,Manual,9384,13.779735682819384,151777.67,136,4,96.0,151.0,Reorder,15.0
PADS,PADS TO MATCH ALL CUSHIONS,17,1.0,0.017,113,9,7.0,16.0,Overstock,0.0
POST,POSTAGE,5235,2.9034941763727122,124648.04,187,10,20.0,49.0,Overstock,0.0
SP1002,KID'S CHALKBOARD/EASEL,5,2.5,14.75,222,3,18.0,26.0,Overstock,0.0
TEST001,This is a test product.,50,5.555555555555555,225.0,168,5,39.0,67.0,Overstock,0.0
TEST002,This is a test product.,1,1.0,1.0,202,9,7.0,16.0,Overstock,0.0
